#,"Date Time, GMT-04:00",LowRange,HighRange,temp,Coupler Detached (LGR S/N: 20636185),Coupler Attached (LGR S/N: 20636185),Salinity.factory.calibration (ppt),Specific Conductance.factory.calibration (Î¼S/cm)
1,06/02/23 10:00:00 AM,0.0,0.0,24.38,Logged,,0.0,0.0
2,06/02/23 10:10:00 AM,0.0,0.0,24.84,,,0.0,0.0
3,06/02/23 10:20:00 AM,0.0,0.0,25.2,,,0.0,0.0
4,06/02/23 10:30:00 AM,0.0,0.0,26.51,,,0.0,0.0
5,06/02/23 10:40:00 AM,0.0,0.0,26.41,,,0.0,0.0
6,06/02/23 10:50:00 AM,0.0,0.0,27.09,,,0.0,0.0
7,06/02/23 11:00:00 AM,0.0,0.0,31.18,,,0.0,0.0
8,06/02/23 11:10:00 AM,33594.4,30064.6,22.22,,,14.771247659812165,31819.99731474102
9,06/02/23 11:20:00 AM,33594.4,30697.7,21.81,,,15.455914525563147,32768.24569153949
10,06/02/23 11:30:00 AM,33594.4,30687.6,21.7,,,15.502514917702532,32833.00766216894
11,06/02/23 11:40:00 AM,33594.4,30685.1,21.73,,,15.485684726723916,32809.71170479175
12,06/02/23 11:50:00 AM,33594.4,30712.8,21.73,,,15.507297907691166,32839.28331026721
13,06/02/23 12:00:00 PM,33594.4,30730.4,21.75,,,15.511106348690832,32844.314457225555
14,06/02/23 12:10:00 PM,33594.4,30738.0,21.75,,,15.517036159552967,32852.42462527116
15,06/02/23 12:20:00 PM,33594.4,30760.8,21.78,,,15.519931046542252,32856.116288245306
16,06/02/23 12:30:00 PM,33594.4,30735.5,21.78,,,15.50020470039639,32829.1345229457
17,06/02/23 12:40:00 PM,33594.4,30722.9,21.8,,,15.480480451103563,32801.96623339679
18,06/02/23 12:50:00 PM,33594.4,30722.9,21.84,,,15.460701072670563,32774.53358983268
19,06/02/23 01:00:00 PM,33594.4,30788.6,21.89,,,15.487086256139822,32810.20693480189
20,06/02/23 01:10:00 PM,33594.4,30796.2,21.9,,,15.488050641412995,32811.43783499977
21,06/02/23 01:20:00 PM,33594.4,30770.9,21.97,,,15.43387157102991,32736.634566140347
22,06/02/23 01:30:00 PM,33594.4,30854.6,22.12,,,15.424930927813326,32723.05888069521
23,06/02/23 01:40:00 PM,33594.4,30869.8,22.04,,,15.476055596047903,32793.78034494682
24,06/02/23 01:50:00 PM,33594.4,30874.9,22.04,,,15.480008496418298,32799.190573900516
25,06/02/23 02:00:00 PM,33594.4,30887.7,22.01,,,15.504746068973992,32833.30367368005
26,06/02/23 02:10:00 PM,33594.4,30844.4,22.05,,,15.451450065512113,32760.004514410644
27,06/02/23 02:20:00 PM,33594.4,30798.7,22.02,,,15.430814617404055,32732.00400148378
28,06/02/23 02:30:00 PM,33594.4,30849.5,21.99,,,15.484982215169968,32806.440365297014
29,06/02/23 02:40:00 PM,33594.4,30781.0,22.13,,,15.36318670374142,32638.310148864242
30,06/02/23 02:50:00 PM,33594.4,30862.2,22.17,,,15.40627802050269,32697.05405292531
31,06/02/23 03:00:00 PM,33594.4,30910.6,22.38,,,15.340998247757188,32605.66315172501
32,06/02/23 03:10:00 PM,33594.4,30895.3,22.23,,,15.402426358029317,32691.245574681063
33,06/02/23 03:20:00 PM,33594.4,30913.2,22.26,,,15.401540432435059,32689.767026261616
34,06/02/23 03:30:00 PM,33594.4,30846.9,22.32,,,15.321273622399627,32579.107772710042
35,06/02/23 03:40:00 PM,33594.4,30836.8,22.42,,,15.265017473379704,32500.930763279448
36,06/02/23 03:50:00 PM,33594.4,30813.9,22.58,,,15.17042943926972,32369.3508431585
37,06/02/23 04:00:00 PM,33594.4,30849.5,22.57,,,15.202358316432365,32413.41282732321
38,06/02/23 04:10:00 PM,33594.4,30836.8,22.36,,,15.294090525635342,32541.41660234003
39,06/02/23 04:20:00 PM,33594.4,30854.6,22.58,,,15.201436726693911,32412.057040353422
40,06/02/23 04:30:00 PM,33594.4,30824.1,22.54,,,15.197420363965044,32406.874735266836
41,06/02/23 04:40:00 PM,33594.4,30885.1,22.54,,,15.24396602540194,32470.93318405437
42,06/02/23 04:50:00 PM,33594.4,30869.8,22.53,,,15.237108592234785,32461.586874992663
43,06/02/23 05:00:00 PM,33594.4,30839.3,22.39,,,15.281460015898793,32523.79646416285
44,06/02/23 05:10:00 PM,33594.4,30849.5,22.38,,,15.294127166153455,32541.2919341461
45,06/02/23 05:20:00 PM,33594.4,30864.7,22.36,,,15.315495824320195,32570.822306827053
46,06/02/23 05:30:00 PM,33594.4,30844.4,22.34,,,15.309632489543349,32562.94404415771
47,06/02/23 05:40:00 PM,33594.4,30857.1,22.42,,,15.280562315314077,32522.300357169534
48,06/02/23 05:50:00 PM,33594.4,30864.7,22.29,,,15.349560191294522,32618.204251965853
49,06/02/23 06:00:00 PM,33594.4,30844.4,22.32,,,15.319353393170674,32576.470716832
50,06/02/23 06:10:00 PM,33594.4,30867.3,22.38,,,15.307776967166255,32560.044957822876
51,06/02/23 06:20:00 PM,33594.4,30852.0,22.29,,,15.339794361362472,32604.799879185546
52,06/02/23 06:30:00 PM,33594.4,30859.7,22.32,,,15.331106456228042,32592.60948995845
53,06/02/23 06:40:00 PM,33594.4,30887.7,22.39,,,15.318566993178864,32574.777492431826
54,06/02/23 06:50:00 PM,33594.4,30918.3,22.46,,,15.308043751821605,32559.711605246805
55,06/02/23 07:00:00 PM,33594.4,30933.6,22.46,,,15.319760949176274,32575.80462631547
56,06/02/23 07:10:00 PM,33594.4,30905.5,22.42,,,15.317646229986241,32573.25037796154
57,06/02/23 07:20:00 PM,33594.4,30971.9,22.55,,,15.305436939968638,32555.344578359698
58,06/02/23 07:30:00 PM,33594.4,30943.8,22.47,,,15.32271986655174,32579.780448745703
59,06/02/23 07:40:00 PM,33594.4,30964.3,22.53,,,15.309313788546921,32560.84452343028
60,06/02/23 07:50:00 PM,33594.4,30977.1,22.59,,,15.290055272521093,32533.862675035183
61,06/02/23 08:00:00 PM,33594.4,30964.3,22.52,,,15.31415967935539,32567.587685841707
62,06/02/23 08:10:00 PM,33594.4,30941.2,22.52,,,15.296493572416662,32543.319872081887
63,06/02/23 08:20:00 PM,33594.4,30979.6,22.57,,,15.301638844220184,32549.952474307887
64,06/02/23 08:30:00 PM,33594.4,30956.6,22.59,,,15.274407415812412,32512.356742465407
65,06/02/23 08:40:00 PM,33594.4,31007.8,22.69,,,15.265189076634172,32498.813546843314
66,06/02/23 08:50:00 PM,33594.4,31036.0,22.74,,,15.262562211593524,32494.76729282436
67,06/02/23 09:00:00 PM,33594.4,31018.1,22.69,,,15.27303321314782,32509.597160078698
68,06/02/23 09:10:00 PM,33594.4,31010.4,22.68,,,15.271990828363357,32508.251253577993
69,06/02/23 09:20:00 PM,33594.4,30979.6,22.63,,,15.272640189816155,32509.579063795532
70,06/02/23 09:30:00 PM,33594.4,30964.3,22.6,,,15.275453650084465,32513.707757476615
71,06/02/23 09:40:00 PM,33594.4,30925.9,22.5,,,15.294476753742188,32540.723397547437
72,06/02/23 09:50:00 PM,33594.4,30925.9,22.53,,,15.279959494682268,32520.511345568917
73,06/02/23 10:00:00 PM,33594.4,30984.7,22.65,,,15.266878116328623,32501.483668689052
74,06/02/23 10:10:00 PM,33594.4,30964.3,22.62,,,15.265798927078821,32500.261090666037
75,06/02/23 10:20:00 PM,33594.4,30948.9,22.53,,,15.297539230898414,32544.6692531559
76,06/02/23 10:30:00 PM,33594.4,31002.7,22.57,,,15.319289256872505,32574.19572726995
77,06/02/23 10:40:00 PM,33594.4,31033.5,22.62,,,15.318599799200367,32572.81262211639
78,06/02/23 10:50:00 PM,33594.4,30987.3,22.58,,,15.302681204994327,32551.297202786067
79,06/02/23 11:00:00 PM,33594.4,30995.0,22.52,,,15.337648561070326,32599.839647026904
80,06/02/23 11:10:00 PM,33594.4,31005.2,22.48,,,15.364899128007178,32637.586040338712
81,06/02/23 11:20:00 PM,33594.4,31000.1,22.42,,,15.39021512757817,32672.833924215873
82,06/02/23 11:30:00 PM,33594.4,31007.8,22.38,,,15.415661098994525,32708.066440941388
83,06/02/23 11:40:00 PM,33594.4,30987.3,22.33,,,15.424347412281428,32720.408893547992
84,06/02/23 11:50:00 PM,33594.4,31020.6,22.29,,,15.46961055259396,32782.749642378934
85,06/03/23 12:00:00 AM,33594.4,30977.1,22.25,,,15.45570222178172,32764.060970827435
86,06/03/23 12:10:00 AM,33594.4,31012.9,22.25,,,15.483327897390165,32801.876713888196
87,06/03/23 12:20:00 AM,33594.4,30989.9,22.25,,,15.465577666554267,32777.58169709627
88,06/03/23 12:30:00 AM,33594.4,31005.2,22.27,,,15.467556858841101,32780.11472003898
89,06/03/23 12:40:00 AM,33594.4,31005.2,22.27,,,15.467556858841101,32780.11472003898
90,06/03/23 12:50:00 AM,33594.4,30982.2,22.25,,,15.459636716910676,32769.44813702331
91,06/03/23 01:00:00 AM,33594.4,31005.2,22.27,,,15.467556858841101,32780.11472003898
92,06/03/23 01:10:00 AM,33594.4,30997.5,22.25,,,15.471442208256377,32785.60962112097
93,06/03/23 01:20:00 AM,33594.4,30979.6,22.23,,,15.46745542179455,32780.328702072766
94,06/03/23 01:30:00 AM,33594.4,30956.6,22.22,,,15.454614299496916,32762.835870525956
95,06/03/23 01:40:00 AM,33594.4,30974.5,22.22,,,15.468433087566224,32781.75529312615
96,06/03/23 01:50:00 AM,33594.4,30971.9,22.23,,,15.461511842203086,32772.19183667763
97,06/03/23 02:00:00 AM,33594.4,30936.1,22.26,,,15.419185466134595,32713.95167364845
98,06/03/23 02:10:00 AM,33594.4,30992.4,22.29,,,15.447872086413543,32752.985983867216
99,06/03/23 02:20:00 AM,33594.4,30920.8,22.33,,,15.373192344971041,32650.278060081127
100,06/03/23 02:30:00 AM,33594.4,30941.2,22.31,,,15.398649961174915,32685.364651801618
101,06/03/23 02:40:00 AM,33594.4,30964.3,22.37,,,15.387110998520633,32669.01625178299
102,06/03/23 02:50:00 AM,33594.4,30941.2,22.28,,,15.413322986951313,32705.741437459907
103,06/03/23 03:00:00 AM,33594.4,30925.9,22.26,,,15.411325272716029,32703.179478622555
104,06/03/23 03:10:00 AM,33594.4,30931.0,22.27,,,15.410359969658094,32701.768413669528
105,06/03/23 03:20:00 AM,33594.4,30915.7,22.26,,,15.403466418011352,32692.40727396929
106,06/03/23 03:30:00 AM,33594.4,30900.4,22.26,,,15.391680646692691,32676.24894893561
107,06/03/23 03:40:00 AM,33594.4,30882.6,22.27,,,15.373089103106034,32650.663541525395
108,06/03/23 03:50:00 AM,33594.4,30887.7,22.36,,,15.333149293104738,32595.063516591403
109,06/03/23 04:00:00 AM,33594.4,30872.4,22.26,,,15.370119720072026,32646.678101910224
110,06/03/23 04:10:00 AM,33594.4,30872.4,22.32,,,15.340864554504451,32606.005710412355
111,06/03/23 04:20:00 AM,33594.4,30854.6,22.38,,,15.298037648096253,32546.66499434449
112,06/03/23 04:30:00 AM,33594.4,30862.2,22.37,,,15.308720419027175,32561.42847335217
113,06/03/23 04:40:00 AM,33594.4,30836.8,22.37,,,15.289239543247591,32534.663104178708
114,06/03/23 04:50:00 AM,33594.4,30844.4,22.41,,,15.27567842106256,32515.674610205526
115,06/03/23 05:00:00 AM,33594.4,30834.2,22.33,,,15.306660545521131,32558.94919069579
116,06/03/23 05:10:00 AM,33594.4,30793.7,22.37,,,15.256202393703877,32489.246146330817
117,06/03/23 05:20:00 AM,33594.4,30765.8,22.28,,,15.278416477605571,32520.575735319366
118,06/03/23 05:30:00 AM,33594.4,30763.3,22.18,,,15.32512951989593,32585.631621658427
119,06/03/23 05:40:00 AM,33594.4,30760.8,22.16,,,15.332955577341053,32596.553279912347
120,06/03/23 05:50:00 AM,33594.4,30725.4,22.11,,,15.330054431696876,32593.00976200769
121,06/03/23 06:00:00 AM,33594.4,30690.1,22.05,,,15.332102551327743,32596.350197996828
122,06/03/23 06:10:00 AM,33594.4,30715.3,22.05,,,15.351573053677885,32623.078092103362
123,06/03/23 06:20:00 AM,33594.4,30700.2,22.05,,,15.339905213927825,32607.0625759406
124,06/03/23 06:30:00 AM,33594.4,30685.1,22.04,,,15.333125933907242,32597.843419063614
125,06/03/23 06:40:00 AM,19652.2,20482.8,22.01,,,8.190808428204006,21783.09776291882
126,06/03/23 06:50:00 AM,20225.7,20830.4,21.97,,,8.419459309776629,22171.08387163711
127,06/03/23 07:00:00 AM,19951.6,20748.2,21.92,,,8.381286435454532,22106.92231701306
128,06/03/23 07:10:00 AM,21586.1,21997.7,21.9,,,9.186893528169144,23446.821719655913
129,06/03/23 07:20:00 AM,19703.7,20603.7,21.86,,,8.306607161105534,21980.862251667575
130,06/03/23 07:30:00 AM,20164.7,20944.2,21.86,,,8.521596702705677,22343.782475911845
131,06/03/23 07:40:00 AM,19583.2,20238.3,21.86,,,8.078041571825851,21591.388200258723
132,06/03/23 07:50:00 AM,19175.8,20205.7,21.85,,,8.060374750508315,21561.18480858897
133,06/03/23 08:00:00 AM,17191.3,18449.5,21.84,,,6.99645213145233,19692.83601360784
134,06/03/23 08:10:00 AM,15151.8,16358.3,21.8,,,5.805375148646536,17477.023100018603
135,06/03/23 08:20:00 AM,13665.5,14781.1,21.78,,,4.957623817610904,15799.667523692437
136,06/03/23 08:30:00 AM,11910.8,12746.4,21.76,,,3.934898749009753,13631.616282487474
137,06/03/23 08:40:00 AM,29665.5,26411.8,21.73,,,12.275740060033476,28246.621241925324
138,06/03/23 08:50:00 AM,33594.4,30622.2,21.7,,,15.451476382271562,32763.145679312598
139,06/03/23 09:00:00 AM,33594.4,30659.9,21.7,,,15.480890826431809,32803.417860745525
140,06/03/23 09:10:00 AM,33594.4,30667.4,21.69,,,15.491704351679703,32818.305631320785
141,06/03/23 09:20:00 AM,33594.4,30637.3,21.66,,,15.483078462299089,32806.76842594675
142,06/03/23 09:30:00 AM,33594.4,30634.8,21.65,,,15.486086423102078,32810.97426338324
143,06/03/23 09:40:00 AM,33594.4,30629.8,21.62,,,15.497072085481792,32826.27460634164
144,06/03/23 09:50:00 AM,33594.4,30642.3,21.64,,,15.496911766823942,32825.8767970168
145,06/03/23 10:00:00 AM,33594.4,30607.2,21.59,,,15.494298188120947,32822.74691472324
146,06/03/23 10:10:00 AM,33594.4,30612.2,21.59,,,15.49821055356059,32828.10009071385
147,06/03/23 10:20:00 AM,33594.4,30612.2,21.59,,,15.49821055356059,32828.10009071385
148,06/03/23 10:30:00 AM,33594.4,30574.6,21.6,,,15.463837884261556,32780.964258832704
149,06/03/23 10:40:00 AM,33594.4,30599.7,21.62,,,15.473539525226371,32794.06826542526
150,06/03/23 10:50:00 AM,33594.4,30627.3,21.62,,,15.495117099873259,32823.599665146925
151,06/03/23 11:00:00 AM,33594.4,30602.2,21.64,,,15.465576537891259,32782.98824599249
152,06/03/23 11:10:00 AM,33594.4,30614.7,21.63,,,15.480302536331791,32803.23652853588
153,06/03/23 11:20:00 AM,33594.4,30584.6,21.66,,,15.441930575609703,32750.42663280653
154,06/03/23 11:30:00 AM,33594.4,30569.6,21.62,,,15.450018893286467,32761.861817755518
155,06/03/23 11:40:00 AM,33594.4,30602.2,21.62,,,15.475493602699226,32796.74321474863
156,06/03/23 11:50:00 AM,33594.4,30557.1,21.55,,,15.474959144698538,32796.63620223456
157,06/03/23 12:00:00 PM,33594.4,30524.7,21.49,,,15.47939269964476,32803.2411199804
158,06/03/23 12:10:00 PM,33594.4,30492.3,21.45,,,15.473877476939942,32796.04902676767
159,06/03/23 12:20:00 PM,33594.4,30514.7,21.45,,,15.491449656357245,32820.100371640314
160,06/03/23 12:30:00 PM,33594.4,30512.2,21.5,,,15.464629247580833,32782.94030862363
161,06/03/23 12:40:00 PM,33594.4,30524.7,21.53,,,15.459525165267888,32775.683358126465
162,06/03/23 12:50:00 PM,33594.4,30509.7,21.53,,,15.447784542379793,32759.60393720937
163,06/03/23 01:00:00 PM,33594.4,30499.8,21.54,,,15.43508218184555,32742.113561586903
164,06/03/23 01:10:00 PM,33594.4,30497.3,21.54,,,15.433126634504235,32739.43420089734
165,06/03/23 01:20:00 PM,33594.4,30474.9,21.53,,,15.420557755577605,32722.299575327008
166,06/03/23 01:30:00 PM,33594.4,30487.3,21.52,,,15.435211822425497,32742.469561732996
167,06/03/23 01:40:00 PM,33594.4,30482.3,21.49,,,15.446172349408672,32757.752647846868
168,06/03/23 01:50:00 PM,33594.4,30460.0,21.43,,,15.458484750610934,32775.15200312502
169,06/03/23 02:00:00 PM,33594.4,30447.5,21.39,,,15.468564091260285,32789.311471089524
170,06/03/23 02:10:00 PM,33594.4,30437.6,21.41,,,15.450850085218569,32764.874721684864
171,06/03/23 02:20:00 PM,33594.4,30445.1,21.39,,,15.46667966852,32786.73135260331
172,06/03/23 02:30:00 PM,33594.4,30427.7,21.38,,,15.45799151160477,32774.923798991775
173,06/03/23 02:40:00 PM,33594.4,30432.6,21.37,,,15.466814105941719,32787.09446202771
174,06/03/23 02:50:00 PM,33594.4,30405.4,21.32,,,15.470330239122532,32792.356529294935
175,06/03/23 03:00:00 PM,33594.4,30390.5,21.31,,,15.46359366679498,32783.22226334923
176,06/03/23 03:10:00 PM,33594.4,30375.7,21.29,,,15.461913062936514,32781.10017930436
177,06/03/23 03:20:00 PM,33594.4,30323.8,21.28,,,15.426071273463931,32732.08945776819
178,06/03/23 03:30:00 PM,33594.4,30331.2,21.27,,,15.436862797629928,32746.966592923665
179,06/03/23 03:40:00 PM,33594.4,30343.6,21.27,,,15.446617368400654,32760.33025447674
180,06/03/23 03:50:00 PM,33594.4,30321.4,21.24,,,15.444080564981464,32757.124057263067
181,06/03/23 04:00:00 PM,33594.4,30346.0,21.24,,,15.463449244109576,32783.652196361414
182,06/03/23 04:10:00 PM,33594.4,30351.0,21.23,,,15.472373963072066,32795.96186479535
183,06/03/23 04:20:00 PM,33594.4,30309.1,21.22,,,15.444354998588233,32757.679373525094
184,06/03/23 04:30:00 PM,33594.4,30277.1,21.18,,,15.439069075495476,32750.796473400052
185,06/03/23 04:40:00 PM,33594.4,30299.2,21.16,,,15.466466725992603,32788.50243632946
186,06/03/23 04:50:00 PM,33594.4,30223.1,20.9,,,15.536538570236944,32886.72556603368
187,06/03/23 05:00:00 PM,33594.4,30237.8,20.84,,,15.578473412580228,32944.58090129426
188,06/03/23 05:10:00 PM,33594.4,30196.2,20.8,,,15.565550791528896,32927.2879936564
189,06/03/23 05:20:00 PM,33594.4,30225.5,20.81,,,15.58383541963758,32952.17766789305
190,06/03/23 05:30:00 PM,33594.4,30267.2,20.75,,,15.647489653875578,33039.61152233761
191,06/03/23 05:40:00 PM,33594.4,30277.1,20.74,,,15.660478219931457,33057.417641786735
192,06/03/23 05:50:00 PM,33594.4,30284.5,20.73,,,15.671477061193283,33072.50622651763
193,06/03/23 06:00:00 PM,33594.4,30247.6,20.71,,,15.652151972376581,33046.33549173818
194,06/03/23 06:10:00 PM,33594.4,30250.1,20.68,,,15.669410784998831,33070.14513826108
195,06/03/23 06:20:00 PM,33594.4,30252.5,20.68,,,15.671331087008754,33072.7633447342
196,06/03/23 06:30:00 PM,33594.4,30245.2,20.68,,,15.66549041130772,33064.79963055997
197,06/03/23 06:40:00 PM,33594.4,30237.8,20.66,,,15.669749647249688,33070.789722105226
198,06/03/23 06:50:00 PM,33594.4,30215.7,20.63,,,15.667332851371118,33067.76837361902
199,06/03/23 07:00:00 PM,33594.4,30188.8,20.61,,,15.655971639870904,33052.45767089757
200,06/03/23 07:10:00 PM,33594.4,30179.0,20.59,,,15.658304621918896,33055.82220889228
201,06/03/23 07:20:00 PM,33594.4,30140.0,20.48,,,15.6831237454351,33090.668895752
202,06/03/23 07:30:00 PM,33594.4,30154.6,20.45,,,15.710208991564997,33127.85404618341
203,06/03/23 07:40:00 PM,33594.4,30154.6,20.45,,,15.710208991564997,33127.85404618341
204,06/03/23 07:50:00 PM,33594.4,30135.1,20.47,,,15.684295612899405,33092.35792471663
205,06/03/23 08:00:00 PM,33594.4,30166.8,20.43,,,15.730277883739717,33155.372688601965
206,06/03/23 08:10:00 PM,33594.4,30188.8,20.43,,,15.747997297735457,33179.497910708575
207,06/03/23 08:20:00 PM,33594.4,30210.8,20.44,,,15.760585149354133,33196.53896225339
208,06/03/23 08:30:00 PM,33594.4,30205.9,20.36,,,15.797799788488872,33247.900975922494
209,06/03/23 08:40:00 PM,33594.4,30176.6,20.22,,,15.846439407867647,33315.30351490762
210,06/03/23 08:50:00 PM,33594.4,30191.3,20.12,,,15.910324205437995,33402.960229764445
211,06/03/23 09:00:00 PM,33594.4,30137.5,20.02,,,15.918644580272545,33415.178071303504
212,06/03/23 09:10:00 PM,33594.4,30159.5,19.97,,,15.962738720781516,33475.429923014446
213,06/03/23 09:20:00 PM,33594.4,30144.9,19.91,,,15.982253886066385,33502.433243768086
214,06/03/23 09:30:00 PM,33594.4,30132.7,19.81,,,16.024836901923322,33561.03273716002
215,06/03/23 09:40:00 PM,33594.4,30149.7,19.76,,,16.065187717493227,33616.09605108491
216,06/03/23 09:50:00 PM,33594.4,30125.4,19.69,,,16.082224684426958,33639.792262079114
217,06/03/23 10:00:00 PM,33594.4,30144.9,19.64,,,16.1248284397457,33697.83722522333
218,06/03/23 10:10:00 PM,33594.4,30137.5,19.53,,,16.17730124456973,33769.719772919074
219,06/03/23 10:20:00 PM,33594.4,30103.4,19.47,,,16.181095930037277,33775.40934218638
220,06/03/23 10:30:00 PM,33594.4,30098.6,19.45,,,16.187808363240986,33784.65550615791
221,06/03/23 10:40:00 PM,33594.4,30113.2,19.42,,,16.215992402466952,33822.952254859774
222,06/03/23 10:50:00 PM,33594.4,30091.3,19.34,,,16.240718491088757,33857.04449822426
223,06/03/23 11:00:00 PM,33594.4,30120.5,19.31,,,16.281191034492004,33911.85089076231
224,06/03/23 11:10:00 PM,33594.4,30103.4,19.29,,,16.277712005839685,33907.357266329745
225,06/03/23 11:20:00 PM,33594.4,30098.6,19.28,,,16.279099118798797,33909.320783097
226,06/03/23 11:30:00 PM,33594.4,30079.1,19.27,,,16.26822248361135,33894.76829524844
227,06/03/23 11:40:00 PM,33594.4,30091.3,19.27,,,16.278400585067484,33908.475760763555
228,06/03/23 11:50:00 PM,33594.4,30091.3,19.27,,,16.278400585067484,33908.475760763555
229,06/04/23 12:00:00 AM,33594.4,30091.3,19.27,,,16.278400585067484,33908.475760763555
230,06/04/23 12:10:00 AM,33594.4,30062.1,19.29,,,16.24328003664075,33860.97366124756
231,06/04/23 12:20:00 AM,33594.4,30088.9,19.31,,,16.254853012075273,33876.37636400224
232,06/04/23 12:30:00 AM,33594.4,30103.4,19.33,,,16.2561715534421,33877.96180740097
233,06/04/23 12:40:00 AM,33594.4,30088.9,19.33,,,16.24409552029816,33861.690769205605
234,06/04/23 12:50:00 AM,33594.4,30059.7,19.33,,,16.21978588289863,33828.92412449133
235,06/04/23 01:00:00 AM,33594.4,30088.9,19.34,,,16.23872054115213,33854.35192490963
236,06/04/23 01:10:00 AM,33594.4,30115.6,19.37,,,16.244821169285103,33862.28707862537
237,06/04/23 01:20:00 AM,33594.4,30071.8,19.37,,,16.20839121461892,33813.17868492131
238,06/04/23 01:30:00 AM,33594.4,30079.1,19.34,,,16.2305630881045,33843.35723743362
239,06/04/23 01:40:00 AM,33594.4,30079.1,19.35,,,16.22519321837391,33836.0233423475
240,06/04/23 01:50:00 AM,33594.4,30064.6,19.37,,,16.20240531476229,33805.10603226289
241,06/04/23 02:00:00 AM,33594.4,30064.6,19.38,,,16.19704680237759,33797.78345129796
242,06/04/23 02:10:00 AM,33594.4,30071.8,19.37,,,16.20839121461892,33813.17868492131
243,06/04/23 02:20:00 AM,33594.4,30071.8,19.38,,,16.203030794812694,33805.8544044855
244,06/04/23 02:30:00 AM,33594.4,30071.8,19.39,,,16.197672876592065,33798.532751553736
245,06/04/23 02:40:00 AM,33594.4,30069.4,19.4,,,16.190323984080102,33788.52454082743
246,06/04/23 02:50:00 AM,33594.4,30076.7,19.43,,,16.180332565442978,33774.75933903593
247,06/04/23 03:00:00 AM,33594.4,29999.2,19.45,,,16.105407027829667,33673.395115669264
248,06/04/23 03:10:00 AM,33594.4,30047.6,19.48,,,16.129517933990478,33705.68551224858
249,06/04/23 03:20:00 AM,33594.4,30052.4,19.5,,,16.122840100750942,33696.47570448036
250,06/04/23 03:30:00 AM,33594.4,30040.3,19.49,,,16.118147934709366,33690.23158635202
251,06/04/23 03:40:00 AM,33594.4,30023.4,19.48,,,16.10948015086844,33678.61498849154
252,06/04/23 03:50:00 AM,33594.4,30018.5,19.45,,,16.121395605932022,33694.99815380456
253,06/04/23 04:00:00 AM,33594.4,29979.8,19.45,,,16.08934089431502,33651.68006425312
254,06/04/23 04:10:00 AM,33594.4,30001.6,19.44,,,16.112719364823732,33683.37089000382
255,06/04/23 04:20:00 AM,33594.4,30023.4,19.43,,,16.136118522471772,33715.07449831645
256,06/04/23 04:30:00 AM,33594.4,30023.4,19.39,,,16.15747401167291,33744.289214700875
257,06/04/23 04:40:00 AM,33594.4,30040.3,19.39,,,16.171506641828355,33763.22968099204
258,06/04/23 04:50:00 AM,33594.4,30033.0,19.38,,,16.170792361978155,33762.36080122526
259,06/04/23 05:00:00 AM,33594.4,30018.5,19.37,,,16.164096244459536,33753.41836345332
260,06/04/23 05:10:00 AM,33594.4,30004.0,19.37,,,16.15205294957444,33737.16075795303
261,06/04/23 05:20:00 AM,33594.4,29996.7,19.32,,,16.172731005783206,33765.54800641601
262,06/04/23 05:30:00 AM,33594.4,29999.2,19.31,,,16.180166463459717,33775.67690184673
263,06/04/23 05:40:00 AM,33594.4,29984.7,19.29,,,16.17881623614191,33774.04549867955
264,06/04/23 05:50:00 AM,33594.4,29967.8,19.28,,,16.170107428321586,33762.38824106394
265,06/04/23 06:00:00 AM,33594.4,29965.3,19.26,,,16.178743505105484,33774.233286862756
266,06/04/23 06:10:00 AM,33594.4,29984.7,19.26,,,16.194903289841033,33796.03547765245
267,06/04/23 06:20:00 AM,33594.4,29970.2,19.27,,,16.177463594512638,33772.410843076526
268,06/04/23 06:30:00 AM,33594.4,29962.9,19.27,,,16.171385664813926,33764.208641996614
269,06/04/23 06:40:00 AM,16455.0,17437.7,19.28,,,6.97492622151901,19668.54580154468
270,06/04/23 06:50:00 AM,14022.2,15095.6,19.29,,,5.566696124361302,17026.375930839753
271,06/04/23 07:00:00 AM,13396.9,14440.5,19.32,,,5.188582609658238,16277.592689683366
272,06/04/23 07:10:00 AM,33594.4,30011.2,19.31,,,16.190151391383758,33789.148504783225
273,06/04/23 07:20:00 AM,33594.4,30008.8,19.31,,,16.188154243014207,33786.45418674173
274,06/04/23 07:30:00 AM,33594.4,30011.2,19.31,,,16.190151391383758,33789.148504783225
275,06/04/23 07:40:00 AM,33594.4,29996.7,19.32,,,16.172731005783206,33765.54800641601
276,06/04/23 07:50:00 AM,33594.4,30025.8,19.31,,,16.2023024638793,33805.53891211462
277,06/04/23 08:00:00 AM,33594.4,30004.0,19.31,,,16.18416019044311,33781.065546840124
278,06/04/23 08:10:00 AM,33594.4,30020.9,19.31,,,16.198224028492945,33800.03802723362
279,06/04/23 08:20:00 AM,33594.4,30013.7,19.32,,,16.186871808617138,33784.62875593165
280,06/04/23 08:30:00 AM,33594.4,30035.5,19.33,,,16.19964796878564,33801.76806456652
281,06/04/23 08:40:00 AM,33594.4,30025.8,19.33,,,16.19157848053247,33790.883161415586
282,06/04/23 08:50:00 AM,33594.4,30013.7,19.32,,,16.186871808617138,33784.62875593165
283,06/04/23 09:00:00 AM,33594.4,30004.0,19.33,,,16.173447777214903,33766.42010767271
284,06/04/23 09:10:00 AM,33594.4,30013.7,19.32,,,16.186871808617138,33784.62875593165
285,06/04/23 09:20:00 AM,33594.4,29989.5,19.31,,,16.17209680078803,33764.78733287936
286,06/04/23 09:30:00 AM,33594.4,29984.7,19.28,,,16.18417608117064,33781.37285848362
287,06/04/23 09:40:00 AM,33594.4,29991.9,19.31,,,16.17409329453491,33767.48166115805
288,06/04/23 09:50:00 AM,33594.4,30016.1,19.29,,,16.20495801048528,33809.31108923246
289,06/04/23 10:00:00 AM,33594.4,30008.8,19.29,,,16.198879220510168,33801.11242050827
290,06/04/23 10:10:00 AM,33594.4,30006.4,19.29,,,16.196880878763654,33798.41696519361
291,06/04/23 10:20:00 AM,33594.4,30008.8,19.28,,,16.204245469197105,33808.44548700455
292,06/04/23 10:30:00 AM,33594.4,30004.0,19.26,,,16.21098506310787,33817.72520255388
293,06/04/23 10:40:00 AM,33594.4,29996.7,19.24,,,16.215645329333764,33824.20017667827
294,06/04/23 10:50:00 AM,33594.4,29994.3,19.21,,,16.229776582634365,33843.53823095785
295,06/04/23 11:00:00 AM,33594.4,29847.5,18.81,,,16.323113163263315,33973.08473633366
296,06/04/23 11:10:00 AM,33594.4,29826.0,18.66,,,16.386836987693112,34060.22652208944
297,06/04/23 11:20:00 AM,33594.4,29821.2,18.55,,,16.443148731902113,34136.92858796379
298,06/04/23 11:30:00 AM,33594.4,29823.6,18.51,,,16.467224261240926,34169.62868734661
299,06/04/23 11:40:00 AM,33594.4,29814.0,18.44,,,16.497698720866758,34211.1884121618
300,06/04/23 11:50:00 AM,33594.4,29809.2,18.47,,,16.477031821885497,34183.1771581487
301,06/04/23 12:00:00 PM,33594.4,29802.1,18.48,,,16.465465998282365,34167.562760521745
302,06/04/23 12:10:00 PM,33594.4,29816.4,18.48,,,16.477645046044973,34183.901955676214
303,06/04/23 12:20:00 PM,33594.4,29809.2,18.51,,,16.454970408297772,34153.18577098283
304,06/04/23 12:30:00 PM,33594.4,29830.8,18.54,,,16.456815767965157,34155.36934266368
305,06/04/23 12:40:00 PM,33594.4,29837.9,18.49,,,16.49043724507896,34200.96158657863
306,06/04/23 12:50:00 PM,33594.4,29845.1,18.55,,,16.463466318900284,34164.19592329828
307,06/04/23 01:00:00 PM,33594.4,29842.7,18.68,,,16.390028073804668,34064.32040693293
308,06/04/23 01:10:00 PM,33594.4,29845.1,18.68,,,16.392060186612632,34067.05098228168
309,06/04/23 01:20:00 PM,33594.4,29861.9,18.72,,,16.384385639852095,34056.349779040116
310,06/04/23 01:30:00 PM,33594.4,29861.9,18.79,,,16.346156713969513,34004.276808062226
311,06/04/23 01:40:00 PM,33594.4,29840.3,18.75,,,16.349736266096723,34009.478036823835
312,06/04/23 01:50:00 PM,33594.4,29866.7,18.81,,,16.339305933037334,33994.86906064345
313,06/04/23 02:00:00 PM,33594.4,29881.1,18.87,,,16.31878578684521,33966.682390829475
314,06/04/23 02:10:00 PM,33594.4,29871.5,18.93,,,16.278141577857504,33911.38939960462
315,06/04/23 02:20:00 PM,33594.4,29830.8,18.86,,,16.28187127418599,33917.08658625753
316,06/04/23 02:30:00 PM,33594.4,29885.9,18.97,,,16.26857213181842,33898.11579810924
317,06/04/23 02:40:00 PM,33594.4,29871.5,19.03,,,16.22407691602443,33837.5780785829
318,06/04/23 02:50:00 PM,33594.4,29828.4,19.01,,,16.198756989754703,33803.62451316636
319,06/04/23 03:00:00 PM,33594.4,29840.3,19.06,,,16.18180423675092,33780.27392372249
320,06/04/23 03:10:00 PM,33594.4,29873.9,19.13,,,16.172269067292767,33766.736851160356
321,06/04/23 03:20:00 PM,33594.4,29922.0,19.13,,,16.212449402865808,33820.9421759026
322,06/04/23 03:30:00 PM,33594.4,29895.5,19.16,,,16.174194874904124,33769.049282676046
323,06/04/23 03:40:00 PM,33594.4,29876.3,19.13,,,16.174273126814658,33769.441495370316
324,06/04/23 03:50:00 PM,33594.4,29840.3,19.11,,,16.154946385411833,33743.544828156366
325,06/04/23 04:00:00 PM,33594.4,29881.1,19.13,,,16.17828149187351,33774.85077981222
326,06/04/23 04:10:00 PM,33594.4,29924.4,19.16,,,16.198318273052163,33801.59684371423
327,06/04/23 04:20:00 PM,33594.4,29943.6,19.33,,,16.12324915892984,33698.6411922607
328,06/04/23 04:30:00 PM,33594.4,29943.6,19.29,,,16.14461989371069,33727.88542991119
329,06/04/23 04:40:00 PM,33594.4,29895.5,19.19,,,16.158103807330033,33747.04372720049
330,06/04/23 04:50:00 PM,33594.4,29866.7,19.18,,,16.13945223414225,33721.95484007347
331,06/04/23 05:00:00 PM,33594.4,29859.5,19.24,,,16.101378900188923,33669.944986016424
332,06/04/23 05:10:00 PM,33594.4,29878.7,19.24,,,16.117353466929067,33691.53197278926
333,06/04/23 05:20:00 PM,33594.4,29878.7,19.24,,,16.117353466929067,33691.53197278926
334,06/04/23 05:30:00 PM,33594.4,29900.3,19.24,,,16.135331110389373,33715.817233843096
335,06/04/23 05:40:00 PM,33594.4,29859.5,19.21,,,16.117403639444603,33691.88537816489
336,06/04/23 05:50:00 PM,33594.4,29845.1,19.19,,,16.11610266016624,33690.31807167535
337,06/04/23 06:00:00 PM,33594.4,29804.4,19.16,,,16.09822967949087,33666.45001122127
338,06/04/23 06:10:00 PM,33594.4,29806.8,19.13,,,16.116272119173015,33691.11896979759
339,06/04/23 06:20:00 PM,33594.4,29888.3,19.21,,,16.141390432714,33724.28633287956
340,06/04/23 06:30:00 PM,33594.4,29873.9,19.23,,,16.11870224347976,33693.44948515414
341,06/04/23 06:40:00 PM,33594.4,29866.7,19.19,,,16.1340987293171,33714.62913759926
342,06/04/23 06:50:00 PM,33594.4,29782.9,19.06,,,16.13381835914666,33715.49121575547
343,06/04/23 07:00:00 PM,33594.4,29747.2,18.89,,,16.195361172189756,33800.19532260807
344,06/04/23 07:10:00 PM,33594.4,29675.9,18.69,,,16.243571133582446,33867.12898031883
345,06/04/23 07:20:00 PM,33594.4,29718.6,18.69,,,16.279623821808993,33915.701726065556
346,06/04/23 07:30:00 PM,33594.4,29723.4,18.71,,,16.272802711392302,33906.321207638415
347,06/04/23 07:40:00 PM,33594.4,29773.4,18.72,,,16.309581248525014,33955.74476372774
348,06/04/23 07:50:00 PM,33594.4,29780.6,18.72,,,16.315662812774413,33963.929651976396
349,06/04/23 08:00:00 PM,33594.4,29771.0,18.75,,,16.291229046108587,33930.749162701024
350,06/04/23 08:10:00 PM,33594.4,29828.4,18.79,,,16.317891304649656,33966.25146849181
351,06/04/23 08:20:00 PM,33594.4,29821.2,18.79,,,16.311818456707538,33958.07882196618
352,06/04/23 08:30:00 PM,33594.4,29814.0,18.75,,,16.327524087395847,33979.59983168147
353,06/04/23 08:40:00 PM,33594.4,29818.8,18.48,,,16.47968937243526,34186.6441929458
354,06/04/23 08:50:00 PM,33594.4,29826.0,18.44,,,16.507933963183227,34224.911284583795
355,06/04/23 09:00:00 PM,33594.4,29811.6,18.38,,,16.528873106153117,34253.56511015957
356,06/04/23 09:10:00 PM,33594.4,29804.4,18.35,,,16.53936125302993,34267.91303945496
357,06/04/23 09:20:00 PM,33594.4,29814.0,18.3,,,16.575370681937798,34316.63261965162
358,06/04/23 09:30:00 PM,33594.4,29806.8,18.28,,,16.58033670383928,34323.47796560583
359,06/04/23 09:40:00 PM,33594.4,29809.2,18.26,,,16.593539765820303,34341.347808709404
360,06/04/23 09:50:00 PM,33594.4,29816.4,18.24,,,16.61087631464575,34364.74363277895
361,06/04/23 10:00:00 PM,33594.4,29802.1,18.22,,,16.609765511660807,34363.45491194077
362,06/04/23 10:10:00 PM,33594.4,29802.1,18.19,,,16.626529781303386,34386.17710920554
363,06/04/23 10:20:00 PM,33594.4,29775.8,18.16,,,16.62069370520355,34378.66752950975
364,06/04/23 10:30:00 PM,33594.4,29778.2,18.0,,,16.712591002920934,34503.07177801337
365,06/04/23 10:40:00 PM,33594.4,29771.0,17.92,,,16.751523017634426,34555.83382483569
366,06/04/23 10:50:00 PM,33594.4,29766.3,17.9,,,16.758762985616237,34565.69278847637
367,06/04/23 11:00:00 PM,33594.4,29782.9,17.88,,,16.78449352862951,34600.210224297625
368,06/04/23 11:10:00 PM,33594.4,29771.0,17.9,,,16.762838895795912,34571.130098382164
369,06/04/23 11:20:00 PM,33594.4,29787.7,17.88,,,16.788660040724864,34605.76558315299
370,06/04/23 11:30:00 PM,33594.4,29763.9,17.88,,,16.768004413253678,34578.22019548424
371,06/04/23 11:40:00 PM,33594.4,29766.3,17.88,,,16.770086955594657,34580.99788920958
372,06/04/23 11:50:00 PM,33594.4,29773.4,17.88,,,16.77624830659671,34589.215223199586
373,06/05/23 12:00:00 AM,33594.4,29771.0,17.9,,,16.762838895795912,34571.130098382164
374,06/05/23 12:10:00 AM,33594.4,29773.4,17.9,,,16.764920337013933,34573.906594553686
375,06/05/23 12:20:00 AM,33594.4,29749.6,17.92,,,16.732979291240717,34531.087285477275
376,06/05/23 12:30:00 AM,33594.4,29756.7,17.93,,,16.733481007743578,34531.65719521836
377,06/05/23 12:40:00 AM,33594.4,29763.9,17.93,,,16.739717993949025,34539.98134700331
378,06/05/23 12:50:00 AM,33594.4,29749.6,17.95,,,16.716043627975605,34508.179707767646
379,06/05/23 01:00:00 AM,33594.4,29756.7,17.95,,,16.722189252697422,34516.38473918253
380,06/05/23 01:10:00 AM,33594.4,29756.7,17.97,,,16.710908199126262,34501.123414509464
381,06/05/23 01:20:00 AM,33594.4,29768.6,17.97,,,16.721203592209175,34514.86957760392
382,06/05/23 01:30:00 AM,33594.4,29771.0,17.97,,,16.723280226127617,34517.64190803897
383,06/05/23 01:40:00 AM,33594.4,29740.0,17.97,,,16.696463551992625,34481.83251128356
384,06/05/23 01:50:00 AM,33594.4,29718.6,18.02,,,16.649857129015203,34419.05479420564
385,06/05/23 02:00:00 AM,33594.4,29740.0,18.03,,,16.66271255526792,34436.140021909116
386,06/05/23 02:10:00 AM,33594.4,29732.9,18.01,,,16.667820292197106,34443.165239919916
387,06/05/23 02:20:00 AM,33594.4,29735.3,18.02,,,16.664273124874207,34438.32512874208
388,06/05/23 02:30:00 AM,33594.4,29732.9,18.02,,,16.66220111296155,34435.55574428404
389,06/05/23 02:40:00 AM,33594.4,29732.9,18.02,,,16.66220111296155,34435.55574428404
390,06/05/23 02:50:00 AM,33594.4,29697.2,18.01,,,16.636999112211463,34401.96161788149
391,06/05/23 03:00:00 AM,33594.4,29697.2,18.01,,,16.636999112211463,34401.96161788149
392,06/05/23 03:10:00 AM,33594.4,29711.5,18.01,,,16.64934260234387,34418.46619406841
393,06/05/23 03:20:00 AM,33594.4,29668.8,18.01,,,16.612493683505516,34369.18312387808
394,06/05/23 03:30:00 AM,33594.4,29668.8,18.02,,,16.606892443378733,34361.58948775015
395,06/05/23 03:40:00 AM,33594.4,29690.1,18.06,,,16.602862194228877,34355.80015130376
396,06/05/23 03:50:00 AM,33594.4,29694.9,18.11,,,16.579048030871867,34323.43051210501
397,06/05/23 04:00:00 AM,33594.4,29702.0,18.16,,,16.557262484213158,34293.76401483084
398,06/05/23 04:10:00 AM,33594.4,29706.7,18.16,,,16.56129976520909,34299.1711947425
399,06/05/23 04:20:00 AM,33594.4,29692.5,18.17,,,16.54353482994813,34275.27647582164
400,06/05/23 04:30:00 AM,33594.4,29711.5,18.21,,,16.537582312125227,34266.9069509546
401,06/05/23 04:40:00 AM,33594.4,29718.6,18.26,,,16.515887378974618,34237.33993761039
402,06/05/23 04:50:00 AM,33594.4,29671.1,18.18,,,16.519605732399235,34243.11158357648
403,06/05/23 05:00:00 AM,33594.4,29647.5,18.05,,,16.571757169739936,34314.26221927456
404,06/05/23 05:10:00 AM,33594.4,29621.4,18.01,,,16.571620211241,34314.47483735834
405,06/05/23 05:20:00 AM,33594.4,29642.7,18.01,,,16.589983312664337,34339.05902102558
406,06/05/23 05:30:00 AM,33594.4,29623.8,17.98,,,16.590470829674217,34340.0089831084
407,06/05/23 05:40:00 AM,33594.4,29597.8,17.97,,,16.57363407402036,34317.567765879925
408,06/05/23 05:50:00 AM,33594.4,29614.3,17.98,,,16.582274558221936,34329.03711319257
409,06/05/23 06:00:00 AM,33594.4,29600.2,17.96,,,16.581299981150586,34327.93069770674
410,06/05/23 06:10:00 AM,33594.4,29614.3,17.93,,,16.61028413476803,34367.02085467821
411,06/05/23 06:20:00 AM,33594.4,29626.2,17.93,,,16.6205679320435,34380.7793155558
412,06/05/23 06:30:00 AM,33594.4,29623.8,17.93,,,16.618493720653692,34378.00450325736
413,06/05/23 06:40:00 AM,33594.4,29614.3,17.92,,,16.615894026314123,34374.62591776791
414,06/05/23 06:50:00 AM,33594.4,29616.7,17.93,,,16.61235800966461,34369.795673658264
415,06/05/23 07:00:00 AM,33594.4,29609.6,17.91,,,16.617442849436227,34376.797396347436
416,06/05/23 07:10:00 AM,33594.4,29609.6,17.91,,,16.617442849436227,34376.797396347436
417,06/05/23 07:20:00 AM,33594.4,29623.8,17.91,,,16.62972150007779,34393.222121220104
418,06/05/23 07:30:00 AM,33594.4,29616.7,17.91,,,16.623581802552625,34385.00976619779
419,06/05/23 07:40:00 AM,33594.4,29583.7,17.9,,,16.600661576637147,34354.44248314674
420,06/05/23 07:50:00 AM,33594.4,29595.5,17.9,,,16.61086355225071,34368.094223548236
421,06/05/23 08:00:00 AM,33594.4,29515.4,17.9,,,16.541651613243754,34275.42355178128
422,06/05/23 08:10:00 AM,33594.4,29616.7,17.91,,,16.623581802552625,34385.00976619779
423,06/05/23 08:20:00 AM,33594.4,29609.6,17.91,,,16.617442849436227,34376.797396347436
424,06/05/23 08:30:00 AM,33594.4,29602.5,17.92,,,16.605695399965462,34360.98010407717
425,06/05/23 08:40:00 AM,33594.4,29602.5,17.92,,,16.605695399965462,34360.98010407717
426,06/05/23 08:50:00 AM,33594.4,29590.7,17.82,,,16.651678039898698,34423.479008667746
427,06/05/23 09:00:00 AM,33594.4,29600.2,17.84,,,16.648651157943977,34419.2327806347
428,06/05/23 09:10:00 AM,33594.4,29578.9,17.76,,,16.67526617524218,34455.60659657451
429,06/05/23 09:20:00 AM,33594.4,29567.2,17.75,,,16.670749424706962,34449.67034563983
430,06/05/23 09:30:00 AM,33594.4,29574.2,17.71,,,16.69943201673574,34488.39257420896
431,06/05/23 09:40:00 AM,33594.4,29553.0,17.72,,,16.67534885224114,34456.11686508854
432,06/05/23 09:50:00 AM,33594.4,29567.2,17.74,,,16.676394152826614,34457.31378913804
433,06/05/23 10:00:00 AM,33594.4,29602.5,17.75,,,16.701415624701145,34490.64182208365
434,06/05/23 10:10:00 AM,33594.4,29581.3,17.76,,,16.677350281879995,34458.391596874426
435,06/05/23 10:20:00 AM,33594.4,29586.0,17.75,,,16.687079263953088,34471.49089566903
436,06/05/23 10:30:00 AM,33594.4,29602.5,17.75,,,16.701415624701145,34490.64182208365
437,06/05/23 10:40:00 AM,33594.4,29602.5,17.72,,,16.718387824014997,34513.60699833681
438,06/05/23 10:50:00 AM,33594.4,29520.1,17.37,,,16.845750744743174,34686.978967935676
439,06/05/23 11:00:00 AM,33594.4,29501.3,17.35,,,16.840696314552442,34680.44903620104
440,06/05/23 11:10:00 AM,33594.4,29522.5,17.35,,,16.85933210288118,34705.26888542878
441,06/05/23 11:20:00 AM,33594.4,29510.7,17.3,,,16.877671225646022,34730.19226156151
442,06/05/23 11:30:00 AM,33594.4,29513.1,17.28,,,16.89129006838843,34748.52151664684
443,06/05/23 11:40:00 AM,33594.4,29517.8,17.27,,,16.90118963001879,34761.79604610334
444,06/05/23 11:50:00 AM,33594.4,29543.6,17.25,,,16.935475565650343,34807.602544001245
445,06/05/23 12:00:00 PM,33594.4,29506.0,17.23,,,16.913836863497053,34779.02855111043
446,06/05/23 12:10:00 PM,33594.4,29510.7,17.18,,,16.946862190676946,34823.45475115931
447,06/05/23 12:20:00 PM,33594.4,29510.7,17.21,,,16.929527227804744,34800.10054724121
448,06/05/23 12:30:00 PM,33594.4,29506.0,17.22,,,16.91960554412138,34786.803508027864
449,06/05/23 12:40:00 PM,33594.4,29517.8,17.23,,,16.924250433854468,34792.87930735202
450,06/05/23 12:50:00 PM,33594.4,29506.0,17.24,,,16.908070939422913,34771.256451667636
451,06/05/23 01:00:00 PM,33594.4,29470.8,17.25,,,16.871276353585486,34722.18732078518
452,06/05/23 01:10:00 PM,33594.4,29531.9,17.25,,,16.925152456312208,34793.87521578148
453,06/05/23 01:20:00 PM,33594.4,29517.8,17.28,,,16.895431312263327,34754.03236687009
454,06/05/23 01:30:00 PM,33594.4,29536.6,17.3,,,16.90048038069934,34760.54734871651
455,06/05/23 01:40:00 PM,33594.4,29529.5,17.35,,,16.865486910723842,34713.464086535976
456,06/05/23 01:50:00 PM,33594.4,29513.1,17.34,,,16.856805980858244,34702.00643122988
457,06/05/23 02:00:00 PM,33594.4,29548.3,17.35,,,16.88202060495346,34735.47397630341
458,06/05/23 02:10:00 PM,33594.4,29522.5,17.35,,,16.85933210288118,34705.26888542878
459,06/05/23 02:20:00 PM,33594.4,29522.5,17.39,,,16.836397674145818,34674.31755371694
460,06/05/23 02:30:00 PM,33594.4,29494.3,17.37,,,16.82308799065076,34656.78670352994
461,06/05/23 02:40:00 PM,33594.4,29522.5,17.38,,,16.842127177492085,34682.051127409795
462,06/05/23 02:50:00 PM,33594.4,29508.4,17.4,,,16.818295843270853,34650.09713085893
463,06/05/23 03:00:00 PM,33594.4,29506.0,17.54,,,16.736367139543532,34539.41547406882
464,06/05/23 03:10:00 PM,33594.4,29520.1,17.58,,,16.725960374996006,34525.121332459035
465,06/05/23 03:20:00 PM,33594.4,29550.7,17.7,,,16.684648862438856,34468.743794208225
466,06/05/23 03:30:00 PM,33594.4,29569.5,17.79,,,16.65019224262615,34421.79173360783
467,06/05/23 03:40:00 PM,33594.4,29609.6,17.85,,,16.65116623714814,34422.49575317038
468,06/05/23 03:50:00 PM,33594.4,29609.6,17.87,,,16.639914434371647,34407.25184777965
469,06/05/23 04:00:00 PM,33594.4,29616.7,17.85,,,16.657317169922457,34430.718713990915
470,06/05/23 04:10:00 PM,33594.4,29604.9,17.85,,,16.647094903082667,34417.05237649237
471,06/05/23 04:20:00 PM,33594.4,29588.4,17.82,,,16.649684343631797,34420.813498300246
472,06/05/23 04:30:00 PM,33594.4,29555.4,17.77,,,16.64922778198421,34420.701796721296
473,06/05/23 04:40:00 PM,33594.4,29555.4,17.75,,,16.660502524494927,34435.97441377619
474,06/05/23 04:50:00 PM,33594.4,29569.5,17.72,,,16.689691132700048,34475.28032578865
475,06/05/23 05:00:00 PM,33594.4,29574.2,17.74,,,16.682475778377285,34465.44022309099
476,06/05/23 05:10:00 PM,33594.4,29557.7,17.69,,,16.696392169447176,34484.5323150128
477,06/05/23 05:20:00 PM,33594.4,29569.5,17.72,,,16.689691132700048,34475.28032578865
478,06/05/23 05:30:00 PM,33594.4,29569.5,17.72,,,16.689691132700048,34475.28032578865
479,06/05/23 05:40:00 PM,33594.4,29576.6,17.74,,,16.684561074594573,34468.22642559304
480,06/05/23 05:50:00 PM,33594.4,29602.5,17.76,,,16.69576360107266,34482.9923572003
481,06/05/23 06:00:00 PM,33594.4,29588.4,17.77,,,16.677870910557907,34458.98739521413
482,06/05/23 06:10:00 PM,33594.4,29588.4,17.76,,,16.683516264308032,34466.630545894586
483,06/05/23 06:20:00 PM,33594.4,29555.4,17.75,,,16.660502524494927,34435.97441377619
484,06/05/23 06:30:00 PM,33594.4,29562.4,17.75,,,16.66658094470367,34444.09912421146
485,06/05/23 06:40:00 PM,33594.4,29560.1,17.75,,,16.664583669246355,34441.42957813545
486,06/05/23 06:50:00 PM,33594.4,29567.2,17.76,,,16.66510737921038,34442.02969516085
487,06/05/23 07:00:00 PM,33594.4,29555.4,17.76,,,16.654863813438528,34428.336709906864
488,06/05/23 07:10:00 PM,33594.4,29555.4,17.8,,,16.632335749796287,34397.81378805846
489,06/05/23 07:20:00 PM,33594.4,29562.4,17.79,,,16.644034265180142,34413.558059165305
490,06/05/23 07:30:00 PM,33594.4,29560.1,17.79,,,16.642039587729712,34410.89080926187
491,06/05/23 07:40:00 PM,33594.4,29567.2,17.77,,,16.659468014790896,34434.39183637864
492,06/05/23 07:50:00 PM,33594.4,29560.1,17.77,,,16.65330627119746,34426.154614166626
493,06/05/23 08:00:00 PM,33594.4,29571.9,17.77,,,16.663547326900044,34439.84463707398
494,06/05/23 08:10:00 PM,33594.4,29588.4,17.8,,,16.660950936213613,34436.07469105124
495,06/05/23 08:20:00 PM,33594.4,29574.2,17.8,,,16.64863575616684,34419.61094864037
496,06/05/23 08:30:00 PM,33594.4,29567.2,17.79,,,16.648197323004286,34419.12448861849
497,06/05/23 08:40:00 PM,33594.4,29562.4,17.65,,,16.723135602007815,34520.64745482369
498,06/05/23 08:50:00 PM,33594.4,29555.4,17.6,,,16.745405795733085,34550.87575466187
499,06/05/23 09:00:00 PM,33594.4,29543.6,17.59,,,16.740789214474493,34544.81503060202
500,06/05/23 09:10:00 PM,33594.4,29588.4,17.61,,,16.76851948616162,34581.61377051686
501,06/05/23 09:20:00 PM,33594.4,29586.0,17.63,,,16.75505744413433,34563.45339534374
502,06/05/23 09:30:00 PM,33594.4,29597.8,17.63,,,16.765349847529503,34577.18465390566
503,06/05/23 09:40:00 PM,33594.4,29595.5,17.66,,,16.74630450379275,34551.472604361516
504,06/05/23 09:50:00 PM,33594.4,29588.4,17.65,,,16.745792622470198,34550.889866972975
505,06/05/23 10:00:00 PM,33594.4,29604.9,17.65,,,16.760176331496254,34570.08205883609
506,06/05/23 10:10:00 PM,33594.4,29588.4,17.64,,,16.751470283291624,34558.5666273567
507,06/05/23 10:20:00 PM,33594.4,29623.8,17.64,,,16.78234490860811,34599.75137195114
508,06/05/23 10:30:00 PM,33594.4,29588.4,17.64,,,16.751470283291624,34558.5666273567
509,06/05/23 10:40:00 PM,33594.4,29574.2,17.64,,,16.73909078468579,34542.046084283334
510,06/05/23 10:50:00 PM,33594.4,29616.7,17.7,,,16.742077373629044,34545.43019711047
511,06/05/23 11:00:00 PM,33594.4,29616.7,17.7,,,16.742077373629044,34545.43019711047
512,06/05/23 11:10:00 PM,33594.4,29616.7,17.7,,,16.742077373629044,34545.43019711047
513,06/05/23 11:20:00 PM,33594.4,29699.6,17.71,,,16.80860966418866,34634.06333874917
514,06/05/23 11:30:00 PM,33594.4,29664.0,17.72,,,16.77191114091481,34585.03309421463
515,06/05/23 11:40:00 PM,33594.4,29664.0,17.72,,,16.77191114091481,34585.03309421463
516,06/05/23 11:50:00 PM,33594.4,29692.5,17.71,,,16.802421927913066,34625.81575998279
517,06/06/23 12:00:00 AM,33594.4,29692.5,17.71,,,16.802421927913066,34625.81575998279
518,06/06/23 12:10:00 AM,33594.4,29687.8,17.7,,,16.804015889727257,34628.04087835488
519,06/06/23 12:20:00 AM,33594.4,29692.5,17.7,,,16.80811291936906,34633.50172695666
520,06/06/23 12:30:00 AM,33594.4,29675.9,17.7,,,16.79364402309869,34614.21444430769
521,06/06/23 12:40:00 AM,33594.4,29678.3,17.69,,,16.801425326909524,34624.68819741713
522,06/06/23 12:50:00 AM,33594.4,29692.5,17.69,,,16.813806616908984,34641.19050435555
523,06/06/23 01:00:00 AM,33594.4,29687.8,17.67,,,16.821101103402125,34651.11211871126
524,06/06/23 01:10:00 AM,33594.4,29671.1,17.67,,,16.806531997773657,34631.6960858766
525,06/06/23 01:20:00 AM,33594.4,29699.6,17.66,,,16.837101778259466,34672.5301747468
526,06/06/23 01:30:00 AM,33594.4,29671.1,17.66,,,16.812227742071094,34639.38794353494
527,06/06/23 01:40:00 AM,33594.4,29692.5,17.66,,,16.830903961636206,34664.27371242432
528,06/06/23 01:50:00 AM,33594.4,29687.8,17.65,,,16.832504794131026,34666.50701348433
529,06/06/23 02:00:00 AM,33594.4,29683.0,17.65,,,16.828314114558207,34660.92396166668
530,06/06/23 02:10:00 AM,33594.4,29685.4,17.66,,,16.82470689268665,34656.017234610736
531,06/06/23 02:20:00 AM,33594.4,29683.0,17.66,,,16.822612277922186,34653.22630902928
532,06/06/23 02:30:00 AM,33594.4,29661.7,17.65,,,16.809722099213595,34636.14908363053
533,06/06/23 02:40:00 AM,33594.4,29678.3,17.67,,,16.81281278153425,34640.06708058642
534,06/06/23 02:50:00 AM,33594.4,29668.8,17.67,,,16.80452579837007,34629.022014769536
535,06/06/23 03:00:00 AM,33594.4,29647.5,17.66,,,16.791639417260996,34611.943661327874
536,06/06/23 03:10:00 AM,33594.4,29683.0,17.66,,,16.822612277922186,34653.22630902928
537,06/06/23 03:20:00 AM,33594.4,29668.8,17.65,,,16.815918689415415,34644.40739183412
538,06/06/23 03:30:00 AM,33594.4,29659.3,17.66,,,16.801932546240415,34625.66582383904
539,06/06/23 03:40:00 AM,33594.4,29683.0,17.66,,,16.822612277922186,34653.22630902928
540,06/06/23 03:50:00 AM,33594.4,29671.1,17.66,,,16.812227742071094,34639.38794353494
541,06/06/23 04:00:00 AM,33594.4,29678.3,17.67,,,16.81281278153425,34640.06708058642
542,06/06/23 04:10:00 AM,33594.4,29675.9,17.66,,,16.81641620958254,34644.96981048493
543,06/06/23 04:20:00 AM,33594.4,29678.3,17.66,,,16.81851057153956,34647.76074130396
544,06/06/23 04:30:00 AM,33594.4,29675.9,17.65,,,16.822116027906596,34652.66568451215
545,06/06/23 04:40:00 AM,33594.4,29647.5,17.64,,,16.803025619360458,34627.32399316079
546,06/06/23 04:50:00 AM,33594.4,29635.6,17.65,,,16.7869495179652,34605.79094394618
547,06/06/23 05:00:00 AM,33594.4,29647.5,17.65,,,16.797331164193857,34619.632420638496
548,06/06/23 05:10:00 AM,33594.4,29628.5,17.64,,,16.78644548308123,34605.21937390864
549,06/06/23 05:20:00 AM,33594.4,29664.0,17.65,,,16.81172936338818,34638.8243119319
550,06/06/23 05:30:00 AM,33594.4,29664.0,17.65,,,16.81172936338818,34638.8243119319
551,06/06/23 05:40:00 AM,33594.4,29628.5,17.65,,,16.780756428518323,34597.532563117034
552,06/06/23 05:50:00 AM,33594.4,29645.1,17.65,,,16.79523721747376,34616.840865826736
553,06/06/23 06:00:00 AM,33594.4,29640.4,17.64,,,16.79682925652436,34619.06385900784
554,06/06/23 06:10:00 AM,33594.4,29628.5,17.64,,,16.78644548308123,34605.21937390864
555,06/06/23 06:20:00 AM,33594.4,29642.7,17.61,,,16.81593198041957,34644.827677677975
556,06/06/23 06:30:00 AM,33594.4,29635.6,17.63,,,16.798334371318614,34621.170937861825
557,06/06/23 06:40:00 AM,33594.4,29623.8,17.61,,,16.7994243122291,34622.82515087042
558,06/06/23 06:50:00 AM,33594.4,29659.3,17.61,,,16.830435159941516,34664.152556873225
559,06/06/23 07:00:00 AM,33594.4,29635.6,17.63,,,16.798334371318614,34621.170937861825
560,06/06/23 07:10:00 AM,33594.4,29666.4,17.63,,,16.825226353155767,34657.01128693604
561,06/06/23 07:20:00 AM,33594.4,29664.0,17.63,,,16.82313036774917,34654.21854299885
562,06/06/23 07:30:00 AM,33594.4,29640.4,17.61,,,16.81392282686236,34642.1501274306
563,06/06/23 07:40:00 AM,33594.4,29666.4,17.63,,,16.825226353155767,34657.01128693604
564,06/06/23 07:50:00 AM,33594.4,29652.2,17.63,,,16.812826350659567,34640.487526075725
565,06/06/23 08:00:00 AM,33594.4,29659.3,17.63,,,16.819025977490913,34648.74941429766
566,06/06/23 08:10:00 AM,33594.4,29652.2,17.64,,,16.807127848961578,34632.79196073107
567,06/06/23 08:20:00 AM,33594.4,29692.5,17.65,,,16.836608499120697,34671.97374484911
568,06/06/23 08:30:00 AM,33594.4,29666.4,17.65,,,16.8138239836484,34641.615852770046
569,06/06/23 08:40:00 AM,33594.4,29638.0,17.65,,,16.789043126016683,34608.582505783575
570,06/06/23 08:50:00 AM,33594.4,29652.2,17.66,,,16.795738975164713,34617.40927356089
571,06/06/23 09:00:00 AM,33594.4,29616.7,17.67,,,16.759102054430254,34568.44805596064
572,06/06/23 09:10:00 AM,33594.4,29652.2,17.67,,,16.79004859994211,34609.72214906787
573,06/06/23 09:20:00 AM,33594.4,29628.5,17.67,,,16.769386435366247,34582.16737492089
574,06/06/23 09:30:00 AM,33594.4,29649.8,17.67,,,16.787955849386925,34606.93180004005
575,06/06/23 09:40:00 AM,33594.4,29671.1,17.7,,,16.789461007106024,34608.63738304786
576,06/06/23 09:50:00 AM,33594.4,29645.1,17.69,,,16.77248918954258,34586.105098340966
577,06/06/23 10:00:00 AM,33594.4,29630.9,17.69,,,16.760117882592873,34569.60258554863
578,06/06/23 10:10:00 AM,33594.4,29652.2,17.7,,,16.77299370225642,34586.67763596835
579,06/06/23 10:20:00 AM,33594.4,29666.4,17.72,,,16.774000992662685,34587.820430720094
580,06/06/23 10:30:00 AM,33594.4,29664.0,17.72,,,16.77191114091481,34585.03309421463
581,06/06/23 10:40:00 AM,33594.4,29685.4,17.74,,,16.77918422190093,34594.53243707257
582,06/06/23 10:50:00 AM,33594.4,29678.3,17.71,,,16.79004869573108,34609.32055638733
583,06/06/23 11:00:00 AM,33594.4,29666.4,17.7,,,16.785365468243956,34603.17650374982
584,06/06/23 11:10:00 AM,33594.4,29680.6,17.7,,,16.79774022385094,34619.675309977385
585,06/06/23 11:20:00 AM,33594.4,29687.8,17.71,,,16.798326231570552,34620.356086719905
586,06/06/23 11:30:00 AM,33594.4,29702.0,17.71,,,16.810701462203134,34636.85124922659
587,06/06/23 11:40:00 AM,33594.4,29694.9,17.71,,,16.804513473535103,34628.60367564968
588,06/06/23 11:50:00 AM,33594.4,29702.0,17.7,,,16.81639514887367,34644.5395918487
589,06/06/23 12:00:00 PM,33594.4,29716.3,17.7,,,16.828864604567343,34661.154431301155
590,06/06/23 12:10:00 PM,33594.4,29709.1,17.7,,,16.82258589865151,34652.78892552711
591,06/06/23 12:20:00 PM,33594.4,29735.3,17.72,,,16.834033533799886,34667.83946939494
592,06/06/23 12:30:00 PM,33594.4,29735.3,17.74,,,16.822640803576373,34652.46018892571
593,06/06/23 12:40:00 PM,33594.4,29735.3,17.75,,,16.81694849706564,34644.77476252721
594,06/06/23 12:50:00 PM,33594.4,29742.4,17.75,,,16.823132679429367,34653.01515358945
595,06/06/23 01:00:00 PM,33594.4,29735.3,17.75,,,16.81694849706564,34644.77476252721
596,06/06/23 01:10:00 PM,33594.4,29749.6,17.75,,,16.829404723873854,34661.3715909446
597,06/06/23 01:20:00 PM,33594.4,29761.5,17.76,,,16.834075674499715,34667.49373182439
598,06/06/23 01:30:00 PM,33594.4,29771.0,17.75,,,16.848051155699483,34686.208687316466
599,06/06/23 01:40:00 PM,33594.4,29749.6,17.76,,,16.823711070600233,34653.68540251484
600,06/06/23 01:50:00 PM,33594.4,29737.7,17.74,,,16.82473182808423,34655.246274220175
601,06/06/23 02:00:00 PM,33594.4,29749.6,17.76,,,16.823711070600233,34653.68540251484
602,06/06/23 02:10:00 PM,33594.4,29675.9,17.76,,,16.759566832311343,34568.16563838594
603,06/06/23 02:20:00 PM,33594.4,29749.6,17.77,,,16.81802012121636,34646.002021434004
604,06/06/23 02:30:00 PM,33594.4,29763.9,17.76,,,16.836166268261838,34670.27859978894
605,06/06/23 02:40:00 PM,33594.4,29671.1,17.76,,,16.75539197553705,34562.59577327615
606,06/06/23 02:50:00 PM,33594.4,29742.4,17.76,,,16.817441065621615,34645.33076236769
607,06/06/23 03:00:00 PM,33594.4,29771.0,17.8,,,16.819579625104346,34647.77911604456
608,06/06/23 03:10:00 PM,33594.4,29778.2,17.81,,,16.82015628523656,34648.44722055863
609,06/06/23 03:20:00 PM,33594.4,29785.3,17.8,,,16.83202315089354,34664.35795651057
610,06/06/23 03:30:00 PM,33594.4,29785.3,17.79,,,16.83771609524051,34672.04182201405
611,06/06/23 03:40:00 PM,33594.4,29763.9,17.81,,,16.80771830010658,34631.87191284492
612,06/06/23 03:50:00 PM,33594.4,29782.9,17.82,,,16.818558089515662,34646.21737677904
613,06/06/23 04:00:00 PM,33594.4,29771.0,17.79,,,16.825268524315945,34655.459417245205
614,06/06/23 04:10:00 PM,33594.4,29756.7,17.79,,,16.812823970857576,34638.87695117183
615,06/06/23 04:20:00 PM,33594.4,29763.9,17.8,,,16.81340249171612,34639.54764105206
616,06/06/23 04:30:00 PM,33594.4,29790.1,17.93,,,16.762420127867674,34570.27188256609
617,06/06/23 04:40:00 PM,33594.4,29723.4,17.88,,,16.732874307751114,34531.3463575533
618,06/06/23 04:50:00 PM,33594.4,29754.3,17.96,,,16.714470585722236,34505.9797509367
619,06/06/23 05:00:00 PM,33594.4,29593.1,17.85,,,16.636874696070656,34403.38599757663
620,06/06/23 05:10:00 PM,33594.4,29664.0,17.97,,,16.630779244825483,34394.04055153607
621,06/06/23 05:20:00 PM,33594.4,29699.6,18.06,,,16.61104780754875,34366.75301145061
622,06/06/23 05:30:00 PM,33594.4,29574.2,17.85,,,16.620509335713255,34381.49654164019
623,06/06/23 05:40:00 PM,33594.4,29508.4,17.85,,,16.563574906536893,34305.28797658145
624,06/06/23 05:50:00 PM,33594.4,29569.5,17.98,,,16.54364060394872,34277.29573124676
625,06/06/23 06:00:00 PM,33594.4,29560.1,18.27,,,16.374821700391124,34047.879929982344
626,06/06/23 06:10:00 PM,33594.4,29678.3,18.11,,,16.564769912472997,34304.31227815843
627,06/06/23 06:20:00 PM,33594.4,29583.7,18.13,,,16.472379522173494,34180.27254238627
628,06/06/23 06:30:00 PM,33594.4,29576.6,18.22,,,16.41648731941224,34104.35713579384
629,06/06/23 06:40:00 PM,33594.4,29680.6,18.26,,,16.483353611849243,34193.71565540754
630,06/06/23 06:50:00 PM,33594.4,29683.0,18.3,,,16.463266329874546,34166.37387083415
631,06/06/23 07:00:00 PM,33594.4,29642.7,18.43,,,16.357302566374205,34022.76244607809
632,06/06/23 07:10:00 PM,33594.4,29697.2,18.58,,,16.321472199736693,33973.10457972993
633,06/06/23 07:20:00 PM,33594.4,29706.7,18.11,,,16.589199994279134,34337.020534588395
634,06/06/23 07:30:00 PM,33594.4,29699.6,18.05,,,16.61664704440269,34374.34320091977
635,06/06/23 07:40:00 PM,33594.4,29664.0,17.95,,,16.64200827956282,34409.2559191959
636,06/06/23 07:50:00 PM,33594.4,29683.0,18.01,,,16.624744915110483,34385.57239996028
637,06/06/23 08:00:00 PM,33594.4,29683.0,18.03,,,16.613537144907593,34370.380868053704
638,06/06/23 08:10:00 PM,33594.4,29664.0,17.87,,,16.687031096541578,34470.22849300946
639,06/06/23 08:20:00 PM,33594.4,29666.4,17.81,,,16.722994308084715,34518.85682206172
640,06/06/23 08:30:00 PM,33594.4,29666.4,17.79,,,16.734310286975976,34534.16247931446
641,06/06/23 08:40:00 PM,33594.4,29652.2,17.79,,,16.721974696856496,34517.695528979755
642,06/06/23 08:50:00 PM,33594.4,29659.3,17.79,,,16.728142118983932,34525.9290117189
643,06/06/23 09:00:00 PM,33594.4,29675.9,17.79,,,16.742564635939434,34545.17906720215
644,06/06/23 09:10:00 PM,33594.4,29678.3,17.79,,,16.744650156364898,34547.96220090611
645,06/06/23 09:20:00 PM,33594.4,29666.4,17.8,,,16.728650953889204,34526.50825323126
646,06/06/23 09:30:00 PM,33594.4,29702.0,17.82,,,16.748249143750805,34552.46464214301
647,06/06/23 09:40:00 PM,33594.4,29721.0,17.86,,,16.742102469242443,34543.86237989118
648,06/06/23 09:50:00 PM,33594.4,29709.1,17.84,,,16.743091816571607,34545.38254625064
649,06/06/23 10:00:00 PM,33594.4,29713.9,17.86,,,16.735942599049007,34535.6414053801
650,06/06/23 10:10:00 PM,33594.4,29725.8,17.91,,,16.718007694155613,34511.20079727072
651,06/06/23 10:20:00 PM,33594.4,29742.4,17.92,,,16.726741795495236,34522.76131684625
652,06/06/23 10:30:00 PM,33594.4,29754.3,17.93,,,16.731402181794433,34528.88247458911
653,06/06/23 10:40:00 PM,33594.4,29740.0,17.93,,,16.71901760056445,34512.34972926285
654,06/06/23 10:50:00 PM,33594.4,29747.2,17.93,,,16.72525281783704,34520.6739162012
655,06/06/23 11:00:00 PM,33594.4,29754.3,17.96,,,16.714470585722236,34505.9797509367
656,06/06/23 11:10:00 PM,33594.4,29775.8,17.97,,,16.72743374780888,34523.18656389587
657,06/06/23 11:20:00 PM,33594.4,29730.5,18.0,,,16.671368863152388,34448.00693465522
658,06/06/23 11:30:00 PM,33594.4,29754.3,18.01,,,16.68630470913258,34467.86415379508
659,06/06/23 11:40:00 PM,33594.4,29747.2,18.02,,,16.674548099963758,34452.056635540896
660,06/06/23 11:50:00 PM,33594.4,29759.1,18.01,,,16.690451669882695,34473.404078978376
661,06/07/23 12:00:00 AM,33594.4,29773.4,18.01,,,16.702808161736346,34489.90840008526
662,06/07/23 12:10:00 AM,33594.4,29787.7,18.05,,,16.692645548981666,34475.93710510233
663,06/07/23 12:20:00 AM,33594.4,29794.9,18.07,,,16.687612491480515,34469.01510467889
664,06/07/23 12:30:00 AM,33594.4,29792.5,18.09,,,16.674304636088063,34451.036296982355
665,06/07/23 12:40:00 AM,33594.4,29782.9,18.11,,,16.654806721961503,34424.7788838408
666,06/07/23 12:50:00 AM,33594.4,29828.4,18.12,,,16.688402605027804,34469.574358612575
667,06/07/23 01:00:00 AM,33594.4,29806.8,18.14,,,16.65856991799899,34429.511924421095
668,06/07/23 01:10:00 AM,33594.4,29814.0,18.14,,,16.664769868534567,34437.79859552956
669,06/07/23 01:20:00 AM,33594.4,29833.1,18.17,,,16.664390766466504,34436.99478127908
670,06/07/23 01:30:00 AM,33594.4,29835.5,18.18,,,16.660850930434975,34432.16466868421
671,06/07/23 01:40:00 AM,33594.4,29818.8,18.17,,,16.652085678287058,34420.54715477976
672,06/07/23 01:50:00 AM,33594.4,29811.6,18.14,,,16.66270313417622,34435.03637344468
673,06/07/23 02:00:00 AM,33594.4,29835.5,18.13,,,16.688904050830047,34470.145028117644
674,06/07/23 02:10:00 AM,33594.4,29804.4,18.14,,,16.65650343618979,34426.74969748224
675,06/07/23 02:20:00 AM,33594.4,29806.8,18.14,,,16.65856991799899,34429.511924421095
676,06/07/23 02:30:00 AM,33594.4,29811.6,18.16,,,16.651492553842765,34419.85323784489
677,06/07/23 02:40:00 AM,33594.4,29797.3,18.16,,,16.639187974084617,34403.40200631692
678,06/07/23 02:50:00 AM,33594.4,29794.9,18.17,,,16.63152649727646,34393.05763754319
679,06/07/23 03:00:00 AM,33594.4,29816.4,18.19,,,16.638823425295463,34402.61776776398
680,06/07/23 03:10:00 AM,33594.4,29845.1,18.22,,,16.646705559367415,34412.859984043556
681,06/07/23 03:20:00 AM,33594.4,29852.3,18.24,,,16.641702646740757,34405.97338721554
682,06/07/23 03:30:00 AM,33594.4,29859.5,18.24,,,16.647887346851277,34414.24226458133
683,06/07/23 03:40:00 AM,33594.4,29859.5,18.24,,,16.647887346851277,34414.24226458133
684,06/07/23 03:50:00 AM,33594.4,29895.5,18.23,,,16.68442827461406,34463.175176435
685,06/07/23 04:00:00 AM,33594.4,29871.5,18.23,,,16.66379629696762,34435.606543115464
686,06/07/23 04:10:00 AM,33594.4,29866.7,18.23,,,16.65967090772691,34430.092797385776
687,06/07/23 04:20:00 AM,33594.4,29866.7,18.23,,,16.65967090772691,34430.092797385776
688,06/07/23 04:30:00 AM,33594.4,29866.7,18.22,,,16.665271659758332,34437.677222665116
689,06/07/23 04:40:00 AM,33594.4,29902.7,18.23,,,16.690619502658013,34471.445735455556
690,06/07/23 04:50:00 AM,33594.4,29895.5,18.24,,,16.67882216772545,34455.586437293576
691,06/07/23 05:00:00 AM,33594.4,29873.9,18.26,,,16.64906673474218,34415.62136557441
692,06/07/23 05:10:00 AM,33594.4,29888.3,18.24,,,16.67263369460721,34447.31763129396
693,06/07/23 05:20:00 AM,33594.4,29881.1,18.24,,,16.666445975830865,34439.04881102474
694,06/07/23 05:30:00 AM,33594.4,29881.1,18.24,,,16.666445975830865,34439.04881102474
695,06/07/23 05:40:00 AM,33594.4,29881.1,18.24,,,16.666445975830865,34439.04881102474
696,06/07/23 05:50:00 AM,33594.4,29830.8,18.22,,,16.634417853884067,34396.42998194375
697,06/07/23 06:00:00 AM,33594.4,29802.1,18.19,,,16.626529781303386,34386.17710920554
698,06/07/23 06:10:00 AM,33594.4,29782.9,18.17,,,16.62120704246387,34379.25530929783
699,06/07/23 06:20:00 AM,33594.4,29775.8,18.17,,,16.615102355858742,34371.08891280501
700,06/07/23 06:30:00 AM,33594.4,29754.3,18.18,,,16.591038101703155,34338.789026737075
701,06/07/23 06:40:00 AM,33594.4,29728.1,18.17,,,16.574108288574738,34316.22416536407
702,06/07/23 06:50:00 AM,33594.4,29763.9,18.18,,,16.599286814248174,34349.82860735723
703,06/07/23 07:00:00 AM,33594.4,29756.7,18.18,,,16.59310015353621,34341.54892430307
704,06/07/23 07:10:00 AM,33594.4,29721.0,18.18,,,16.56243582476343,34300.49528210161
705,06/07/23 07:20:00 AM,33594.4,29749.6,18.19,,,16.58142138162523,34325.81755994854
706,06/07/23 07:30:00 AM,33594.4,29747.2,18.19,,,16.57936024599253,34323.058247921996
707,06/07/23 07:40:00 AM,33594.4,29692.5,18.19,,,16.532406369012918,34260.168492808414
708,06/07/23 07:50:00 AM,33594.4,29740.0,18.19,,,16.573177344335424,34314.78030221462
709,06/07/23 08:00:00 AM,33594.4,29721.0,18.19,,,16.556864993412088,34292.935653914355
710,06/07/23 08:10:00 AM,33594.4,29678.3,18.13,,,16.553617718200705,34289.17828140961
711,06/07/23 08:20:00 AM,33594.4,29668.8,18.07,,,16.578926018788177,34323.66277401099
712,06/07/23 08:30:00 AM,33594.4,29668.8,18.06,,,16.58451400531414,34331.242592187664
713,06/07/23 08:40:00 AM,33594.4,29702.0,18.12,,,16.579572151377107,34324.03334500727
714,06/07/23 08:50:00 AM,33594.4,29716.3,18.13,,,16.586287360406516,34332.92406186747
715,06/07/23 09:00:00 AM,33594.4,29692.5,18.16,,,16.549103010499,34282.83458971456
716,06/07/23 09:10:00 AM,33594.4,29756.7,18.18,,,16.59310015353621,34341.54892430307
717,06/07/23 09:20:00 AM,33594.4,29742.4,18.21,,,16.56409258067858,34302.418084982986
718,06/07/23 09:30:00 AM,33594.4,29728.1,18.21,,,16.551822339464998,34285.9841627033
719,06/07/23 09:40:00 AM,33594.4,29725.8,18.18,,,16.566557675003498,34306.015120243064
720,06/07/23 09:50:00 AM,33594.4,29735.3,18.19,,,16.56914169240529,34309.376635420034
721,06/07/23 10:00:00 AM,33594.4,29721.0,18.18,,,16.56243582476343,34300.49528210161
722,06/07/23 10:10:00 AM,33594.4,29706.7,18.14,,,16.572451934782997,34314.30266804608
723,06/07/23 10:20:00 AM,33594.4,29699.6,18.13,,,16.571927305428346,34313.69899271289
724,06/07/23 10:30:00 AM,33594.4,29761.5,18.11,,,16.636373147235137,34400.13300406159
725,06/07/23 10:40:00 AM,33594.4,29744.8,18.12,,,16.616396777645548,34373.315142476284
726,06/07/23 10:50:00 AM,33594.4,29759.1,18.12,,,16.628706313076332,34389.78067449738
727,06/07/23 11:00:00 AM,33594.4,29730.5,18.12,,,16.60409023696488,34356.84955273187
728,06/07/23 11:10:00 AM,33594.4,29773.4,18.12,,,16.641018842229915,34406.24614880975
729,06/07/23 11:20:00 AM,33594.4,29759.1,18.13,,,16.623109027229095,34382.19513770907
730,06/07/23 11:30:00 AM,33594.4,29737.7,18.13,,,16.604694840674135,34357.55966431156
731,06/07/23 11:40:00 AM,33594.4,29752.0,18.13,,,16.616998904395977,34374.02170055661
732,06/07/23 11:50:00 AM,33594.4,29766.3,18.14,,,16.623709317908435,34382.89912804094
733,06/07/23 12:00:00 PM,33594.4,29766.3,18.14,,,16.623709317908435,34382.89912804094
734,06/07/23 12:10:00 PM,33594.4,29749.6,18.16,,,16.598165638791475,34348.525806051905
735,06/07/23 12:20:00 PM,33594.4,29766.3,18.16,,,16.6125239714773,34367.73830085432
736,06/07/23 12:30:00 PM,33594.4,29749.6,18.16,,,16.598165638791475,34348.525806051905
737,06/07/23 12:40:00 PM,33594.4,29752.0,18.16,,,16.600228860761423,34351.28688795596
738,06/07/23 12:50:00 PM,33594.4,29742.4,18.17,,,16.586394421924084,34332.67215432863
739,06/07/23 01:00:00 PM,33594.4,29742.4,18.16,,,16.591976478470347,34340.24255065776
740,06/07/23 01:10:00 PM,33594.4,29759.1,18.16,,,16.606333052396565,34359.455079141655
741,06/07/23 01:20:00 PM,33594.4,29742.4,18.16,,,16.591976478470347,34340.24255065776
742,06/07/23 01:30:00 PM,33594.4,29742.4,18.16,,,16.591976478470347,34340.24255065776
743,06/07/23 01:40:00 PM,33594.4,29744.8,18.17,,,16.588456723483986,34335.43265036846
744,06/07/23 01:50:00 PM,33594.4,29752.0,18.17,,,16.594644133646163,34343.7141288239
745,06/07/23 02:00:00 PM,33594.4,29737.7,18.16,,,16.58793674130479,34334.83541777374
746,06/07/23 02:10:00 PM,33594.4,29752.0,18.17,,,16.594644133646163,34343.7141288239
747,06/07/23 02:20:00 PM,33594.4,29716.3,18.17,,,16.56397233387234,34302.651655872294
748,06/07/23 02:30:00 PM,33594.4,29716.3,18.17,,,16.56397233387234,34302.651655872294
749,06/07/23 02:40:00 PM,33594.4,29744.8,18.17,,,16.588456723483986,34335.43265036846
750,06/07/23 02:50:00 PM,33594.4,29744.8,18.17,,,16.588456723483986,34335.43265036846
751,06/07/23 03:00:00 PM,33594.4,29742.4,18.18,,,16.5808150053867,34325.104510893514
752,06/07/23 03:10:00 PM,33594.4,29735.3,18.18,,,16.574716497296563,34316.939780933644
753,06/07/23 03:20:00 PM,33594.4,29694.9,18.19,,,16.53446558430201,34262.92784142268
754,06/07/23 03:30:00 PM,33594.4,29728.1,18.19,,,16.562960043563486,34301.09866584056
755,06/07/23 03:40:00 PM,33594.4,29730.5,18.21,,,16.553881471929017,34288.74230746941
756,06/07/23 03:50:00 PM,33594.4,29763.9,18.23,,,16.571399424222996,34312.00521627876
757,06/07/23 04:00:00 PM,33594.4,29742.4,18.22,,,16.55852370903236,34294.86144015843
758,06/07/23 04:10:00 PM,33594.4,29716.3,18.21,,,16.541699496313576,34272.423261010284
759,06/07/23 04:20:00 PM,33594.4,29737.7,18.21,,,16.5600593744743,34297.01673217411
760,06/07/23 04:30:00 PM,33594.4,29721.0,18.21,,,16.545731232273013,34277.82464174082
761,06/07/23 04:40:00 PM,33594.4,29692.5,18.21,,,16.521288431555664,34245.07149419272
762,06/07/23 04:50:00 PM,33594.4,29675.9,18.18,,,16.523724076207362,34248.63148862475
763,06/07/23 05:00:00 PM,33594.4,29673.5,18.19,,,16.516107224245445,34238.32359291891
764,06/07/23 05:10:00 PM,33594.4,29721.0,18.21,,,16.545731232273013,34277.82464174082
765,06/07/23 05:20:00 PM,33594.4,29709.1,18.21,,,16.535523846379274,34264.14879352753
766,06/07/23 05:30:00 PM,33594.4,29721.0,18.22,,,16.54016829946197,34270.273255165266
767,06/07/23 05:40:00 PM,33594.4,29716.3,18.22,,,16.536137867603255,34264.87302931606
768,06/07/23 05:50:00 PM,33594.4,29709.1,18.21,,,16.535523846379274,34264.14879352753
769,06/07/23 06:00:00 PM,33594.4,29723.4,18.22,,,16.542226516864744,34273.03081493993
770,06/07/23 06:10:00 PM,33594.4,29709.1,18.22,,,16.529964215284487,34256.60033103578
771,06/07/23 06:20:00 PM,33594.4,29673.5,18.21,,,16.504999832624005,34223.235937150734
772,06/07/23 06:30:00 PM,33594.4,29699.6,18.21,,,16.527376579512865,34253.23107134749
773,06/07/23 06:40:00 PM,33594.4,29709.1,18.22,,,16.529964215284487,34256.60033103578
774,06/07/23 06:50:00 PM,33594.4,29709.1,18.22,,,16.529964215284487,34256.60033103578
775,06/07/23 07:00:00 PM,33594.4,29699.6,18.22,,,16.52181958387228,34245.68494326185
776,06/07/23 07:10:00 PM,33594.4,29721.0,18.22,,,16.54016829946197,34270.273255165266
777,06/07/23 07:20:00 PM,33594.4,29694.9,18.22,,,16.517790622646434,34240.284689533524
778,06/07/23 07:30:00 PM,33594.4,29716.3,18.23,,,16.53057886814339,34257.32554184253
779,06/07/23 07:40:00 PM,33594.4,29723.4,18.23,,,16.536665548217464,34265.48158345984
780,06/07/23 07:50:00 PM,33594.4,29711.5,18.23,,,16.526464346897505,34251.81159031383
781,06/07/23 08:00:00 PM,33594.4,29735.3,18.23,,,16.546868818810797,34279.15153743885
782,06/07/23 08:10:00 PM,33594.4,29721.0,18.24,,,16.529050321805915,34255.17871456893
783,06/07/23 08:20:00 PM,33594.4,29709.1,18.24,,,16.51885283669716,34241.511635605886
784,06/07/23 08:30:00 PM,33594.4,29735.3,18.23,,,16.546868818810797,34279.15153743885
785,06/07/23 08:40:00 PM,33594.4,29742.4,18.24,,,16.547393861554134,34279.75638846076
786,06/07/23 08:50:00 PM,33594.4,29763.9,18.24,,,16.56582985294466,34304.448784026834
787,06/07/23 09:00:00 PM,33594.4,29752.0,18.26,,,16.54450026124967,34275.68305770108
788,06/07/23 09:10:00 PM,33594.4,29756.7,18.24,,,16.55965518804187,34296.17971692484
789,06/07/23 09:20:00 PM,33594.4,29749.6,18.26,,,16.542443702794504,34272.927873670444
790,06/07/23 09:30:00 PM,33594.4,29771.0,18.24,,,16.571919499512966,34312.60298897037
791,06/07/23 09:40:00 PM,33594.4,29778.2,18.24,,,16.578095666957918,34320.87202767114
792,06/07/23 09:50:00 PM,33594.4,29799.7,18.27,,,16.579820190167656,34322.88503219327
793,06/07/23 10:00:00 PM,33594.4,29771.0,18.26,,,16.560784315098672,34297.49487540066
794,06/07/23 10:10:00 PM,33594.4,29778.2,18.28,,,16.555827836611464,34290.6597101254
795,06/07/23 10:20:00 PM,33594.4,29814.0,18.28,,,16.586508645806177,34331.739868786986
796,06/07/23 10:30:00 PM,33594.4,29814.0,18.28,,,16.586508645806177,34331.739868786986
797,06/07/23 10:40:00 PM,33594.4,29806.8,18.27,,,16.58590763831362,34331.03394132256
798,06/07/23 10:50:00 PM,33594.4,29799.7,18.27,,,16.579820190167656,34322.88503219327
799,06/07/23 11:00:00 PM,33594.4,29799.7,18.27,,,16.579820190167656,34322.88503219327
800,06/07/23 11:10:00 PM,33594.4,29818.8,18.27,,,16.596197952594792,34344.80671407518
801,06/07/23 11:20:00 PM,33594.4,29840.3,18.26,,,16.620222865085534,34377.049770007536
802,06/07/23 11:30:00 PM,33594.4,29849.9,18.24,,,16.63964124780665,34403.217091587336
803,06/07/23 11:40:00 PM,33594.4,29799.7,18.24,,,16.59654288996413,34345.56421093098
804,06/07/23 11:50:00 PM,33594.4,29811.6,18.23,,,16.612338918349707,34366.799135775465
805,06/08/23 12:00:00 AM,33594.4,29835.5,18.22,,,16.638456141528366,34401.83005880313
806,06/08/23 12:10:00 AM,33594.4,29806.8,18.21,,,16.61938858591572,34376.42749337935
807,06/08/23 12:20:00 AM,33594.4,29806.8,18.19,,,16.630570020294293,34391.58068857602
808,06/08/23 12:30:00 AM,33594.4,29802.1,18.18,,,16.63212315774385,34393.75668388005
809,06/08/23 12:40:00 AM,33594.4,29830.8,18.16,,,16.668018085638003,34441.94151465904
810,06/08/23 12:50:00 AM,33594.4,29821.2,18.16,,,16.65975464680357,34430.89738914461
811,06/08/23 01:00:00 AM,33594.4,29814.0,18.14,,,16.664769868534567,34437.79859552956
812,06/08/23 01:10:00 AM,33594.4,29804.4,18.14,,,16.65650343618979,34426.74969748224
813,06/08/23 01:20:00 AM,33594.4,29821.2,18.14,,,16.670970576630427,34446.08525207731
814,06/08/23 01:30:00 AM,33594.4,29828.4,18.14,,,16.677172042155856,34454.37189406622
815,06/08/23 01:40:00 AM,33594.4,29837.9,18.13,,,16.69097229250419,34472.90782528893
816,06/08/23 01:50:00 AM,33594.4,29866.7,18.12,,,16.721425051567646,34513.67331742619
817,06/08/23 02:00:00 AM,33594.4,29828.4,18.12,,,16.688402605027804,34469.574358612575
818,06/08/23 02:10:00 AM,33594.4,29866.7,18.11,,,16.727055011415946,34521.288139748445
819,06/08/23 02:20:00 AM,33594.4,29849.9,18.11,,,16.71256264068733,34501.940381011096
820,06/08/23 02:30:00 AM,33594.4,29849.9,18.09,,,16.72382116777958,34517.17005426839
821,06/08/23 02:40:00 AM,33594.4,29849.9,18.09,,,16.72382116777958,34517.17005426839
822,06/08/23 02:50:00 AM,33594.4,29849.9,18.09,,,16.72382116777958,34517.17005426839
823,06/08/23 03:00:00 AM,33594.4,29857.1,18.08,,,16.735670975494454,34533.08628303134
824,06/08/23 03:10:00 AM,33594.4,29866.7,18.08,,,16.743960883541952,34544.14923908893
825,06/08/23 03:20:00 AM,33594.4,29840.3,18.07,,,16.726800121960167,34521.34544563412
826,06/08/23 03:30:00 AM,33594.4,29871.5,18.07,,,16.753748312128202,34557.30780698013
827,06/08/23 03:40:00 AM,33594.4,29859.5,18.07,,,16.7433819389528,34543.4761622973
828,06/08/23 03:50:00 AM,33594.4,29883.5,18.06,,,16.769764789544038,34578.77225003538
829,06/08/23 04:00:00 AM,33594.4,29818.8,18.05,,,16.719500801906673,34511.800030617575
830,06/08/23 04:10:00 AM,23104.7,23309.7,18.05,,,11.424733198621105,26999.627272312075
831,06/08/23 04:20:00 AM,23119.9,23330.2,18.03,,,11.448132044417767,27035.32315709281
832,06/08/23 04:30:00 AM,25857.1,24759.3,18.05,,,12.544793928118363,28673.716377685745
833,06/08/23 04:40:00 AM,29507.3,26938.2,18.03,,,14.303296870348117,31202.668067073395
834,06/08/23 04:50:00 AM,29547.4,27002.2,18.03,,,14.355846382228346,31276.554394839994
835,06/08/23 05:00:00 AM,25620.3,24712.6,18.02,,,12.520936640618313,28638.861540372625
836,06/08/23 05:10:00 AM,29680.6,26920.2,18.01,,,14.298220082970523,31195.70771323193
837,06/08/23 05:20:00 AM,28811.8,26473.7,18.01,,,13.933290166576262,30679.97618883021
838,06/08/23 05:30:00 AM,33594.4,29902.7,18.01,,,16.814671155453322,34639.13710742088
839,06/08/23 05:40:00 AM,33594.4,29852.3,18.0,,,16.77669413008272,34588.611459470696
840,06/08/23 05:50:00 AM,33594.4,29725.8,18.0,,,16.667308951643996,34442.58122272067
841,06/08/23 06:00:00 AM,33594.4,29647.5,18.0,,,16.599720333692122,34352.19023200413
842,06/08/23 06:10:00 AM,33594.4,29747.2,17.98,,,16.697056829177505,34482.525419410515
843,06/08/23 06:20:00 AM,33594.4,29785.3,17.97,,,16.735655257158946,34534.16034224187
844,06/08/23 06:30:00 AM,33594.4,29702.0,17.97,,,16.66361077433918,34437.93674113658
845,06/08/23 06:40:00 AM,33594.4,29583.7,17.97,,,16.561471018276478,34301.27959094223
846,06/08/23 06:50:00 AM,33594.4,29614.3,17.97,,,16.587871161138477,34336.62832265939
847,06/08/23 07:00:00 AM,33594.4,29513.1,17.97,,,16.500613618279164,34219.7223266559
848,06/08/23 07:10:00 AM,33594.4,29550.7,17.97,,,16.533015762050372,34263.15810420265
849,06/08/23 07:20:00 AM,33594.4,29713.9,17.97,,,16.673896596809296,34451.68309320036
850,06/08/23 07:30:00 AM,33594.4,29866.7,17.97,,,16.806154909810026,34628.18722305721
851,06/08/23 07:40:00 AM,33594.4,29909.9,17.97,,,16.843609417081748,34678.0876872901
852,06/08/23 07:50:00 AM,33594.4,29890.7,17.98,,,16.821285449098106,34648.25008775992
853,06/08/23 08:00:00 AM,33594.4,29890.7,17.98,,,16.821285449098106,34648.25008775992
854,06/08/23 08:10:00 AM,33594.4,29876.3,17.98,,,16.8088056722837,34631.62014598652
855,06/08/23 08:20:00 AM,33594.4,29890.7,17.98,,,16.821285449098106,34648.25008775992
856,06/08/23 08:30:00 AM,33594.4,29897.9,18.0,,,16.81618220173883,34641.25047705231
857,06/08/23 08:40:00 AM,33594.4,29912.3,18.0,,,16.828658442881263,34657.87320033262
858,06/08/23 08:50:00 AM,33594.4,29919.6,18.01,,,16.829310161956528,34658.64150982336
859,06/08/23 09:00:00 AM,33594.4,29905.1,18.01,,,16.81674981310706,34641.90696838177
860,06/08/23 09:10:00 AM,33594.4,29883.5,18.01,,,16.79804492818569,34616.978160153245
861,06/08/23 09:20:00 AM,33594.4,29919.6,18.01,,,16.829310161956528,34658.64150982336
862,06/08/23 09:30:00 AM,33594.4,29893.1,18.0,,,16.812024129007234,34635.70955602861
863,06/08/23 09:40:00 AM,33594.4,29905.1,18.01,,,16.81674981310706,34641.90696838177
864,06/08/23 09:50:00 AM,33594.4,29941.2,18.02,,,16.842348874071718,34675.909076318334
865,06/08/23 10:00:00 AM,33594.4,29934.0,18.03,,,16.830438504304404,34659.94489506931
866,06/08/23 10:10:00 AM,33594.4,29934.0,18.03,,,16.830438504304404,34659.94489506931
867,06/08/23 10:20:00 AM,33594.4,29936.4,18.05,,,16.821177881121343,34647.407825334834
868,06/08/23 10:30:00 AM,33594.4,29955.7,18.05,,,16.837883987834797,34669.66280946227
869,06/08/23 10:40:00 AM,33594.4,29926.8,18.05,,,16.812870133422553,34636.33794913689
870,06/08/23 10:50:00 AM,33594.4,29934.0,18.05,,,16.819100818013524,34644.64035874797
871,06/08/23 11:00:00 AM,33594.4,29941.2,18.03,,,16.836673983904287,34668.2508478653
872,06/08/23 11:10:00 AM,33594.4,29955.7,18.06,,,16.8322130868275,34662.009360259915
873,06/08/23 11:20:00 AM,33594.4,29907.5,18.05,,,16.79617217283332,34614.08280602842
874,06/08/23 11:30:00 AM,33594.4,29958.1,18.06,,,16.834290237577676,34664.776219342144
875,06/08/23 11:40:00 AM,33594.4,29958.1,18.07,,,16.828621347204095,34657.12496294173
876,06/08/23 11:50:00 AM,33594.4,29941.2,18.07,,,16.8140012666458,34637.645800704246
877,06/08/23 12:00:00 PM,33594.4,29941.2,18.08,,,16.80833979048425,34630.0014990066
878,06/08/23 12:10:00 PM,33594.4,29955.7,18.09,,,16.815216475949576,34639.06571897877
879,06/08/23 12:20:00 PM,33594.4,29955.7,18.11,,,16.80389879676972,34623.783866938065
880,06/08/23 12:30:00 PM,33594.4,29955.7,18.11,,,16.80389879676972,34623.783866938065
881,06/08/23 12:40:00 PM,33594.4,29979.8,18.11,,,16.82472693129521,34651.537943772855
882,06/08/23 12:50:00 PM,33594.4,29955.7,18.08,,,16.82087933242376,34646.710816331215
883,06/08/23 01:00:00 PM,33594.4,29955.7,18.09,,,16.815216475949576,34639.06571897877
884,06/08/23 01:10:00 PM,33594.4,29955.7,18.11,,,16.80389879676972,34623.783866938065
885,06/08/23 01:20:00 PM,33594.4,29955.7,18.09,,,16.815216475949576,34639.06571897877
886,06/08/23 01:30:00 PM,33594.4,29977.4,18.11,,,16.822652380834768,34648.774059638345
887,06/08/23 01:40:00 PM,33594.4,29972.6,18.11,,,16.81850353163928,34643.24628650266
888,06/08/23 01:50:00 PM,33594.4,29970.2,18.11,,,16.816429232913883,34640.48239750137
889,06/08/23 02:00:00 PM,33594.4,29955.7,18.13,,,16.792591819043512,34608.513129712264
890,06/08/23 02:10:00 PM,33594.4,29970.2,18.13,,,16.805114149176184,34625.20451493308
891,06/08/23 02:20:00 PM,33594.4,29962.9,18.13,,,16.798809420892763,34616.80127319748
892,06/08/23 02:30:00 PM,33594.4,29982.2,18.16,,,16.79851714521785,34616.11317093982
893,06/08/23 02:40:00 PM,33594.4,29955.7,18.16,,,16.775651390840444,34585.627841242356
894,06/08/23 02:50:00 PM,33594.4,29970.2,18.16,,,16.78816157532783,34602.308517618025
895,06/08/23 03:00:00 PM,33594.4,29984.7,18.18,,,16.78937836366211,34603.73187331024
896,06/08/23 03:10:00 PM,33594.4,29991.9,18.21,,,16.778658260028855,34589.140684759055
897,06/08/23 03:20:00 PM,33594.4,30004.0,18.23,,,16.777806541381025,34587.806391770224
898,06/08/23 03:30:00 PM,33594.4,30023.4,18.27,,,16.771970043954312,34579.62642434288
899,06/08/23 03:40:00 PM,33594.4,30033.0,18.26,,,16.785868696743716,34598.25826092136
900,06/08/23 03:50:00 PM,33594.4,30028.2,18.23,,,16.79865708930879,34615.603879698356
901,06/08/23 04:00:00 PM,33594.4,30018.5,18.24,,,16.78465830647184,34596.843004139584
902,06/08/23 04:10:00 PM,33594.4,30023.4,18.24,,,16.788879092751888,34602.47021215066
903,06/08/23 04:20:00 PM,33594.4,30028.2,18.27,,,16.77610102494122,34585.13525377097
904,06/08/23 04:30:00 PM,33594.4,30050.0,18.27,,,16.794866764855165,34610.154441606755
905,06/08/23 04:40:00 PM,33594.4,30069.4,18.28,,,16.80592852711701,34624.798775144896
906,06/08/23 04:50:00 PM,33594.4,30062.1,18.29,,,16.794004676561357,34608.806847046224
907,06/08/23 05:00:00 PM,33594.4,30057.3,18.28,,,16.795511794118628,34610.91502323797
908,06/08/23 05:10:00 PM,33594.4,30040.3,18.28,,,16.780880296083584,34591.4088581487
909,06/08/23 05:20:00 PM,33594.4,30071.8,18.27,,,16.813639388405313,34635.173499745426
910,06/08/23 05:30:00 PM,33594.4,30064.6,18.27,,,16.807438494769006,34626.910338921305
911,06/08/23 05:40:00 PM,33594.4,30045.2,18.27,,,16.790734267724627,34604.64564074267
912,06/08/23 05:50:00 PM,33594.4,30064.6,18.28,,,16.801796015775285,34619.29117585373
913,06/08/23 06:00:00 PM,33594.4,30079.1,18.28,,,16.81428066165064,34635.92869623055
914,06/08/23 06:10:00 PM,33594.4,30076.7,18.28,,,16.812214027359627,34633.17490370782
915,06/08/23 06:20:00 PM,33594.4,30064.6,18.28,,,16.801796015775285,34619.29117585373
916,06/08/23 06:30:00 PM,33594.4,30040.3,18.28,,,16.780880296083584,34591.4088581487
917,06/08/23 06:40:00 PM,33594.4,30050.0,18.28,,,16.789228344018618,34602.53885610845
918,06/08/23 06:50:00 PM,33594.4,30069.4,18.28,,,16.80592852711701,34624.798775144896
919,06/08/23 07:00:00 PM,33594.4,30071.8,18.28,,,16.807994907848006,34627.55257243781
920,06/08/23 07:10:00 PM,33594.4,30079.1,18.29,,,16.808636816019895,34628.30874708322
921,06/08/23 07:20:00 PM,33594.4,30071.8,18.29,,,16.80235309087787,34619.93441139519
922,06/08/23 07:30:00 PM,33594.4,30101.0,18.3,,,16.82184534957631,34645.809121383885
923,06/08/23 07:40:00 PM,33594.4,30086.4,18.3,,,16.809278101490538,34629.06409725207
924,06/08/23 07:50:00 PM,33594.4,30084.0,18.29,,,16.812855091361076,34633.92986839554
925,06/08/23 08:00:00 PM,33594.4,30064.6,18.29,,,16.79615619948936,34611.67477844828
926,06/08/23 08:10:00 PM,33594.4,30057.3,18.29,,,16.78987400611504,34603.30041399207
927,06/08/23 08:20:00 PM,33594.4,30086.4,18.29,,,16.81492131212753,34636.6830682908
928,06/08/23 08:30:00 PM,33594.4,30040.3,18.28,,,16.780880296083584,34591.4088581487
929,06/08/23 08:40:00 PM,33594.4,30086.4,18.28,,,16.820567186609225,34644.30480551524
930,06/08/23 08:50:00 PM,33594.4,30069.4,18.28,,,16.80592852711701,34624.798775144896
931,06/08/23 09:00:00 PM,33594.4,30069.4,18.28,,,16.80592852711701,34624.798775144896
932,06/08/23 09:10:00 PM,33594.4,30057.3,18.28,,,16.795511794118628,34610.91502323797
933,06/08/23 09:20:00 PM,33594.4,30069.4,18.29,,,16.800287377062194,34617.18120197835
934,06/08/23 09:30:00 PM,33594.4,30071.8,18.28,,,16.807994907848006,34627.55257243781
935,06/08/23 09:40:00 PM,33594.4,30079.1,18.28,,,16.81428066165064,34635.92869623055
936,06/08/23 09:50:00 PM,33594.4,30084.0,18.28,,,16.818500298802277,34641.55101776206
937,06/08/23 10:00:00 PM,33594.4,30076.7,18.28,,,16.812214027359627,34633.17490370782
938,06/08/23 10:10:00 PM,33594.4,30086.4,18.28,,,16.820567186609225,34644.30480551524
939,06/08/23 10:20:00 PM,33594.4,30064.6,18.29,,,16.79615619948936,34611.67477844828
940,06/08/23 10:30:00 PM,33594.4,30069.4,18.29,,,16.800287377062194,34617.18120197835
941,06/08/23 10:40:00 PM,33594.4,30064.6,18.29,,,16.79615619948936,34611.67477844828
942,06/08/23 10:50:00 PM,33594.4,30086.4,18.29,,,16.81492131212753,34636.6830682908
943,06/08/23 11:00:00 PM,33594.4,30071.8,18.3,,,16.796713935970054,34612.319015316396
944,06/08/23 11:10:00 PM,33594.4,30091.3,18.29,,,16.81914010489098,34642.304179884435
945,06/08/23 11:20:00 PM,33594.4,30086.4,18.29,,,16.81492131212753,34636.6830682908
946,06/08/23 11:30:00 PM,33594.4,30079.1,18.29,,,16.808636816019895,34628.30874708322
947,06/08/23 11:40:00 PM,33594.4,30069.4,18.3,,,16.794648888776724,34609.56639357475
948,06/08/23 11:50:00 PM,33594.4,30086.4,18.32,,,16.797999665652682,34613.834448528716
949,06/09/23 12:00:00 AM,33594.4,30076.7,18.32,,,16.789657282615728,34602.71404562832
950,06/09/23 12:10:00 AM,33594.4,30069.4,18.32,,,16.783379891419987,34594.34506585581
951,06/09/23 12:20:00 AM,33594.4,30093.7,18.32,,,16.804278850813848,34622.20339477367
952,06/09/23 12:30:00 AM,33594.4,30079.1,18.3,,,16.802995633342643,34620.69156351066
953,06/09/23 12:40:00 AM,33594.4,30098.6,18.29,,,16.825425889162496,34650.67847689606
954,06/09/23 12:50:00 AM,33594.4,30110.7,18.3,,,16.830196526426985,34656.93420820441
955,06/09/23 01:00:00 AM,33594.4,30093.7,18.29,,,16.82120657906673,34645.057375019824
956,06/09/23 01:10:00 AM,33594.4,30064.6,18.29,,,16.79615619948936,34611.67477844828
957,06/09/23 01:20:00 AM,33594.4,30086.4,18.29,,,16.81492131212753,34636.6830682908
958,06/09/23 01:30:00 AM,33594.4,30079.1,18.29,,,16.808636816019895,34628.30874708322
959,06/09/23 01:40:00 AM,33594.4,30084.0,18.28,,,16.818500298802277,34641.55101776206
960,06/09/23 01:50:00 AM,33594.4,30062.1,18.28,,,16.799643798208592,34616.42263207138
961,06/09/23 02:00:00 AM,33594.4,30050.0,18.28,,,16.789228344018618,34602.53885610845
962,06/09/23 02:10:00 AM,33594.4,30069.4,18.27,,,16.811572340465872,34632.41911437548
963,06/09/23 02:20:00 AM,33594.4,30079.1,18.27,,,16.81992717176016,34643.5514122541
964,06/09/23 02:30:00 AM,33594.4,30086.4,18.28,,,16.820567186609225,34644.30480551524
965,06/09/23 02:40:00 AM,33594.4,30091.3,18.29,,,16.81914010489098,34642.304179884435
966,06/09/23 02:50:00 AM,33594.4,30093.7,18.28,,,16.82685448258965,34652.68090029379
967,06/09/23 03:00:00 AM,33594.4,30091.3,18.28,,,16.824787341310866,34649.92711730954
968,06/09/23 03:10:00 AM,33594.4,30086.4,18.28,,,16.820567186609225,34644.30480551524
969,06/09/23 03:20:00 AM,33594.4,30091.3,18.28,,,16.824787341310866,34649.92711730954
970,06/09/23 03:30:00 AM,33594.4,30079.1,18.28,,,16.81428066165064,34635.92869623055
971,06/09/23 03:40:00 AM,33594.4,30057.3,18.28,,,16.795511794118628,34610.91502323797
972,06/09/23 03:50:00 AM,33594.4,30101.0,18.29,,,16.827492616703474,34653.43166727222
973,06/09/23 04:00:00 AM,33594.4,30086.4,18.28,,,16.820567186609225,34644.30480551524
974,06/09/23 04:10:00 AM,33594.4,30071.8,18.28,,,16.807994907848006,34627.55257243781
975,06/09/23 04:20:00 AM,33594.4,30069.4,18.27,,,16.811572340465872,34632.41911437548
976,06/09/23 04:30:00 AM,33594.4,30108.3,18.27,,,16.845086017301384,34677.062916951334
977,06/09/23 04:40:00 AM,33594.4,30069.4,18.27,,,16.811572340465872,34632.41911437548
978,06/09/23 04:50:00 AM,33594.4,30054.9,18.28,,,16.79344591716508,34608.16121646816
979,06/09/23 05:00:00 AM,33594.4,30079.1,18.28,,,16.81428066165064,34635.92869623055
980,06/09/23 05:10:00 AM,33594.4,30069.4,18.27,,,16.811572340465872,34632.41911437548
981,06/09/23 05:20:00 AM,33594.4,30047.6,18.27,,,16.792800474572015,34607.40004196072
982,06/09/23 05:30:00 AM,33594.4,30054.9,18.28,,,16.79344591716508,34608.16121646816
983,06/09/23 05:40:00 AM,33594.4,30064.6,18.29,,,16.79615619948936,34611.67477844828
984,06/09/23 05:50:00 AM,33594.4,30069.4,18.29,,,16.800287377062194,34617.18120197835
985,06/09/23 06:00:00 AM,33594.4,30079.1,18.29,,,16.808636816019895,34628.30874708322
986,06/09/23 06:10:00 AM,33594.4,30093.7,18.32,,,16.804278850813848,34622.20339477367
987,06/09/23 06:20:00 AM,33594.4,30137.5,18.38,,,16.8081135954478,34626.719149122524
988,06/09/23 06:30:00 AM,33594.4,30103.4,18.39,,,16.773199802311538,34580.07784870399
989,06/09/23 06:40:00 AM,33594.4,30144.9,18.39,,,16.808836451425034,34627.58337322009
990,06/09/23 06:50:00 AM,33594.4,30142.4,18.4,,,16.801056811671042,34617.116562602576
991,06/09/23 07:00:00 AM,33594.4,30174.2,18.39,,,16.83401173130095,34661.12314205363
992,06/09/23 07:10:00 AM,33594.4,30157.1,18.39,,,16.819317488645453,34641.548765483596
993,06/09/23 07:20:00 AM,33594.4,30179.0,18.39,,,16.838137187884758,34666.61768990976
994,06/09/23 07:30:00 AM,33594.4,30186.4,18.4,,,16.83885358317149,34667.472658972314
995,06/09/23 07:40:00 AM,33594.4,30174.2,18.4,,,16.828370776370893,34653.51033832484
996,06/09/23 07:50:00 AM,33594.4,30174.2,18.4,,,16.828370776370893,34653.51033832484
997,06/09/23 08:00:00 AM,33594.4,30201.0,18.42,,,16.840112623758184,34668.95121254553
998,06/09/23 08:10:00 AM,33594.4,30174.2,18.42,,,16.817096838359223,34638.29300725388
999,06/09/23 08:20:00 AM,33594.4,30186.4,18.43,,,16.82193653221479,34644.64187463364
1000,06/09/23 08:30:00 AM,33594.4,30193.7,18.43,,,16.82820399546195,34652.991019808236
1001,06/09/23 08:40:00 AM,33594.4,30208.4,18.44,,,16.835187313756748,34662.193532418176
1002,06/09/23 08:50:00 AM,33594.4,30171.7,18.43,,,16.80931807556412,34627.82916974046
1003,06/09/23 09:00:00 AM,33594.4,30181.5,18.45,,,16.80646798550217,34623.83329430954
1004,06/09/23 09:10:00 AM,33594.4,30188.8,18.45,,,16.81273089887868,34632.17889241758
1005,06/09/23 09:20:00 AM,33594.4,30193.7,18.47,,,16.80567701850769,34622.58144645877
1006,06/09/23 09:30:00 AM,33594.4,30208.4,18.48,,,16.812654702468773,34631.780660750985
1007,06/09/23 09:40:00 AM,33594.4,30201.0,18.48,,,16.80631004770175,34623.3261804347
1008,06/09/23 09:50:00 AM,33594.4,30203.5,18.49,,,16.802828251745485,34618.587281735105
1009,06/09/23 10:00:00 AM,33594.4,30210.8,18.49,,,16.809085410366055,34626.92573219708
1010,06/09/23 10:10:00 AM,33594.4,30183.9,18.49,,,16.78603199370793,34596.199044596004
1011,06/09/23 10:20:00 AM,33594.4,30186.4,18.49,,,16.788174066660712,34599.05469266554
1012,06/09/23 10:30:00 AM,33594.4,30223.1,18.49,,,16.819630023895154,34640.9754186586
1013,06/09/23 10:40:00 AM,33594.4,30166.8,18.51,,,16.76016045280228,34561.50217296949
1014,06/09/23 10:50:00 AM,33594.4,30215.7,18.5,,,16.80765996008882,34624.927406704715
1015,06/09/23 11:00:00 AM,33594.4,30193.7,18.51,,,16.78319243413288,34592.21590176193
1016,06/09/23 11:10:00 AM,33594.4,30215.7,18.53,,,16.790798170508342,34602.15782063144
1017,06/09/23 11:20:00 AM,33594.4,30201.0,18.53,,,16.778214093141283,34585.38098759051
1018,06/09/23 11:30:00 AM,33594.4,30225.5,18.53,,,16.79918927645104,34613.342344924524
1019,06/09/23 11:40:00 AM,33594.4,30225.5,18.53,,,16.79918927645104,34613.342344924524
1020,06/09/23 11:50:00 AM,33594.4,30225.5,18.53,,,16.79918927645104,34613.342344924524
1021,06/09/23 12:00:00 PM,33594.4,30198.6,18.51,,,16.78738896900446,34597.810575602954
1022,06/09/23 12:10:00 PM,33594.4,30215.7,18.53,,,16.790798170508342,34602.15782063144
1023,06/09/23 12:20:00 PM,33594.4,30215.7,18.51,,,16.80203671792143,34617.334796659015
1024,06/09/23 12:30:00 PM,33594.4,30208.4,18.54,,,16.778935249324494,34586.2438790034
1025,06/09/23 12:40:00 PM,33594.4,29924.4,19.14,,,16.209073642806764,33816.29416553156
1026,06/09/23 12:44:21 PM,,,,,Logged,,
1027,06/09/23 12:44:24 PM,,,,,,,
