Date Time,DO conc (mg/L)  #20659182,Temp (Â°C)  #20659182,do_adj,DO Percent  (%),Salinity (ppt),Coupler Attached,Stopped,End Of File
06/02/23 11:00:00.000,8.49,21.76,,,,,,
06/02/23 11:10:00.000,8.52,21.62,,,,,,
06/02/23 11:20:00.000,8.53,21.58,,,,,,
06/02/23 11:30:00.000,8.46,21.96,,,,,,
06/02/23 11:40:00.000,8.48,21.78,,,,,,
06/02/23 11:50:00.000,8.39,22.34,,,,,,
06/02/23 12:00:00.000,7.86,26.66,,,,,,
06/02/23 12:10:00.000,7.37,22,6.41,86.50255184,28.4735,,,
06/02/23 12:20:00.000,7.57,21.32,6.541918141,87.68541346,29.4197,,,
06/02/23 12:30:00.000,7.1,20.82,6.12932937,81.43944212,29.4834,,,
06/02/23 12:40:00.000,7.33,20.74,6.327949484,83.94334192,29.4592,,,
06/02/23 12:50:00.000,7.06,20.7,6.093343021,80.78550874,29.4879,,,
06/02/23 13:00:00.000,7.89,20.72,6.809516464,90.31589797,29.4921,,,
06/02/23 13:10:00.000,7.6,20.72,6.558767654,86.99385195,29.4993,,,
06/02/23 13:20:00.000,7.72,20.76,6.66237259,88.43439629,29.5022,,,
06/02/23 13:30:00.000,7.66,20.76,6.611494311,87.74461078,29.4742,,,
06/02/23 13:40:00.000,7.6,20.78,6.560776151,87.08904944,29.4461,,,
06/02/23 13:50:00.000,7.52,20.8,6.492780501,86.20372261,29.4178,,,
06/02/23 14:00:00.000,7.77,20.84,6.707410318,89.13693898,29.4528,,,
06/02/23 14:10:00.000,7.43,20.9,6.414209939,85.33437328,29.4532,,,
06/02/23 14:20:00.000,8.48,20.92,7.323896907,97.42915654,29.3775,,,
06/02/23 14:30:00.000,9.4,21.02,8.119960439,108.2078057,29.3634,,,
06/02/23 14:40:00.000,8.08,21.06,6.97702088,93.08280096,29.4331,,,
06/02/23 14:50:00.000,7.67,21.02,6.622285708,88.28799001,29.4376,,,
06/02/23 15:00:00.000,7.77,20.98,6.706783543,89.36660414,29.4708,,,
06/02/23 15:10:00.000,7.82,21,6.752869274,89.97434141,29.3965,,,
06/02/23 15:20:00.000,7.99,21.02,6.90082817,91.96367883,29.3675,,,
06/02/23 15:30:00.000,7.6,20.96,6.560468786,87.36976,29.441,,,
06/02/23 15:40:00.000,7.98,21.04,6.895837917,91.8793239,29.2721,,,
06/02/23 15:50:00.000,7.74,21.08,6.686320722,89.18320949,29.3302,,,
06/02/23 16:00:00.000,9.68,21.28,8.368625577,111.9694292,29.2384,,,
06/02/23 16:10:00.000,9.02,21.22,7.793371489,104.2103122,29.3227,,,
06/02/23 16:20:00.000,8.49,21.26,7.335713809,98.16081063,29.3204,,,
06/02/23 16:30:00.000,8.36,21.22,7.227533766,96.57972376,29.2089,,,
06/02/23 16:40:00.000,8.96,21.32,7.750599048,103.710176,29.1301,,,
06/02/23 16:50:00.000,8.42,21.42,7.289831253,97.64675642,28.9981,,,
06/02/23 17:00:00.000,8.46,21.46,7.322779737,98.18413774,29.0412,,,
06/02/23 17:10:00.000,8.31,21.4,7.186879743,96.3282025,29.1676,,,
06/02/23 17:20:00.000,8.47,21.52,7.331714257,98.40920452,29.038,,,
06/02/23 17:30:00.000,8.37,21.52,7.24521159,97.2446075,29.0318,,,
06/02/23 17:40:00.000,8.21,21.54,7.104067718,95.42001697,29.095,,,
06/02/23 17:50:00.000,8.31,21.5,7.190464093,96.50460869,29.0847,,,
06/02/23 18:00:00.000,7.82,21.42,6.763197291,90.67066379,29.1455,,,
06/02/23 18:10:00.000,7.48,21.4,6.468170721,86.69231102,29.1621,,,
06/02/23 18:20:00.000,7.58,21.36,6.553033104,87.78052103,29.1906,,,
06/02/23 18:30:00.000,7.32,21.36,6.32840633,84.76718996,29.1818,,,
06/02/23 18:40:00.000,8.09,21.36,6.995592485,93.68131613,29.1405,,,
06/02/23 18:50:00.000,7.33,21.32,6.334395721,84.81217332,29.2351,,,
06/02/23 19:00:00.000,7.53,21.3,6.50850406,87.08991579,29.1925,,,
06/02/23 19:10:00.000,7.66,21.36,6.62185377,88.69446098,29.1753,,,
06/02/23 19:20:00.000,7.75,21.32,6.697417373,89.66422235,29.2189,,,
06/02/23 19:30:00.000,7.7,21.32,6.654526926,89.08323168,29.2059,,,
06/02/23 19:40:00.000,7.75,21.38,6.698789456,89.76388018,29.1873,,,
06/02/23 19:50:00.000,7.82,21.42,6.760068169,90.64254864,29.1716,,,
06/02/23 20:00:00.000,7.82,21.44,6.759448231,90.67522184,29.1868,,,
06/02/23 20:10:00.000,7.71,21.4,6.663980456,89.3277558,29.1832,,,
06/02/23 20:20:00.000,7.98,21.48,6.898597137,92.59715519,29.1648,,,
06/02/23 20:30:00.000,8.08,21.46,6.983724309,93.71847346,29.188,,,
06/02/23 20:40:00.000,7.93,21.5,6.855015639,92.04751183,29.1684,,,
06/02/23 20:50:00.000,7.9,21.54,6.830341195,91.76789494,29.1407,,,
06/02/23 21:00:00.000,7.91,21.54,6.83749569,91.88146547,29.1732,,,
06/02/23 21:10:00.000,7.82,21.52,6.760332378,90.79823994,29.148,,,
06/02/23 21:20:00.000,7.65,21.54,6.61312144,88.85632906,29.1539,,,
06/02/23 21:30:00.000,7.51,21.58,6.493698775,87.2954226,29.1155,,,
06/02/23 21:40:00.000,7.77,21.6,6.719047328,90.35010297,29.1014,,,
06/02/23 21:50:00.000,7.91,21.7,6.840971874,92.15371107,29.0966,,,
06/02/23 22:00:00.000,8.04,21.66,6.952300112,93.59311767,29.1103,,,
06/02/23 22:10:00.000,8.03,21.7,6.943900188,93.54646692,29.108,,,
06/02/23 22:20:00.000,7.97,21.64,6.891288083,92.73709606,29.1083,,,
06/02/23 22:30:00.000,7.86,21.6,6.795518629,91.38373933,29.1114,,,
06/02/23 22:40:00.000,7.78,21.54,6.724643856,90.34591566,29.1371,,,
06/02/23 22:50:00.000,7.63,21.52,6.595447886,88.5671579,29.1161,,,
06/02/23 23:00:00.000,7.7,21.58,6.657031553,89.48124116,29.0966,,,
06/02/23 23:10:00.000,7.97,21.6,6.890531921,92.65219037,29.0943,,,
06/02/23 23:20:00.000,7.76,21.54,6.706584284,90.10349503,29.1375,,,
06/02/23 23:30:00.000,7.83,21.54,6.765756148,90.91371913,29.1662,,,
06/02/23 23:40:00.000,8.2,21.6,7.085890949,95.317899,29.1641,,,
06/02/23 23:50:00.000,7.89,21.58,6.818545067,91.67628572,29.1415,,,
06/03/23 00:00:00.000,7.98,21.52,6.893695498,92.61157856,29.1889,,,
06/03/23 00:10:00.000,7.84,21.48,6.77076614,90.9136384,29.2256,,,
06/03/23 00:20:00.000,7.82,21.42,6.75144177,90.57353873,29.2597,,,
06/03/23 00:30:00.000,7.9,21.38,6.818605961,91.42642377,29.2939,,,
06/03/23 00:40:00.000,8.04,21.34,6.938433217,92.97164988,29.3052,,,
06/03/23 00:50:00.000,8.13,21.3,7.013028722,93.93656458,29.3665,,,
06/03/23 01:00:00.000,8.2,21.26,7.073669553,94.66891684,29.3467,,,
06/03/23 01:10:00.000,8.22,21.24,7.089008464,94.8601659,29.3836,,,
06/03/23 01:20:00.000,8.31,21.24,7.167480829,95.89607427,29.3584,,,
06/03/23 01:30:00.000,8.47,21.26,7.305391179,97.7777848,29.3601,,,
06/03/23 01:40:00.000,8.37,21.26,7.218975274,96.62065638,29.3592,,,
06/03/23 01:50:00.000,8.41,21.26,7.253766778,97.07966363,29.3475,,,
06/03/23 02:00:00.000,8.32,21.26,7.175525915,96.03805027,29.3573,,,
06/03/23 02:10:00.000,7.95,21.24,6.855872065,91.72878507,29.3618,,,
06/03/23 02:20:00.000,8.2,21.24,7.071526824,94.61066731,29.3555,,,
06/03/23 02:30:00.000,8.06,21.22,6.95116818,92.95649636,29.3371,,,
06/03/23 02:40:00.000,8.18,21.22,7.053716622,94.33780085,29.3551,,,
06/03/23 02:50:00.000,8.19,21.24,7.062755729,94.48728596,29.3446,,,
06/03/23 03:00:00.000,8.25,21.26,7.116937307,95.21390932,29.2856,,,
06/03/23 03:10:00.000,8.22,21.28,7.089452784,94.90196145,29.3238,,,
06/03/23 03:20:00.000,8.16,21.32,7.04213097,94.27997929,29.2203,,,
06/03/23 03:30:00.000,8.1,21.3,6.988579961,93.54767492,29.2544,,,
06/03/23 03:40:00.000,8.2,21.36,7.075903956,94.81054617,29.2374,,,
06/03/23 03:50:00.000,7.94,21.3,6.849409292,91.69464143,29.2728,,,
06/03/23 04:00:00.000,7.94,21.26,6.84900643,91.62065208,29.2693,,,
06/03/23 04:10:00.000,8.18,21.26,7.055925083,94.38737679,29.267,,,
06/03/23 04:20:00.000,8.11,21.26,6.995768693,93.57701839,29.2567,,,
06/03/23 04:30:00.000,7.94,21.28,6.849792148,91.64858654,29.2396,,,
06/03/23 04:40:00.000,7.79,21.26,6.721065692,89.87963053,29.2132,,,
06/03/23 04:50:00.000,7.54,21.32,6.507824291,87.09441293,29.157,,,
06/03/23 05:00:00.000,7.56,21.28,6.522649187,87.25498948,29.2073,,,
06/03/23 05:10:00.000,7.54,21.32,6.507113937,87.08949369,29.166,,,
06/03/23 05:20:00.000,7.54,21.34,6.50938076,87.12093475,29.106,,,
06/03/23 05:30:00.000,7.4,21.36,6.387982663,85.53416268,29.1198,,,
06/03/23 05:40:00.000,6.86,21.36,5.922621697,79.290241,29.0922,,,
06/03/23 05:50:00.000,6.91,21.4,5.966614219,79.9280456,29.0724,,,
06/03/23 06:00:00.000,6.81,21.38,5.878507196,78.73849725,29.1144,,,
06/03/23 06:10:00.000,7.51,21.36,6.485078547,86.79580949,29.0441,,,
06/03/23 06:20:00.000,7.34,21.34,6.336823458,84.79566277,29.0742,,,
06/03/23 06:30:00.000,7.4,21.22,6.385091417,85.28685204,29.1378,,,
06/03/23 06:40:00.000,7.47,21.18,6.444603041,86.0240653,29.1478,,,
06/03/23 06:50:00.000,7.63,21.14,6.582299833,87.79558621,29.1431,,,
06/03/23 07:00:00.000,7.82,21.08,6.745412461,89.87394653,29.1454,,,
06/03/23 07:10:00.000,7.96,21.06,6.864770338,91.44461733,29.1711,,,
06/03/23 07:20:00.000,7.91,21.06,6.822133282,90.8676492,29.1542,,,
06/03/23 07:30:00.000,7.89,21.04,6.804920859,90.59991249,29.1441,,,
06/03/23 07:40:00.000,7.96,21.02,7.300487789,91.365399,18.6485,,,
06/03/23 07:50:00.000,7.93,21,7.257108816,90.98289127,19.0137,,,
06/03/23 08:00:00.000,8,20.96,7.323347669,91.71161959,18.9524,,,
06/03/23 08:10:00.000,8.03,20.92,7.295908353,91.98087527,20.2209,,,
06/03/23 08:20:00.000,8.03,20.9,7.355208138,91.94225059,18.8322,,,
06/03/23 08:30:00.000,7.98,20.88,7.294446183,91.33137904,19.1741,,,
06/03/23 08:40:00.000,7.93,20.88,7.278762413,90.75656258,18.4643,,,
06/03/23 08:50:00.000,7.86,20.88,7.215533727,89.95289071,18.4353,,,
06/03/23 09:00:00.000,7.88,20.86,7.308055497,90.14388687,16.6878,,,
06/03/23 09:10:00.000,7.92,20.82,7.433348305,90.52787506,14.6419,,,
06/03/23 09:20:00.000,7.82,20.8,7.405248114,89.34725651,13.1132,,,
06/03/23 09:30:00.000,7.74,20.78,7.413370645,88.39601751,11.1648,,,
06/03/23 09:40:00.000,7.63,20.76,6.74439626,87.10307611,24.838,,,
06/03/23 09:50:00.000,7.64,20.74,6.578322741,87.18052413,29.2951,,,
06/03/23 10:00:00.000,7.62,20.74,6.559404844,86.94984518,29.3343,,,
06/03/23 10:10:00.000,7.57,20.72,6.515475004,86.34293938,29.3483,,,
06/03/23 10:20:00.000,7.56,20.7,6.506997693,86.1925639,29.3357,,,
06/03/23 10:30:00.000,7.53,20.68,6.480699446,85.81436248,29.339,,,
06/03/23 10:40:00.000,7.67,20.66,6.600281579,87.37301342,29.3532,,,
06/03/23 10:50:00.000,7.65,20.66,6.582931307,87.14271939,29.352,,,
06/03/23 11:00:00.000,7.65,20.64,6.582741018,87.10598583,29.3477,,,
06/03/23 11:10:00.000,7.55,20.62,6.49616793,85.9310967,29.3522,,,
06/03/23 11:20:00.000,7.47,20.62,6.42719047,85.0181649,29.3512,,,
06/03/23 11:30:00.000,7.6,20.64,6.540870195,86.5293264,29.3033,,,
06/03/23 11:40:00.000,7.62,20.64,6.557426942,86.75458229,29.3155,,,
06/03/23 11:50:00.000,7.64,20.64,6.573346075,86.97982531,29.3441,,,
06/03/23 12:00:00.000,7.57,20.66,6.514690033,86.2143589,29.3027,,,
06/03/23 12:10:00.000,7.4,20.66,6.367489978,84.27585425,29.3219,,,
06/03/23 12:20:00.000,7.35,20.7,6.326605064,83.76990112,29.2684,,,
06/03/23 12:30:00.000,7.34,20.66,6.317109505,83.5878092,29.2787,,,
06/03/23 12:40:00.000,7.29,20.66,6.272649112,83.0160624,29.3126,,,
06/03/23 12:50:00.000,7.36,20.62,6.332417862,83.74490993,29.3114,,,
06/03/23 13:00:00.000,7.41,20.56,6.37455819,84.21191741,29.3168,,,
06/03/23 13:10:00.000,7.51,20.5,6.46021066,85.24512306,29.3086,,,
06/03/23 13:20:00.000,7.67,20.48,6.596589399,87.02447763,29.3317,,,
06/03/23 13:30:00.000,7.69,20.52,6.615423361,87.31776026,29.2938,,,
06/03/23 13:40:00.000,7.71,20.54,6.63292551,87.57688547,29.2858,,,
06/03/23 13:50:00.000,7.63,20.56,6.564742809,86.6998752,29.2688,,,
06/03/23 14:00:00.000,7.63,20.58,6.565434261,86.73157527,29.2505,,,
06/03/23 14:10:00.000,7.63,20.58,6.565387664,86.72912209,29.2469,,,
06/03/23 14:20:00.000,7.71,20.56,6.634572761,87.60148336,29.2288,,,
06/03/23 14:30:00.000,7.72,20.56,6.642239262,87.71262282,29.248,,,
06/03/23 14:40:00.000,7.71,20.54,6.6327214,87.56202376,29.2622,,,
06/03/23 14:50:00.000,7.78,20.5,6.691765917,88.28488647,29.2784,,,
06/03/23 15:00:00.000,7.85,20.44,6.750736694,88.97135199,29.2915,,,
06/03/23 15:10:00.000,7.78,20.44,6.691343174,88.17548236,29.2663,,,
06/03/23 15:20:00.000,7.72,20.42,6.638564985,87.45846229,29.2871,,,
06/03/23 15:30:00.000,7.84,20.42,6.742068916,88.81540749,29.2744,,,
06/03/23 15:40:00.000,7.83,20.42,6.732838437,88.69961297,29.2855,,,
06/03/23 15:50:00.000,8.03,20.38,6.904088497,90.89085956,29.2897,,,
06/03/23 16:00:00.000,8.03,20.34,6.903944882,90.81648648,29.2796,,,
06/03/23 16:10:00.000,7.97,20.34,6.852290107,90.13535711,29.2765,,,
06/03/23 16:20:00.000,8.1,20.32,6.965725962,91.56677062,29.2267,,,
06/03/23 16:30:00.000,7.95,20.32,6.835977224,89.86854669,29.2406,,,
06/03/23 16:40:00.000,7.8,20.3,6.706141812,88.13555713,29.253,,,
06/03/23 16:50:00.000,7.95,20.3,6.835081973,89.8279297,29.2488,,,
06/03/23 17:00:00.000,7.84,20.3,6.739304113,88.58252072,29.2743,,,
06/03/23 17:10:00.000,7.91,20.28,6.798653722,89.33555944,29.2856,,,
06/03/23 17:20:00.000,7.93,20.26,6.817045527,89.52347189,29.2465,,,
06/03/23 17:30:00.000,7.96,20.24,6.842782178,89.82404192,29.2386,,,
06/03/23 17:40:00.000,8.08,20.22,6.944062121,91.13949722,29.2752,,,
06/03/23 17:50:00.000,8.17,20.14,7.016494464,92.00609945,29.3713,,,
06/03/23 18:00:00.000,8.39,19.94,7.200925745,94.10644485,29.4279,,,
06/03/23 18:10:00.000,8.42,19.88,7.226679811,94.32757598,29.4096,,,
06/03/23 18:20:00.000,8.49,19.84,7.285137532,95.03334524,29.4335,,,
06/03/23 18:30:00.000,8.72,19.82,7.478274878,97.56621431,29.5196,,,
06/03/23 18:40:00.000,8.76,19.78,7.51122038,97.93287118,29.5364,,,
06/03/23 18:50:00.000,8.72,19.78,7.476086694,97.48292958,29.5505,,,
06/03/23 19:00:00.000,8.67,19.76,7.434004316,96.88257211,29.5234,,,
06/03/23 19:10:00.000,8.65,19.74,7.415451435,96.61778792,29.5461,,,
06/03/23 19:20:00.000,8.55,19.72,7.329247458,95.46000687,29.5478,,,
06/03/23 19:30:00.000,8.46,19.72,7.252274542,94.45249063,29.5389,,,
06/03/23 19:40:00.000,8.39,19.72,7.191850889,93.6683169,29.5439,,,
06/03/23 19:50:00.000,8.28,19.7,7.097342316,92.40072952,29.5398,,,
06/03/23 20:00:00.000,8.36,19.68,7.166210056,93.25359697,29.5236,,,
06/03/23 20:10:00.000,8.54,19.66,7.320004649,95.22070254,29.5259,,,
06/03/23 20:20:00.000,8.42,19.56,7.214548276,93.69252274,29.5594,,,
06/03/23 20:30:00.000,8.67,19.52,7.426559,96.39442175,29.5955,,,
06/03/23 20:40:00.000,8.64,19.5,7.400497925,96.01968934,29.5945,,,
06/03/23 20:50:00.000,8.58,19.5,7.350480663,95.35018585,29.5582,,,
06/03/23 21:00:00.000,8.67,19.48,7.424451058,96.30903827,29.62,,,
06/03/23 21:10:00.000,8.64,19.48,7.397532729,95.97307112,29.6432,,,
06/03/23 21:20:00.000,8.69,19.48,7.439420912,96.52573722,29.6593,,,
06/03/23 21:30:00.000,8.6,19.46,7.359782055,95.48506271,29.7093,,,
06/03/23 21:40:00.000,8.59,19.36,7.347150074,95.18021584,29.7752,,,
06/03/23 21:50:00.000,8.6,19.24,7.350529187,95.05882057,29.8615,,,
06/03/23 22:00:00.000,8.62,19.12,7.36573584,95.0472718,29.8724,,,
06/03/23 22:10:00.000,8.58,19.06,7.328170238,94.48915678,29.9315,,,
06/03/23 22:20:00.000,8.59,19,7.334774764,94.48212108,29.9573,,,
06/03/23 22:30:00.000,8.62,18.92,7.356863196,94.65627747,30.0146,,,
06/03/23 22:40:00.000,8.61,18.86,7.345153411,94.42911001,30.0685,,,
06/03/23 22:50:00.000,8.54,18.78,7.283449292,93.50712477,30.091,,,
06/03/23 23:00:00.000,8.6,18.72,7.331310346,94.04694069,30.148,,,
06/03/23 23:10:00.000,8.4,18.68,7.157201194,91.78267527,30.2185,,,
06/03/23 23:20:00.000,8.47,18.58,7.215438576,92.35710204,30.2231,,,
06/03/23 23:30:00.000,8.41,18.52,7.163172906,91.5884157,30.2313,,,
06/03/23 23:40:00.000,8.35,18.5,7.110086481,90.8954051,30.2685,,,
06/03/23 23:50:00.000,8.38,18.44,7.133427175,91.10798531,30.3014,,,
06/04/23 00:00:00.000,8.38,18.4,7.130529279,91.03115066,30.3552,,,
06/04/23 00:10:00.000,8.35,18.36,7.104636127,90.62872003,30.3497,,,
06/04/23 00:20:00.000,8.37,18.34,7.121208826,90.80615101,30.3507,,,
06/04/23 00:30:00.000,8.35,18.34,7.104655125,90.58660417,30.3351,,,
06/04/23 00:40:00.000,8.26,18.32,7.027142835,89.57110488,30.3479,,,
06/04/23 00:50:00.000,8.24,18.32,7.009971303,89.35169374,30.3469,,,
06/04/23 01:00:00.000,8.22,18.34,6.992996947,89.16869331,30.3459,,,
06/04/23 01:10:00.000,8.08,18.34,6.875692399,87.6475213,30.2975,,,
06/04/23 01:20:00.000,8.11,18.36,6.90061977,88.00636444,30.312,,,
06/04/23 01:30:00.000,7.96,18.38,6.772957636,86.41142842,30.3127,,,
06/04/23 01:40:00.000,7.89,18.38,6.713897416,85.64910155,30.2955,,,
06/04/23 01:50:00.000,7.88,18.4,6.706738395,85.57301965,30.2618,,,
06/04/23 02:00:00.000,7.67,18.4,6.526863374,83.29015974,30.2863,,,
06/04/23 02:10:00.000,7.56,18.4,6.432802076,82.09331958,30.2934,,,
06/04/23 02:20:00.000,8.05,18.42,6.851794455,87.44735435,30.2433,,,
06/04/23 02:30:00.000,7.74,18.42,6.586602725,84.07743332,30.2724,,,
06/04/23 02:40:00.000,7.83,18.42,6.66333321,85.05266701,30.2641,,,
06/04/23 02:50:00.000,7.68,18.42,6.53674168,83.42094088,30.2323,,,
06/04/23 03:00:00.000,7.44,18.44,6.332776534,80.84469232,30.2241,,,
06/04/23 03:10:00.000,7.13,18.42,6.068046462,77.44239427,30.2385,,,
06/04/23 03:20:00.000,6.84,18.42,5.821363631,74.29045732,30.2302,,,
06/04/23 03:30:00.000,7.54,18.46,6.41760843,81.95773626,30.222,,,
06/04/23 03:40:00.000,7.51,18.48,6.392488024,81.66258845,30.2111,,,
06/04/23 03:50:00.000,7.39,18.5,6.290890663,80.38817716,30.1965,,,
06/04/23 04:00:00.000,7.44,18.5,6.337146649,80.92978099,30.0943,,,
06/04/23 04:10:00.000,7.35,18.52,6.259308567,79.98107705,30.1257,,,
06/04/23 04:20:00.000,7.26,18.54,6.183033719,79.0316322,30.1156,,,
06/04/23 04:30:00.000,7.06,18.54,6.012790543,76.85227314,30.1084,,,
06/04/23 04:40:00.000,7.07,18.54,6.021590092,76.95894685,30.0958,,,
06/04/23 04:50:00.000,7.01,18.52,5.969606397,76.27262094,30.1111,,,
06/04/23 05:00:00.000,6.98,18.5,5.945296554,75.91314198,30.0669,,,
06/04/23 05:10:00.000,6.87,18.5,5.850366142,74.71468433,30.0975,,,
06/04/23 05:20:00.000,7,18.48,5.959642762,76.09534711,30.1282,,,
06/04/23 05:30:00.000,7.27,18.46,6.188126752,78.99602684,30.1563,,,
06/04/23 05:40:00.000,7.24,18.44,6.161581179,78.63576594,30.1743,,,
06/04/23 05:50:00.000,7.62,18.44,6.48486889,82.76071035,30.1724,,,
06/04/23 06:00:00.000,7.43,18.44,6.323367892,80.69483443,30.1625,,,
06/04/23 06:10:00.000,7.52,18.44,6.400440314,81.66997904,30.1453,,,
06/04/23 06:20:00.000,7.63,18.4,6.492460861,82.79473444,30.1725,,,
06/04/23 06:30:00.000,7.53,18.38,6.40665635,81.6739759,30.1817,,,
06/04/23 06:40:00.000,7.25,18.38,6.168352158,78.63473171,30.179,,,
06/04/23 06:50:00.000,7.08,18.36,6.023830334,76.75738024,30.1664,,,
06/04/23 07:00:00.000,7.25,18.34,6.167724329,78.56612206,30.1772,,,
06/04/23 07:10:00.000,7.2,18.32,6.124080577,77.99022506,30.198,,,
06/04/23 07:20:00.000,7.18,18.32,6.107792086,77.77137931,30.1735,,,
06/04/23 07:30:00.000,7.02,18.34,5.972011643,76.06720571,30.1643,,,
06/04/23 07:40:00.000,7.05,18.34,6.50462923,76.39011207,16.5898,,,
06/04/23 07:50:00.000,6.8,18.34,6.36530819,73.67915252,14.1656,,,
06/04/23 08:00:00.000,7.08,18.36,6.654253846,76.74213925,13.4861,,,
06/04/23 08:10:00.000,6.97,18.38,5.928381604,75.57850517,30.1855,,,
06/04/23 08:20:00.000,6.86,18.36,5.834617662,74.35327725,30.1819,,,
06/04/23 08:30:00.000,6.72,18.38,5.715483045,72.86352007,30.1836,,,
06/04/23 08:40:00.000,6.39,18.38,5.43545487,69.28343489,30.1591,,,
06/04/23 08:50:00.000,6.27,18.38,5.331984371,67.98040855,30.1981,,,
06/04/23 09:00:00.000,6.27,18.38,5.332643797,67.97847957,30.1727,,,
06/04/23 09:10:00.000,6.83,18.38,5.808133909,74.04782146,30.1907,,,
06/04/23 09:20:00.000,6.88,18.38,5.851058028,74.58778258,30.1744,,,
06/04/23 09:30:00.000,6.9,18.38,5.867331402,74.80248473,30.1906,,,
06/04/23 09:40:00.000,7.27,18.4,6.182393827,78.84354797,30.1787,,,
06/04/23 09:50:00.000,7.29,18.4,6.199492993,79.05820537,30.1715,,,
06/04/23 10:00:00.000,7.18,18.4,6.10647255,77.86307336,30.1524,,,
06/04/23 10:10:00.000,7.11,18.4,6.046144647,77.10177433,30.1696,,,
06/04/23 10:20:00.000,7.06,18.38,6.004035706,76.526175,30.1488,,,
06/04/23 10:30:00.000,7.35,18.38,6.249903092,79.66734022,30.1643,,,
06/04/23 10:40:00.000,7.13,18.38,6.063192569,77.280546,30.1496,,,
06/04/23 10:50:00.000,6.92,18.36,5.882848545,74.97167626,30.1903,,,
06/04/23 11:00:00.000,6.82,18.36,5.797987577,73.88617321,30.1812,,,
06/04/23 11:10:00.000,6.96,18.36,5.916970957,75.40075779,30.1775,,,
06/04/23 11:20:00.000,6.86,18.36,5.83147724,74.31530394,30.1865,,,
06/04/23 11:30:00.000,6.79,18.34,5.771360482,73.52488134,30.1948,,,
06/04/23 11:40:00.000,6.79,18.34,5.771010041,73.52279409,30.2002,,,
06/04/23 11:50:00.000,7.43,18.3,6.313743178,80.38481697,30.2184,,,
06/04/23 12:00:00.000,7.94,18.14,6.740282598,85.61942643,30.3454,,,
06/04/23 12:10:00.000,7.97,17.82,6.759017091,85.37769442,30.431,,,
06/04/23 12:20:00.000,8.06,17.68,6.830688462,86.09059644,30.5063,,,
06/04/23 12:30:00.000,7.99,17.62,6.769302986,85.23484852,30.5379,,,
06/04/23 12:40:00.000,8.26,17.58,6.995754379,88.03983376,30.5782,,,
06/04/23 12:50:00.000,8.21,17.56,6.95421644,87.46825141,30.5494,,,
06/04/23 13:00:00.000,8.25,17.56,6.988598569,87.89191037,30.5328,,,
06/04/23 13:10:00.000,8.14,17.58,6.894779706,86.75341425,30.5482,,,
06/04/23 13:20:00.000,7.89,17.58,6.68410595,84.08660952,30.5166,,,
06/04/23 13:30:00.000,7.72,17.62,6.54022644,82.34054219,30.5179,,,
06/04/23 13:40:00.000,7.71,17.58,6.529444308,82.16361713,30.5624,,,
06/04/23 13:50:00.000,8.2,17.66,6.946583271,87.52745214,30.5249,,,
06/04/23 14:00:00.000,7.95,17.68,6.738865645,84.89155317,30.4246,,,
06/04/23 14:10:00.000,7.85,17.72,6.654222522,83.89054127,30.4263,,,
06/04/23 14:20:00.000,7.81,17.8,6.621339839,83.5984019,30.4148,,,
06/04/23 14:30:00.000,7.68,17.86,6.513558767,82.30612558,30.3621,,,
06/04/23 14:40:00.000,7.93,17.84,6.725041077,84.94798312,30.3662,,,
06/04/23 14:50:00.000,8.09,17.86,6.861364034,86.69514733,30.3508,,,
06/04/23 15:00:00.000,8.23,17.92,6.981709333,88.30180233,30.3219,,,
06/04/23 15:10:00.000,8.2,17.96,6.958791262,88.04975575,30.266,,,
06/04/23 15:20:00.000,8.35,18,7.086093306,89.73153841,30.2705,,,
06/04/23 15:30:00.000,8.11,17.96,6.882643255,87.0784086,30.251,,,
06/04/23 15:40:00.000,8.3,18.08,7.04746691,89.33562816,30.1898,,,
06/04/23 15:50:00.000,8.3,18.08,7.048742506,89.33309027,30.1549,,,
06/04/23 16:00:00.000,8.17,18.1,6.939336989,87.96744884,30.1309,,,
06/04/23 16:10:00.000,8.22,18.18,6.982983332,88.64839742,30.1167,,,
06/04/23 16:20:00.000,8.34,18.2,7.082666741,89.97679189,30.1698,,,
06/04/23 16:30:00.000,8.19,18.22,6.957470698,88.39214629,30.1172,,,
06/04/23 16:40:00.000,8.48,18.2,7.203452279,91.48199506,30.1165,,,
06/04/23 16:50:00.000,8.32,18.18,7.06827951,89.71664818,30.0896,,,
06/04/23 17:00:00.000,8.2,18.18,6.964865761,88.42014561,30.12,,,
06/04/23 17:10:00.000,8.03,18.22,6.819605114,86.65546607,30.1458,,,
06/04/23 17:20:00.000,8.54,18.3,7.257811386,92.30729334,30.0428,,,
06/04/23 17:30:00.000,8.55,18.32,7.265087337,92.45050577,30.0708,,,
06/04/23 17:40:00.000,8.3,18.32,7.051705736,89.74472423,30.0886,,,
06/04/23 17:50:00.000,8.14,18.28,6.916264421,87.94033094,30.0626,,,
06/04/23 18:00:00.000,8.35,18.32,7.097118264,90.28022361,30.0101,,,
06/04/23 18:10:00.000,8.51,18.32,7.232017494,92.00752915,30.0306,,,
06/04/23 18:20:00.000,8.4,18.32,7.138372249,90.81566153,30.0297,,,
06/04/23 18:30:00.000,8.2,18.32,6.967244897,88.65086422,30.0529,,,
06/04/23 18:40:00.000,7.99,18.3,6.789446077,86.34281124,30.028,,,
06/04/23 18:50:00.000,8.23,18.26,6.992905426,88.86115995,30.0254,,,
06/04/23 19:00:00.000,7.97,18.24,6.772612794,86.01626351,30.0006,,,
06/04/23 19:10:00.000,8.27,18.22,7.026156848,89.21498601,30.0241,,,
06/04/23 19:20:00.000,8.13,18.26,6.906060974,87.77395222,30.0565,,,
06/04/23 19:30:00.000,8.09,18.3,6.873571034,87.41102298,30.0249,,,
06/04/23 19:40:00.000,8.22,18.28,6.982794549,88.77684826,30.0449,,,
06/04/23 19:50:00.000,8.14,18.2,6.913893254,87.76667813,30.0443,,,
06/04/23 20:00:00.000,7.85,18.1,6.66314089,84.46433668,30.1272,,,
06/04/23 20:10:00.000,8.46,17.86,7.175486447,90.57778621,30.1922,,,
06/04/23 20:20:00.000,8.61,17.8,7.299800197,92.06738565,30.2397,,,
06/04/23 20:30:00.000,8.63,17.78,7.316794934,92.24061976,30.2294,,,
06/04/23 20:40:00.000,9.01,17.8,7.636747356,96.33913774,30.2778,,,
06/04/23 20:50:00.000,8.81,17.8,7.466694632,94.19796573,30.285,,,
06/04/23 21:00:00.000,8.81,17.82,7.468215741,94.23408363,30.2511,,,
06/04/23 21:10:00.000,8.93,17.84,7.568368585,95.55424611,30.2856,,,
06/04/23 21:20:00.000,8.86,17.86,7.50945177,94.84154548,30.2765,,,
06/04/23 21:30:00.000,8.86,17.84,7.508105017,94.79982907,30.2969,,,
06/04/23 21:40:00.000,9.35,17.64,7.911114591,99.62828613,30.5015,,,
06/04/23 21:50:00.000,9.32,17.56,7.882841471,99.14179483,30.5386,,,
06/04/23 22:00:00.000,9.4,17.5,7.948281471,99.86593389,30.566,,,
06/04/23 22:10:00.000,9.24,17.46,7.811698014,98.08204288,30.5792,,,
06/04/23 22:20:00.000,9.07,17.42,7.665120179,96.19502177,30.6267,,,
06/04/23 22:30:00.000,9.01,17.38,7.613491001,95.47675284,30.6325,,,
06/04/23 22:40:00.000,8.91,17.36,7.52779567,94.37523734,30.6493,,,
06/04/23 22:50:00.000,8.77,17.34,7.40809167,92.85117189,30.6716,,,
06/04/23 23:00:00.000,8.79,17.32,7.424662676,93.02165331,30.6693,,,
06/04/23 23:10:00.000,8.72,17.3,7.364152458,92.23993467,30.6909,,,
06/04/23 23:20:00.000,8.79,17.26,7.423012019,92.90053074,30.6823,,,
06/04/23 23:30:00.000,9,17.14,7.593179259,94.88019061,30.805,,,
06/04/23 23:40:00.000,9.11,17.06,7.682474402,95.87717703,30.8565,,,
06/04/23 23:50:00.000,9.08,17,7.655876533,95.43921382,30.8653,,,
06/05/23 00:00:00.000,8.92,17,7.519237383,93.75479834,30.8987,,,
06/05/23 00:10:00.000,8.93,16.98,7.528593998,93.81806357,30.8688,,,
06/05/23 00:20:00.000,8.83,16.98,7.442566322,92.76483015,30.9023,,,
06/05/23 00:30:00.000,8.82,16.98,7.435208462,92.65713749,30.8738,,,
06/05/23 00:40:00.000,8.82,16.98,7.434915924,92.65450128,30.8756,,,
06/05/23 00:50:00.000,8.78,16.98,7.400664408,92.23167519,30.8828,,,
06/05/23 01:00:00.000,8.65,16.98,7.291713944,90.86347272,30.8639,,,
06/05/23 01:10:00.000,8.48,16.98,7.148127312,89.07518202,30.8657,,,
06/05/23 01:20:00.000,8.48,17,7.150024163,89.10983695,30.822,,,
06/05/23 01:30:00.000,8.49,17,7.158269425,89.21238066,30.8216,,,
06/05/23 01:40:00.000,8.32,17.02,7.014631444,87.46003245,30.8289,,,
06/05/23 01:50:00.000,8.27,17.04,6.973861363,86.96822891,30.7962,,,
06/05/23 02:00:00.000,8.37,17.04,7.057676054,88.01733505,30.8035,,,
06/05/23 02:10:00.000,8.28,17.04,6.982272588,87.06843417,30.7873,,,
06/05/23 02:20:00.000,8.24,17.06,6.948009267,86.68148762,30.8001,,,
06/05/23 02:30:00.000,8.04,17.06,6.779101519,84.57516092,30.8019,,,
06/05/23 02:40:00.000,8.04,17.06,6.780417579,84.57275382,30.7651,,,
06/05/23 02:50:00.000,7.99,17.08,6.740843807,84.07945503,30.7016,,,
06/05/23 03:00:00.000,7.91,17.1,6.672701832,83.26993333,30.7178,,,
06/05/23 03:10:00.000,7.65,17.1,6.452957668,80.53057627,30.7237,,,
06/05/23 03:20:00.000,7.92,17.1,6.680753235,83.37045875,30.7179,,,
06/05/23 03:30:00.000,7.81,17.1,6.587924849,82.21019552,30.7142,,,
06/05/23 03:40:00.000,7.6,17.12,6.410827762,80.03073443,30.7132,,,
06/05/23 03:50:00.000,7.81,17.1,6.588963919,82.20551515,30.6787,,,
06/05/23 04:00:00.000,7.94,17.08,6.698294205,83.53665369,30.6777,,,
06/05/23 04:10:00.000,7.62,17.1,6.427739451,80.20107054,30.6932,,,
06/05/23 04:20:00.000,7.55,17.1,6.370440103,79.46205302,30.6431,,,
06/05/23 04:30:00.000,7.77,17.1,6.556223071,81.77517537,30.6345,,,
06/05/23 04:40:00.000,7.97,17.12,6.725252678,83.9126328,30.6279,,,
06/05/23 04:50:00.000,7.91,17.18,6.676345746,83.38262428,30.5949,,,
06/05/23 05:00:00.000,7.84,17.22,6.61867327,82.71115433,30.5645,,,
06/05/23 05:10:00.000,7.74,17.26,6.534269611,81.72175457,30.5689,,,
06/05/23 05:20:00.000,7.65,17.26,6.459073062,80.76920172,30.5441,,,
06/05/23 05:30:00.000,7.53,17.28,6.358106147,79.53300816,30.535,,,
06/05/23 05:40:00.000,7.62,17.32,6.435464329,80.54818247,30.5047,,,
06/05/23 05:50:00.000,7.81,17.3,6.595371601,82.51998044,30.5092,,,
06/05/23 06:00:00.000,8.53,17.2,7.199127878,89.93779281,30.5787,,,
06/05/23 06:10:00.000,8.49,17.12,7.164373346,89.36457959,30.5778,,,
06/05/23 06:20:00.000,8.49,17.1,7.162943714,89.32481441,30.6013,,,
06/05/23 06:30:00.000,8.4,17.08,7.086608131,88.33856977,30.6012,,,
06/05/23 06:40:00.000,8.27,17.08,6.977723032,86.96894825,30.5778,,,
06/05/23 06:50:00.000,8.21,17.08,6.926461576,86.33551742,30.5883,,,
06/05/23 07:00:00.000,8.17,17.06,6.892410382,85.87662722,30.5861,,,
06/05/23 07:10:00.000,8.13,17.04,6.856698708,85.4181166,30.624,,,
06/05/23 07:20:00.000,7.76,17.04,6.543954105,81.52837694,30.6368,,,
06/05/23 07:30:00.000,7.52,17.04,6.341528904,79.00463027,30.633,,,
06/05/23 07:40:00.000,7.37,17.02,6.214839428,77.39424246,30.6287,,,
06/05/23 07:50:00.000,7.42,17.02,6.257043838,77.91708554,30.6229,,,
06/05/23 08:00:00.000,7.86,17.02,6.627656083,82.53515446,30.6288,,,
06/05/23 08:10:00.000,7.7,17.02,6.492592353,80.85274615,30.6279,,,
06/05/23 08:20:00.000,7.46,17,6.289277456,78.29774908,30.6433,,,
06/05/23 08:30:00.000,7.4,17,6.238863022,77.66579576,30.6341,,,
06/05/23 08:40:00.000,7.35,17,6.197713208,77.1388291,30.6026,,,
06/05/23 08:50:00.000,7.56,17,6.374123106,79.34053509,30.6152,,,
06/05/23 09:00:00.000,7.54,17,6.360669144,79.12838491,30.5219,,,
06/05/23 09:10:00.000,7.56,17,6.373181397,79.33601397,30.6302,,,
06/05/23 09:20:00.000,7.57,17,6.381784956,79.43869223,30.621,,,
06/05/23 09:30:00.000,7.65,17.02,6.449883406,80.30942091,30.6043,,,
06/05/23 09:40:00.000,7.44,17.02,6.272683193,78.10262296,30.6034,,,
06/05/23 09:50:00.000,7.27,16.96,6.126387376,76.22033506,30.6643,,,
06/05/23 10:00:00.000,7.28,16.94,6.134649913,76.29112801,30.6592,,,
06/05/23 10:10:00.000,7.96,16.9,6.705662508,83.34515276,30.6942,,,
06/05/23 10:20:00.000,8.26,16.86,6.958078234,86.41153211,30.6872,,,
06/05/23 10:30:00.000,8.05,16.84,6.779245865,84.1770008,30.7247,,,
06/05/23 10:40:00.000,8.41,16.82,7.083428335,87.9021326,30.6916,,,
06/05/23 10:50:00.000,8.35,16.84,7.032885225,87.30905499,30.6919,,,
06/05/23 11:00:00.000,8.25,16.84,6.947101353,86.26097892,30.7242,,,
06/05/23 11:10:00.000,8.14,16.84,6.855652681,85.10840667,30.6911,,,
06/05/23 11:20:00.000,8.04,16.86,6.770943814,84.09563191,30.7031,,,
06/05/23 11:30:00.000,7.8,16.86,6.567918669,81.58298902,30.7212,,,
06/05/23 11:40:00.000,8.16,16.84,6.86974886,85.31022275,30.743,,,
06/05/23 11:50:00.000,8.5,16.58,7.1456414,88.37911303,30.9137,,,
06/05/23 12:00:00.000,8.51,16.48,7.153113508,88.29465936,30.9061,,,
06/05/23 12:10:00.000,8.47,16.46,7.118047436,87.84014197,30.9299,,,
06/05/23 12:20:00.000,8.49,16.42,7.133204038,87.97089114,30.9535,,,
06/05/23 12:30:00.000,8.5,16.4,7.140438622,88.03488164,30.9708,,,
06/05/23 12:40:00.000,8.38,16.38,7.038699754,86.75297432,30.983,,,
06/05/23 12:50:00.000,8.32,16.38,6.986209087,86.12937564,31.0276,,,
06/05/23 13:00:00.000,8.17,16.36,6.861086216,84.53848539,30.9981,,,
06/05/23 13:10:00.000,8.12,16.32,6.816707431,83.94783478,31.0412,,,
06/05/23 13:20:00.000,8.02,16.32,6.733557176,82.91163032,31.017,,,
06/05/23 13:30:00.000,7.97,16.32,6.691964695,82.39237551,31.0028,,,
06/05/23 13:40:00.000,7.99,16.34,6.708558523,82.63164642,31.0079,,,
06/05/23 13:50:00.000,8.24,16.34,6.919213014,85.2146872,30.9854,,,
06/05/23 14:00:00.000,8.19,16.36,6.879324062,84.73093628,30.9355,,,
06/05/23 14:10:00.000,8.2,16.36,6.884574728,84.83197363,31.006,,,
06/05/23 14:20:00.000,8.07,16.38,6.777111007,83.51991663,30.9654,,,
06/05/23 14:30:00.000,8.34,16.4,7.003624968,86.34820317,30.971,,,
06/05/23 14:40:00.000,8.22,16.44,6.905073536,85.17511827,30.9232,,,
06/05/23 14:50:00.000,8.36,16.44,7.023007194,86.62331879,30.9108,,,
06/05/23 15:00:00.000,8.33,16.46,6.996435589,86.34637177,30.9432,,,
06/05/23 15:10:00.000,8.23,16.48,6.913759439,85.34329689,30.9121,,,
06/05/23 15:20:00.000,8.19,16.5,6.88148983,84.96184005,30.8804,,,
06/05/23 15:30:00.000,8.49,16.5,7.134157341,88.07148318,30.8619,,,
06/05/23 15:40:00.000,8.44,16.48,7.090687109,87.51346187,30.8861,,,
06/05/23 15:50:00.000,8.44,16.48,7.091893778,87.51096553,30.8534,,,
06/05/23 16:00:00.000,8.6,16.54,7.23163773,89.28003461,30.7426,,,
06/05/23 16:10:00.000,8.54,16.68,7.183118091,88.91571041,30.7275,,,
06/05/23 16:20:00.000,8.51,16.72,7.160562859,88.67519328,30.6708,,,
06/05/23 16:30:00.000,8.73,16.84,7.34886409,91.19394354,30.6235,,,
06/05/23 16:40:00.000,8.67,16.92,7.299004492,90.71622062,30.6234,,,
06/05/23 16:50:00.000,8.88,16.98,7.476965696,93.02735115,30.6073,,,
06/05/23 17:00:00.000,8.79,16.96,7.399760144,92.04343638,30.6296,,,
06/05/23 17:10:00.000,8.58,16.94,7.223195888,89.80436291,30.615,,,
06/05/23 17:20:00.000,8.58,16.94,7.222871731,89.80180056,30.6177,,,
06/05/23 17:30:00.000,9.18,16.9,7.727357469,95.99863206,30.6164,,,
06/05/23 17:40:00.000,9.16,16.86,7.709189252,95.70666883,30.6306,,,
06/05/23 17:50:00.000,9.09,16.84,7.648073524,94.93284668,30.6686,,,
06/05/23 18:00:00.000,8.69,16.84,7.311789985,90.7527939,30.6579,,,
06/05/23 18:10:00.000,8.88,16.82,7.470414487,92.6955799,30.6758,,,
06/05/23 18:20:00.000,9.24,16.82,7.773523042,96.45075629,30.6657,,,
06/05/23 18:30:00.000,8.93,16.82,7.512554149,93.2121941,30.6647,,,
06/05/23 18:40:00.000,8.77,16.82,7.378093344,91.53948628,30.6568,,,
06/05/23 18:50:00.000,8.59,16.86,7.226273718,89.73319553,30.6706,,,
06/05/23 19:00:00.000,8.4,16.86,7.067301876,87.74590567,30.6457,,,
06/05/23 19:10:00.000,8.09,16.86,6.806018401,84.50525194,30.6523,,,
06/05/23 19:20:00.000,8.39,16.86,7.059550235,87.63644342,30.6208,,,
06/05/23 19:30:00.000,8.66,16.86,7.286213438,90.45410462,30.6279,,,
06/05/23 19:40:00.000,8.59,16.86,7.22726926,89.72039031,30.6243,,,
06/05/23 19:50:00.000,8.39,16.86,7.058813173,87.62893917,30.6239,,,
06/05/23 20:00:00.000,8.25,16.86,6.941441816,86.16425644,30.6093,,,
06/05/23 20:10:00.000,8.33,16.9,7.010281663,87.07010014,30.5782,,,
06/05/23 20:20:00.000,8.44,16.9,7.1020237,88.21736695,30.5928,,,
06/05/23 20:30:00.000,8,16.9,6.731730595,83.61597016,30.5892,,,
06/05/23 20:40:00.000,8.47,16.88,7.125846101,88.4888734,30.6115,,,
06/05/23 20:50:00.000,8.97,16.88,7.546703226,93.70986225,30.6023,,,
06/05/23 21:00:00.000,8.6,16.88,7.234649149,89.84189592,30.615,,,
06/05/23 21:10:00.000,9.06,16.9,7.621835743,94.68427248,30.6104,,,
06/05/23 21:20:00.000,9.57,16.9,8.051497949,100.0113262,30.593,,,
06/05/23 21:30:00.000,9.35,16.9,7.866252887,97.70942533,30.5915,,,
06/05/23 21:40:00.000,8.76,16.8,7.364152536,91.34988116,30.691,,,
06/05/23 21:50:00.000,8.46,16.74,7.109881194,88.10812747,30.7199,,,
06/05/23 22:00:00.000,8.18,16.7,6.874257819,85.11817265,30.7129,,,
06/05/23 22:10:00.000,8.05,16.72,6.763550209,83.79818383,30.7486,,,
06/05/23 22:20:00.000,8.23,16.72,6.915384184,85.66948551,30.7296,,,
06/05/23 22:30:00.000,8.2,16.74,6.889651233,85.39055814,30.7423,,,
06/05/23 22:40:00.000,7.75,16.76,6.5126121,80.73601645,30.7158,,,
06/05/23 22:50:00.000,7.85,16.76,6.596521394,81.77543597,30.7142,,,
06/05/23 23:00:00.000,8.03,16.76,6.746846107,83.64815243,30.7323,,,
06/05/23 23:10:00.000,7.76,16.76,6.520294688,80.83326571,30.7199,,,
06/05/23 23:20:00.000,7.49,16.76,6.291723073,78.01853964,30.7599,,,
06/05/23 23:30:00.000,7.49,16.76,6.293145565,78.01631122,30.7179,,,
06/05/23 23:40:00.000,7.55,16.76,6.344045936,78.63902873,30.7005,,,
06/05/23 23:50:00.000,8.11,16.78,6.814495414,84.50484216,30.7031,,,
06/06/23 00:00:00.000,8.24,16.8,6.923776101,85.8929349,30.7021,,,
06/06/23 00:10:00.000,8.5,16.8,7.142084024,88.60061783,30.7011,,,
06/06/23 00:20:00.000,9.03,16.82,7.583406717,94.16185454,30.7884,,,
06/06/23 00:30:00.000,9.15,16.82,7.686282532,95.41044914,30.7386,,,
06/06/23 00:40:00.000,9.04,16.84,7.593926232,94.30020646,30.7377,,,
06/06/23 00:50:00.000,8.73,16.84,7.331550732,91.06385875,30.7772,,,
06/06/23 01:00:00.000,8.72,16.82,7.322772814,90.91888651,30.7762,,,
06/06/23 01:10:00.000,8.9,16.82,7.473663085,92.79300127,30.7774,,,
06/06/23 01:20:00.000,8.7,16.8,7.305093095,90.66720416,30.7819,,,
06/06/23 01:30:00.000,8.55,16.8,7.179817027,89.10143058,30.7617,,,
06/06/23 01:40:00.000,8.27,16.8,6.944094466,86.18102645,30.7711,,,
06/06/23 01:50:00.000,8.06,16.8,6.766938167,83.99023277,30.7865,,,
06/06/23 02:00:00.000,7.65,16.8,6.422188206,79.71549884,30.7953,,,
06/06/23 02:10:00.000,7.78,16.78,6.531748501,81.03387805,30.775,,,
06/06/23 02:20:00.000,7.75,16.78,6.504814265,80.71910135,30.8146,,,
06/06/23 02:30:00.000,8.33,16.78,6.992863184,86.75753537,30.7807,,,
06/06/23 02:40:00.000,8.3,16.78,6.966474574,86.44261282,30.8045,,,
06/06/23 02:50:00.000,8.2,16.76,6.882091934,85.36292276,30.8057,,,
06/06/23 03:00:00.000,8.09,16.76,6.789848816,84.21540345,30.7991,,,
06/06/23 03:10:00.000,7.9,16.78,6.6306225,82.26964961,30.7933,,,
06/06/23 03:20:00.000,7.72,16.78,6.47950908,80.39285345,30.7895,,,
06/06/23 03:30:00.000,7.58,16.76,6.362330405,78.89963221,30.7715,,,
06/06/23 03:40:00.000,7.54,16.78,6.328646084,78.51392021,30.7745,,,
06/06/23 03:50:00.000,7.74,16.78,6.496797603,80.5942138,30.7626,,,
06/06/23 04:00:00.000,7.75,16.76,6.505524246,80.66223171,30.7446,,,
06/06/23 04:10:00.000,7.79,16.78,6.537520888,81.11021097,30.7846,,,
06/06/23 04:20:00.000,7.42,16.76,6.227018529,77.22316666,30.7748,,,
06/06/23 04:30:00.000,7.28,16.76,6.110075251,75.76395984,30.7553,,,
06/06/23 04:40:00.000,7.25,16.78,6.083927449,75.48120655,30.7817,,,
06/06/23 04:50:00.000,7.38,16.78,6.193397109,76.83246605,30.7669,,,
06/06/23 05:00:00.000,7.5,16.78,6.293930437,78.07954212,30.7667,,,
06/06/23 05:10:00.000,7.78,16.78,6.528566794,80.99219602,30.7705,,,
06/06/23 05:20:00.000,7.81,16.76,6.553289759,81.26812451,30.7723,,,
06/06/23 05:30:00.000,7.61,16.76,6.385138294,79.18473044,30.7762,,,
06/06/23 05:40:00.000,7.62,16.76,6.394365414,79.28651687,30.7499,,,
06/06/23 05:50:00.000,7.76,16.76,6.512541397,80.74091578,30.7276,,,
06/06/23 06:00:00.000,8.07,16.76,6.771988162,83.96398953,30.7404,,,
06/06/23 06:10:00.000,8,16.76,6.713682062,83.2332972,30.725,,,
06/06/23 06:20:00.000,7.95,16.76,6.670216383,82.71072382,30.7575,,,
06/06/23 06:30:00.000,7.83,16.76,6.56938583,81.45993049,30.7565,,,
06/06/23 06:40:00.000,7.75,16.76,6.503735532,80.62533934,30.7145,,,
06/06/23 06:50:00.000,7.72,16.76,6.477659732,80.31094441,30.7327,,,
06/06/23 07:00:00.000,7.93,16.76,6.6536268,82.49320922,30.7339,,,
06/06/23 07:10:00.000,7.84,16.74,6.578321798,81.52046261,30.7191,,,
06/06/23 07:20:00.000,7.82,16.74,6.559829118,81.31017662,30.7574,,,
06/06/23 07:30:00.000,7.89,16.74,6.619338769,82.03567064,30.733,,,
06/06/23 07:40:00.000,7.86,16.72,6.593763908,81.6871557,30.7336,,,
06/06/23 07:50:00.000,7.9,16.72,6.625522987,82.10051799,30.7736,,,
06/06/23 08:00:00.000,7.89,16.74,6.618891176,82.02863131,30.73,,,
06/06/23 08:10:00.000,7.83,16.74,6.566987644,81.40251084,30.7647,,,
06/06/23 08:20:00.000,7.76,16.74,6.508242723,80.67246669,30.7609,,,
06/06/23 08:30:00.000,7.24,16.74,6.072428306,75.26442661,30.7479,,,
06/06/23 08:40:00.000,7.42,16.74,6.222701528,77.13343497,30.7617,,,
06/06/23 08:50:00.000,7.65,16.74,6.416081857,79.52208848,30.7443,,,
06/06/23 09:00:00.000,7.77,16.74,6.516255352,80.76718304,30.7515,,,
06/06/23 09:10:00.000,7.75,16.74,6.49995864,80.55698329,30.7347,,,
06/06/23 09:20:00.000,7.83,16.76,6.565547183,81.42032772,30.7727,,,
06/06/23 09:30:00.000,7.6,16.76,6.373708764,79.02640944,30.7416,,,
06/06/23 09:40:00.000,7.71,16.76,6.467099865,80.16791886,30.7078,,,
06/06/23 09:50:00.000,7.46,16.76,6.256926498,77.56622081,30.7156,,,
06/06/23 10:00:00.000,7.37,16.8,6.183484966,76.69246881,30.666,,,
06/06/23 10:10:00.000,7.15,16.8,5.997277609,74.40101233,30.706,,,
06/06/23 10:20:00.000,6.67,16.8,5.595462695,69.40427294,30.6777,,,
06/06/23 10:30:00.000,6.52,16.8,5.468688937,67.84151576,30.7013,,,
06/06/23 10:40:00.000,6.58,16.8,5.518829597,68.46386487,30.7021,,,
06/06/23 10:50:00.000,6.82,16.8,5.720771844,70.95899633,30.6787,,,
06/06/23 11:00:00.000,6.95,16.8,5.830263229,72.30951768,30.6614,,,
06/06/23 11:10:00.000,7.58,16.8,6.357963367,78.8619363,30.6774,,,
06/06/23 11:20:00.000,7.76,16.82,6.50894037,80.76614546,30.6776,,,
06/06/23 11:30:00.000,7.92,16.84,6.643298484,82.46357544,30.6739,,,
06/06/23 11:40:00.000,7.93,16.84,6.651153566,82.56533284,30.6824,,,
06/06/23 11:50:00.000,7.99,16.84,6.700733584,83.18765785,30.696,,,
06/06/23 12:00:00.000,8.06,16.82,6.759337817,83.87894392,30.6889,,,
06/06/23 12:10:00.000,8.27,16.82,6.934608116,86.06191188,30.7042,,,
06/06/23 12:20:00.000,8.3,16.82,6.959573096,86.37163494,30.704,,,
06/06/23 12:30:00.000,7.85,16.82,6.581444216,81.68649699,30.7194,,,
06/06/23 12:40:00.000,7.38,16.82,6.187563776,76.79351464,30.7102,,,
06/06/23 12:50:00.000,7.3,16.82,6.119765832,75.95889,30.725,,,
06/06/23 13:00:00.000,7.4,16.82,6.20283801,76.99721833,30.7405,,,
06/06/23 13:10:00.000,7.88,16.82,6.60536739,81.98928509,30.7312,,,
06/06/23 13:20:00.000,7.97,16.84,6.680247287,82.9580516,30.7452,,,
06/06/23 13:30:00.000,7.71,16.84,6.462767389,80.24946863,30.7291,,,
06/06/23 13:40:00.000,7.46,16.86,6.253539367,77.67761689,30.7205,,,
06/06/23 13:50:00.000,7.8,16.86,6.538080837,81.2155581,30.7277,,,
06/06/23 14:00:00.000,7.97,16.86,6.680758498,82.98326458,30.7185,,,
06/06/23 14:10:00.000,8.02,16.86,6.721846727,83.50147112,30.734,,,
06/06/23 14:20:00.000,8.13,16.88,6.813835608,84.67974087,30.7391,,,
06/06/23 14:30:00.000,8.23,16.86,6.89651172,85.6830112,30.7567,,,
06/06/23 14:40:00.000,8.28,16.86,6.939607178,86.2010955,30.7235,,,
06/06/23 14:50:00.000,8.2,16.86,6.872340202,85.3657899,30.724,,,
06/06/23 15:00:00.000,8.04,16.86,6.738154829,83.69771889,30.7215,,,
06/06/23 15:10:00.000,8.08,16.88,6.775202266,84.14690525,30.6357,,,
06/06/23 15:20:00.000,8.48,16.88,7.10711949,88.31006432,30.712,,,
06/06/23 15:30:00.000,8.68,16.88,7.273518555,90.3902599,30.735,,,
06/06/23 15:40:00.000,8.69,16.88,7.286445528,90.4918042,30.6272,,,
06/06/23 15:50:00.000,8.42,16.86,7.056178546,87.64102942,30.7083,,,
06/06/23 16:00:00.000,8.2,16.9,6.87195155,85.42009208,30.7099,,,
06/06/23 16:10:00.000,8.24,16.92,6.905489944,85.87020213,30.7096,,,
06/06/23 16:20:00.000,8.38,16.92,7.021985772,87.32666031,30.7244,,,
06/06/23 16:30:00.000,8.77,16.9,7.348065423,91.34997949,30.731,,,
06/06/23 16:40:00.000,8.88,16.92,7.442073285,92.53177991,30.6902,,,
06/06/23 16:50:00.000,9.01,16.92,7.550198195,93.88372218,30.7035,,,
06/06/23 17:00:00.000,8.98,16.9,7.524254122,93.52934054,30.7116,,,
06/06/23 17:10:00.000,8.86,16.9,7.424281374,92.2768615,30.6941,,,
06/06/23 17:20:00.000,8.77,16.9,7.348663777,91.336895,30.6939,,,
06/06/23 17:30:00.000,9.14,16.98,7.66258249,95.34680894,30.6247,,,
06/06/23 17:40:00.000,9.38,17,7.865685863,97.88849472,30.5849,,,
06/06/23 17:50:00.000,9.3,17.04,7.800048161,97.13186144,30.5591,,,
06/06/23 18:00:00.000,9.28,17.06,7.788126797,96.96062404,30.4561,,,
06/06/23 18:10:00.000,9.09,17.06,7.628905175,94.97271739,30.4463,,,
06/06/23 18:20:00.000,8.77,17.04,7.36115045,91.58851609,30.4186,,,
06/06/23 18:30:00.000,8.59,17,7.208880321,89.63131182,30.4315,,,
06/06/23 18:40:00.000,8.53,16.98,7.161425353,88.96555368,30.3551,,,
06/06/23 18:50:00.000,8.88,17.06,7.457188677,92.76799386,30.3269,,,
06/06/23 19:00:00.000,10.06,17.22,8.461405768,105.4429179,30.1001,,,
06/06/23 19:10:00.000,9.8,17.34,8.231365332,102.9711465,30.3521,,,
06/06/23 19:20:00.000,9.07,17.22,7.622371573,95.0608795,30.2285,,,
06/06/23 19:30:00.000,9.44,17.28,7.937397121,99.0593788,30.1528,,,
06/06/23 19:40:00.000,9.73,17.38,8.177844164,102.3117042,30.2404,,,
06/06/23 19:50:00.000,9.87,17.38,8.296669516,103.7808404,30.2125,,,
06/06/23 20:00:00.000,9.75,17.46,8.20354153,102.6862222,30.07,,,
06/06/23 20:10:00.000,9.57,17.6,8.055855981,101.0798797,30.0205,,,
06/06/23 20:20:00.000,8.84,17.4,7.423029401,92.9811757,30.3777,,,
06/06/23 20:30:00.000,8.61,17.18,7.225847454,90.14657769,30.4134,,,
06/06/23 20:40:00.000,8.31,17.08,6.971466523,86.82211068,30.4467,,,
06/06/23 20:50:00.000,8.16,17.08,6.846433351,85.25248053,30.4225,,,
06/06/23 21:00:00.000,8.14,17.16,6.83090567,85.18289614,30.4065,,,
06/06/23 21:10:00.000,8.51,17.06,7.135966445,88.86699142,30.5038,,,
06/06/23 21:20:00.000,8.13,16.96,6.814199345,84.71940016,30.5508,,,
06/06/23 21:30:00.000,8.7,16.92,7.290692127,90.58081993,30.5649,,,
06/06/23 21:40:00.000,8.45,16.9,7.081522205,87.93863514,30.5476,,,
06/06/23 21:50:00.000,7.97,16.9,6.678775503,82.9409262,30.5548,,,
06/06/23 22:00:00.000,8.2,16.9,6.870567085,85.33200674,30.5728,,,
06/06/23 22:10:00.000,7.77,16.9,6.510023613,80.85496105,30.5746,,,
06/06/23 22:20:00.000,7.55,16.92,6.32655173,78.59622415,30.5524,,,
06/06/23 22:30:00.000,7,16.92,5.864628211,72.86858178,30.5772,,,
06/06/23 22:40:00.000,6.73,16.96,5.638905002,70.11448798,30.5679,,,
06/06/23 22:50:00.000,6.68,16.96,5.596837147,69.59158221,30.5683,,,
06/06/23 23:00:00.000,6.97,16.96,5.840017285,72.61069125,30.5578,,,
06/06/23 23:10:00.000,6.96,17,5.832692426,72.56500254,30.5328,,,
06/06/23 23:20:00.000,6.93,17.04,5.807353054,72.31046417,30.5433,,,
06/06/23 23:30:00.000,6.85,17.06,5.740137698,71.5034731,30.5484,,,
06/06/23 23:40:00.000,6.91,17.06,5.790856074,72.1277121,30.5311,,,
06/06/23 23:50:00.000,7.62,17.04,6.385218046,79.50336615,30.5383,,,
06/07/23 00:00:00.000,7.69,17.04,6.444290363,80.23141068,30.5229,,,
06/07/23 00:10:00.000,8.45,17.08,7.080695207,88.23166875,30.539,,,
06/07/23 00:20:00.000,8.52,17.08,7.142398585,88.96003012,30.4637,,,
06/07/23 00:30:00.000,8.38,17.12,7.024445628,87.56867906,30.4824,,,
06/07/23 00:40:00.000,7.71,17.12,6.463284528,80.56505344,30.4659,,,
06/07/23 00:50:00.000,6.53,17.12,5.473269702,68.23277651,30.486,,,
06/07/23 01:00:00.000,6.04,17.12,5.061951488,63.11089541,30.5013,,,
06/07/23 01:10:00.000,5.85,17.14,4.903151698,61.14932609,30.4867,,,
06/07/23 01:20:00.000,5.81,17.16,4.869856407,60.75475677,30.4789,,,
06/07/23 01:30:00.000,5.59,17.18,4.685985949,58.47688719,30.4602,,,
06/07/23 01:40:00.000,5.63,17.2,4.720284916,58.91814397,30.4333,,,
06/07/23 01:50:00.000,5.84,17.22,4.895069512,61.13947046,30.4767,,,
06/07/23 02:00:00.000,5.24,17.24,4.393226486,54.87925608,30.4362,,,
06/07/23 02:10:00.000,5.02,17.24,4.208474274,52.57365659,30.4434,,,
06/07/23 02:20:00.000,5.19,17.26,4.351037422,54.37507472,30.4417,,,
06/07/23 02:30:00.000,5.28,17.28,4.426641649,55.33939578,30.436,,,
06/07/23 02:40:00.000,5.37,17.28,4.502306348,56.28106583,30.4235,,,
06/07/23 02:50:00.000,5.89,17.26,4.937603557,61.70358753,30.4368,,,
06/07/23 03:00:00.000,6.94,17.26,5.816470788,72.70129174,30.4705,,,
06/07/23 03:10:00.000,8.22,17.26,6.890878015,86.10770427,30.4266,,,
06/07/23 03:20:00.000,8.05,17.26,6.748098917,84.32446785,30.4284,,,
06/07/23 03:30:00.000,7.9,17.26,6.622587765,82.75082943,30.4179,,,
06/07/23 03:40:00.000,7.92,17.26,6.639852844,82.95794414,30.4007,,,
06/07/23 03:50:00.000,8.03,17.26,6.732335096,84.10772367,30.3895,,,
06/07/23 04:00:00.000,7.49,17.3,6.279454756,78.51461655,30.3981,,,
06/07/23 04:10:00.000,7.89,17.3,6.614248932,82.70527947,30.4073,,,
06/07/23 04:20:00.000,8.76,17.34,7.344129025,91.8985075,30.3996,,,
06/07/23 04:30:00.000,8.8,17.34,7.377131541,92.31548536,30.4068,,,
06/07/23 04:40:00.000,8.66,17.34,7.259603494,90.84422205,30.4058,,,
06/07/23 04:50:00.000,8.67,17.34,7.265699147,90.94651213,30.4532,,,
06/07/23 05:00:00.000,8.56,17.34,7.174531029,89.79005706,30.425,,,
06/07/23 05:10:00.000,8.46,17.34,7.090790985,88.73856016,30.4185,,,
06/07/23 05:20:00.000,8.49,17.34,7.115769987,89.05067923,30.4176,,,
06/07/23 05:30:00.000,8.35,17.34,6.997959815,87.57972007,30.424,,,
06/07/23 05:40:00.000,8.2,17.34,6.870702978,86.00396235,30.4565,,,
06/07/23 05:50:00.000,7.9,17.34,6.619808859,82.85509692,30.4399,,,
06/07/23 06:00:00.000,7.28,17.36,6.101766887,76.38203976,30.3995,,,
06/07/23 06:10:00.000,6.71,17.36,5.622832486,70.39955637,30.4297,,,
06/07/23 06:20:00.000,6.6,17.34,5.530640955,69.21475133,30.4206,,,
06/07/23 06:30:00.000,7.19,17.36,6.025083085,75.43125804,30.4196,,,
06/07/23 06:40:00.000,7.54,17.34,6.318051693,79.06806868,30.4186,,,
06/07/23 06:50:00.000,8.12,17.32,6.805434952,85.11244732,30.3755,,,
06/07/23 07:00:00.000,7.78,17.3,6.520544801,81.51243182,30.3643,,,
06/07/23 07:10:00.000,7.5,17.28,6.285811148,78.54393582,30.3564,,,
06/07/23 07:20:00.000,7.22,17.3,6.051469435,75.64086824,30.3474,,,
06/07/23 07:30:00.000,7.48,17.28,6.270274888,78.32998589,30.3145,,,
06/07/23 07:40:00.000,7.49,17.28,6.279360549,78.4324524,30.2912,,,
06/07/23 07:50:00.000,6.93,17.28,5.808575941,72.56625952,30.3235,,,
06/07/23 08:00:00.000,7.2,17.28,6.035045961,75.39135088,30.3143,,,
06/07/23 08:10:00.000,7.26,17.3,6.086862206,76.04900895,30.2728,,,
06/07/23 08:20:00.000,7.53,17.3,6.312133421,78.87501219,30.2969,,,
06/07/23 08:30:00.000,6.96,17.3,5.834285241,72.90229955,30.2932,,,
06/07/23 08:40:00.000,7.34,17.3,6.154987331,76.88038898,30.2302,,,
06/07/23 08:50:00.000,8.04,17.3,6.739629053,84.20988704,30.2831,,,
06/07/23 09:00:00.000,7.88,17.32,6.60640337,82.56597261,30.2606,,,
06/07/23 09:10:00.000,8.33,17.28,6.983279219,87.206067,30.2557,,,
06/07/23 09:20:00.000,8.66,17.22,7.257657925,90.54523523,30.2885,,,
06/07/23 09:30:00.000,8.3,17.2,6.955281513,86.74265281,30.295,,,
06/07/23 09:40:00.000,7.46,17.22,6.25167147,77.99406955,30.2871,,,
06/07/23 09:50:00.000,7.09,17.24,5.941321646,74.15442559,30.2949,,,
06/07/23 10:00:00.000,7.11,17.28,5.960057632,74.4232978,30.2447,,,
06/07/23 10:10:00.000,7.07,17.3,5.924487336,74.03321821,30.3017,,,
06/07/23 10:20:00.000,6.74,17.32,5.649301429,70.60491848,30.2622,,,
06/07/23 10:30:00.000,6.24,17.32,5.23060646,65.36528656,30.245,,,
06/07/23 10:40:00.000,6.67,17.3,5.590097435,69.83861364,30.2637,,,
06/07/23 10:50:00.000,6.79,17.3,5.690422932,71.09303742,30.2661,,,
06/07/23 11:00:00.000,6.83,17.3,5.724119426,71.50979258,30.2563,,,
06/07/23 11:10:00.000,6.73,17.28,5.639561959,70.43151232,30.2688,,,
06/07/23 11:20:00.000,7.39,17.28,6.192506347,77.33639193,30.2672,,,
06/07/23 11:30:00.000,6.92,17.24,5.795216543,72.35559724,30.3515,,,
06/07/23 11:40:00.000,6.27,17.24,5.251586207,65.55730576,30.3241,,,
06/07/23 11:50:00.000,6.05,17.24,5.066709245,63.2552313,30.3393,,,
06/07/23 12:00:00.000,6.33,17.24,5.302118608,66.18084388,30.3059,,,
06/07/23 12:10:00.000,6.42,17.24,5.375800746,67.11987445,30.3536,,,
06/07/23 12:20:00.000,6.04,17.26,5.058358089,63.17148214,30.329,,,
06/07/23 12:30:00.000,5.9,17.26,4.941724243,61.70546872,30.3037,,,
06/07/23 12:40:00.000,5.88,17.26,4.924376092,61.49452988,30.319,,,
06/07/23 12:50:00.000,5.82,17.26,4.873757685,60.86528496,30.3268,,,
06/07/23 13:00:00.000,5.69,17.26,4.764785475,59.50404047,30.3258,,,
06/07/23 13:10:00.000,5.48,17.28,4.589896125,57.33010103,30.291,,,
06/07/23 13:20:00.000,5.38,17.28,4.505519691,56.28231319,30.309,,,
06/07/23 13:30:00.000,5.51,17.28,4.614813661,57.64063753,30.289,,,
06/07/23 13:40:00.000,5.52,17.28,4.623005843,57.74358827,30.2908,,,
06/07/23 13:50:00.000,5.54,17.28,4.640163114,57.95113793,30.2715,,,
06/07/23 14:00:00.000,5.67,17.28,4.748724903,59.30929685,30.278,,,
06/07/23 14:10:00.000,5.71,17.28,4.781571332,59.72598722,30.2959,,,
06/07/23 14:20:00.000,5.79,17.28,4.849006706,60.56103721,30.276,,,
06/07/23 14:30:00.000,5.93,17.28,4.966141025,62.02359655,30.275,,,
06/07/23 14:40:00.000,6,17.28,5.024788655,62.75394235,30.2694,,,
06/07/23 14:50:00.000,5.95,17.28,4.982555532,62.22920328,30.2766,,,
06/07/23 15:00:00.000,5.72,17.28,4.790098204,59.8219843,30.2668,,,
06/07/23 15:10:00.000,5.89,17.28,4.932087148,61.5981389,30.2746,,,
06/07/23 15:20:00.000,5.8,17.28,4.857798556,60.65516654,30.2332,,,
06/07/23 15:30:00.000,5.73,17.28,4.799060903,59.92139805,30.2322,,,
06/07/23 15:40:00.000,5.6,17.28,4.689160598,58.56024052,30.2635,,,
06/07/23 15:50:00.000,5.45,17.28,4.563451624,56.99002348,30.2626,,,
06/07/23 16:00:00.000,5.51,17.3,4.61400264,57.63971503,30.2514,,,
06/07/23 16:10:00.000,5.62,17.3,4.706235526,58.78872615,30.2424,,,
06/07/23 16:20:00.000,5.88,17.3,4.925428325,61.50672006,30.1883,,,
06/07/23 16:30:00.000,9.1,17.3,7.620783566,95.18623343,30.2249,,,
06/07/23 16:40:00.000,8.87,17.32,7.428756099,92.81628902,30.2118,,,
06/07/23 16:50:00.000,8.25,17.34,6.90857805,86.36192218,30.2338,,,
06/07/23 17:00:00.000,7.71,17.32,6.456707674,80.67332774,30.2159,,,
06/07/23 17:10:00.000,7.65,17.32,6.407169839,80.04321698,30.1928,,,
06/07/23 17:20:00.000,7.74,17.32,6.481450287,80.98257204,30.2161,,,
06/07/23 17:30:00.000,7.49,17.32,6.272674008,78.3646013,30.1962,,,
06/07/23 17:40:00.000,7.75,17.32,6.491530917,81.08253497,30.163,,,
06/07/23 17:50:00.000,8.33,17.3,6.976848084,87.11196243,30.1654,,,
06/07/23 18:00:00.000,8.36,17.3,7.002242485,87.42317555,30.1543,,,
06/07/23 18:10:00.000,8.75,17.32,7.327219354,91.53689593,30.1923,,,
06/07/23 18:20:00.000,8.77,17.32,7.344394245,91.74348323,30.1779,,,
06/07/23 18:30:00.000,8.69,17.32,7.276965232,90.90398273,30.183,,,
06/07/23 18:40:00.000,8.68,17.32,7.268658493,90.79676236,30.1767,,,
06/07/23 18:50:00.000,8.55,17.32,7.159663523,89.43432934,30.175,,,
06/07/23 19:00:00.000,8.46,17.32,7.083761292,88.49036877,30.1828,,,
06/07/23 19:10:00.000,8.18,17.32,6.849820358,85.55914723,30.1657,,,
06/07/23 19:20:00.000,7.8,17.32,6.532762039,81.58216901,30.1318,,,
06/07/23 19:30:00.000,7.61,17.32,6.372347184,79.59262033,30.1604,,,
06/07/23 19:40:00.000,7.37,17.34,6.17129209,77.11225411,30.1627,,,
06/07/23 19:50:00.000,7.12,17.34,5.96181461,74.4943619,30.1618,,,
06/07/23 20:00:00.000,6.9,17.34,5.777842865,72.19049196,30.1501,,,
06/07/23 20:10:00.000,6.64,17.34,5.559188671,69.46827096,30.1733,,,
06/07/23 20:20:00.000,6.43,17.34,5.384206881,67.26929595,30.1428,,,
06/07/23 20:30:00.000,6.33,17.34,5.299813256,66.22121095,30.1586,,,
06/07/23 20:40:00.000,6.42,17.34,5.374781038,67.16081144,30.1657,,,
06/07/23 20:50:00.000,7.61,17.34,6.371411304,79.60733062,30.1513,,,
06/07/23 21:00:00.000,8.18,17.34,6.847371789,85.56757144,30.1772,,,
06/07/23 21:10:00.000,8.18,17.36,6.848381974,85.60061948,30.1527,,,
06/07/23 21:20:00.000,7.81,17.36,6.538993946,81.72635595,30.1383,,,
06/07/23 21:30:00.000,7.25,17.34,6.068462929,75.83267919,30.1743,,,
06/07/23 21:40:00.000,7.16,17.34,5.99296859,74.88915185,30.174,,,
06/07/23 21:50:00.000,7.55,17.36,6.31851095,78.99880856,30.1973,,,
06/07/23 22:00:00.000,8.28,17.36,6.930461208,86.63460949,30.1681,,,
06/07/23 22:10:00.000,8.13,17.36,6.803929307,85.06269265,30.1872,,,
06/07/23 22:20:00.000,8.35,17.36,6.988847776,87.36199658,30.1634,,,
06/07/23 22:30:00.000,7.52,17.36,6.292523818,78.67584399,30.2014,,,
06/07/23 22:40:00.000,7.22,17.36,6.041055877,75.53500488,30.2086,,,
06/07/23 22:50:00.000,7.21,17.38,6.03264696,75.45950757,30.2097,,,
06/07/23 23:00:00.000,6.81,17.38,5.698694417,71.27107466,30.1837,,,
06/07/23 23:10:00.000,6.5,17.38,5.43937522,68.02476422,30.1761,,,
06/07/23 23:20:00.000,6.66,17.4,5.571937972,69.72611932,30.2156,,,
06/07/23 23:30:00.000,6.95,17.4,5.814427509,72.76014611,30.2146,,,
06/07/23 23:40:00.000,6.92,17.4,5.789221887,72.44398706,30.2129,,,
06/07/23 23:50:00.000,6.94,17.4,5.8061017,72.65127024,30.2039,,,
06/08/23 00:00:00.000,6.79,17.38,5.680318424,71.04948308,30.2029,,,
06/08/23 00:10:00.000,6.44,17.38,5.386693872,67.38519765,30.2235,,,
06/08/23 00:20:00.000,6.53,17.38,5.460804982,68.32494818,30.2542,,,
06/08/23 00:30:00.000,6.68,17.38,5.585248023,69.89242069,30.279,,,
06/08/23 00:40:00.000,6.79,17.36,5.678875066,71.01183571,30.2212,,,
06/08/23 00:50:00.000,6.74,17.36,5.636217981,70.48689035,30.2411,,,
06/08/23 01:00:00.000,6.66,17.34,5.567874142,69.61935076,30.2746,,,
06/08/23 01:10:00.000,6.51,17.34,5.443168744,68.04938695,30.2486,,,
06/08/23 01:20:00.000,6.45,17.32,5.392239495,67.39228276,30.2625,,,
06/08/23 01:30:00.000,6.39,17.32,5.341889759,66.76345433,30.2636,,,
06/08/23 01:40:00.000,6.42,17.3,5.365158048,67.04712076,30.31,,,
06/08/23 01:50:00.000,6.8,17.28,5.682803691,70.98410654,30.2981,,,
06/08/23 02:00:00.000,7,17.28,5.849571589,73.06976903,30.3039,,,
06/08/23 02:10:00.000,7.28,17.28,6.083816246,75.99037023,30.292,,,
06/08/23 02:20:00.000,8.9,17.26,7.436392394,92.85904863,30.3101,,,
06/08/23 02:30:00.000,9.02,17.26,7.536118094,94.10836898,30.3172,,,
06/08/23 02:40:00.000,9,17.26,7.518406177,93.89699722,30.3345,,,
06/08/23 02:50:00.000,8.84,17.24,7.382577435,92.18673645,30.3736,,,
06/08/23 03:00:00.000,8.65,17.24,7.225631236,90.20274787,30.3292,,,
06/08/23 03:10:00.000,8.61,17.24,7.189843556,89.7830379,30.3791,,,
06/08/23 03:20:00.000,8.48,17.22,7.081733962,88.38812409,30.3591,,,
06/08/23 03:30:00.000,8.41,17.22,7.022484208,87.65597887,30.373,,,
06/08/23 03:40:00.000,8.3,17.22,6.930474572,86.50697462,30.372,,,
06/08/23 03:50:00.000,8.2,17.22,6.846814762,85.46225872,30.3711,,,
06/08/23 04:00:00.000,7.88,17.2,6.578662927,82.09063028,30.3857,,,
06/08/23 04:10:00.000,7.92,17.2,6.61147114,82.50495589,30.3956,,,
06/08/23 04:20:00.000,7.92,17.2,6.612215252,82.5025778,30.3722,,,
06/08/23 04:30:00.000,8.22,17.2,6.86105412,85.62520727,30.4066,,,
06/08/23 04:40:00.000,8.31,17.18,6.936387386,86.52420919,30.392,,,
06/08/23 04:50:00.000,8.35,17.18,6.96815559,86.93818538,30.4257,,,
06/08/23 05:00:00.000,8.09,17.16,6.753523713,84.19365295,30.3588,,,
06/08/23 05:10:00.000,7.6,17.16,6.6284994,79.09188088,23.103,,,
06/08/23 05:20:00.000,7.75,17.16,6.757783893,80.65057974,23.136,,,
06/08/23 05:30:00.000,7.57,17.16,6.538833196,78.77513387,24.6943,,,
06/08/23 05:40:00.000,7.96,17.14,6.775127027,82.79669704,27.1255,,,
06/08/23 05:50:00.000,7.49,17.14,6.372182133,77.90570117,27.1962,,,
06/08/23 06:00:00.000,6.86,17.14,5.92617752,71.35082794,24.6585,,,
06/08/23 06:10:00.000,7.15,17.12,6.085361017,74.33400895,27.1161,,,
06/08/23 06:20:00.000,7.42,17.12,6.334054716,77.13880321,26.6168,,,
06/08/23 06:30:00.000,7.54,17.12,6.287966747,78.3840708,30.4751,,,
06/08/23 06:40:00.000,7.91,17.12,6.598359251,82.22813284,30.4244,,,
06/08/23 06:50:00.000,7.95,17.12,6.637334452,82.64156834,30.2798,,,
06/08/23 07:00:00.000,8.04,17.1,6.715732876,83.53991345,30.19,,,
06/08/23 07:10:00.000,7.98,17.1,6.660307293,82.91409013,30.317,,,
06/08/23 07:20:00.000,8.09,17.1,6.749888686,84.0545921,30.3668,,,
06/08/23 07:30:00.000,8.03,17.1,6.703507961,83.42878976,30.2712,,,
06/08/23 07:40:00.000,7.94,17.08,6.633418509,82.45697331,30.1359,,,
06/08/23 07:50:00.000,8.09,17.08,6.757158876,84.01230162,30.1697,,,
06/08/23 08:00:00.000,8.13,17.08,6.795129314,84.42525495,30.0539,,,
06/08/23 08:10:00.000,8.03,17.08,6.709662773,83.38440882,30.0956,,,
06/08/23 08:20:00.000,8.11,17.08,6.768769877,84.21270861,30.2798,,,
06/08/23 08:30:00.000,8,17.08,6.669804112,83.06809326,30.4524,,,
06/08/23 08:40:00.000,8.06,17.08,6.717679593,83.68868986,30.5005,,,
06/08/23 08:50:00.000,7.81,17.1,6.51050805,81.12434798,30.4702,,,
06/08/23 09:00:00.000,7.89,17.1,6.57704305,81.95296306,30.4693,,,
06/08/23 09:10:00.000,7.92,17.1,6.602554931,82.26219813,30.4519,,,
06/08/23 09:20:00.000,8.09,17.1,6.743453963,84.02550305,30.4673,,,
06/08/23 09:30:00.000,8.02,17.1,6.685227569,83.29605602,30.4595,,,
06/08/23 09:40:00.000,7.96,17.12,6.634595976,82.70495581,30.4749,,,
06/08/23 09:50:00.000,8,17.12,6.667751338,83.11816048,30.4747,,,
06/08/23 10:00:00.000,7.89,17.12,6.576575726,81.97292063,30.4572,,,
06/08/23 10:10:00.000,7.84,17.12,6.535717935,81.45109696,30.4317,,,
06/08/23 10:20:00.000,7.74,17.12,6.450608028,80.40985973,30.4717,,,
06/08/23 10:30:00.000,7.84,17.12,6.534688943,81.44639665,30.4482,,,
06/08/23 10:40:00.000,7.9,17.12,6.584306316,82.06734276,30.4533,,,
06/08/23 10:50:00.000,7.92,17.14,6.599679,82.30700431,30.4858,,,
06/08/23 11:00:00.000,7.84,17.14,6.533482552,81.47326929,30.4692,,,
06/08/23 11:10:00.000,7.86,17.16,6.550189298,81.71276362,30.4682,,,
06/08/23 11:20:00.000,7.79,17.18,6.49237603,81.0164151,30.4549,,,
06/08/23 11:30:00.000,7.65,17.18,6.374707539,79.55811157,30.4758,,,
06/08/23 11:40:00.000,7.46,17.18,6.217467972,77.57991944,30.4421,,,
06/08/23 11:50:00.000,7.22,17.18,6.01700675,75.08188371,30.4493,,,
06/08/23 12:00:00.000,6.97,17.18,5.807718405,72.48000352,30.4714,,,
06/08/23 12:10:00.000,7.28,17.18,6.066105875,75.70146285,30.4644,,,
06/08/23 12:20:00.000,7.54,17.18,6.284397367,78.40282347,30.4163,,,
06/08/23 12:30:00.000,7.86,17.2,6.549173728,81.76191443,30.4652,,,
06/08/23 12:40:00.000,7.78,17.2,6.482661238,80.92739604,30.4567,,,
06/08/23 12:50:00.000,7.81,17.2,6.508261054,81.23711034,30.4366,,,
06/08/23 13:00:00.000,7.49,17.22,6.241917465,77.9387324,30.4281,,,
06/08/23 13:10:00.000,7.53,17.22,6.274767762,78.35269868,30.4361,,,
06/08/23 13:20:00.000,7.54,17.22,6.283526652,78.45448779,30.4201,,,
06/08/23 13:30:00.000,7.61,17.22,6.34171317,79.18055915,30.4192,,,
06/08/23 13:40:00.000,7.9,17.22,6.582145807,82.19557926,30.4455,,,
06/08/23 13:50:00.000,7.88,17.22,6.565526574,81.98512211,30.4396,,,
06/08/23 14:00:00.000,7.72,17.22,6.432357045,80.31813058,30.4312,,,
06/08/23 14:10:00.000,7.72,17.24,6.432978128,80.34921098,30.4152,,,
06/08/23 14:20:00.000,7.68,17.22,6.398736556,79.89736048,30.4292,,,
06/08/23 14:30:00.000,7.77,17.24,6.473384981,80.86493743,30.4378,,,
06/08/23 14:40:00.000,7.65,17.24,6.373472235,79.61375915,30.4314,,,
06/08/23 14:50:00.000,7.53,17.24,6.27345523,78.362653,30.4277,,,
06/08/23 15:00:00.000,7.55,17.24,6.291163274,78.56851866,30.3954,,,
06/08/23 15:10:00.000,7.53,17.26,6.273913672,78.39070171,30.4108,,,
06/08/23 15:20:00.000,8.04,17.26,6.69901879,83.69761496,30.4016,,,
06/08/23 15:30:00.000,8.06,17.28,6.715746968,83.93826291,30.4,,,
06/08/23 15:40:00.000,8.27,17.28,6.89180961,86.12275267,30.3691,,,
06/08/23 15:50:00.000,8.18,17.28,6.815977415,85.1830436,30.3845,,,
06/08/23 16:00:00.000,8.2,17.28,6.832424431,85.38884883,30.385,,,
06/08/23 16:10:00.000,8.06,17.3,6.716388394,83.96343321,30.3698,,,
06/08/23 16:20:00.000,7.85,17.34,6.541668819,81.84136179,30.3676,,,
06/08/23 16:30:00.000,7.22,17.36,6.016990425,75.30226642,30.3587,,,
06/08/23 16:40:00.000,7.05,17.38,5.874701563,73.55760264,30.376,,,
06/08/23 16:50:00.000,7.92,17.36,6.59865187,82.59826815,30.3919,,,
06/08/23 17:00:00.000,7.51,17.36,6.257602907,78.32008521,30.3726,,,
06/08/23 17:10:00.000,7.37,17.36,6.140605728,76.85783667,30.3771,,,
06/08/23 17:20:00.000,7.93,17.36,6.607714526,82.69539182,30.3592,,,
06/08/23 17:30:00.000,7.91,17.38,6.590109484,82.51866686,30.3828,,,
06/08/23 17:40:00.000,7.46,17.4,6.21469428,77.8542068,30.3962,,,
06/08/23 17:50:00.000,7.64,17.4,6.365100104,79.73042297,30.3796,,,
06/08/23 18:00:00.000,7.71,17.4,6.423194755,80.45861265,30.3806,,,
06/08/23 18:10:00.000,8.27,17.4,6.890366575,86.30006505,30.3605,,,
06/08/23 18:20:00.000,8.73,17.38,7.27136653,91.05991158,30.4025,,,
06/08/23 18:30:00.000,8.48,17.38,7.063320917,88.44968365,30.3934,,,
06/08/23 18:40:00.000,8.53,17.4,7.105947696,89.00553152,30.3705,,,
06/08/23 18:50:00.000,8.52,17.4,7.096834149,88.89861851,30.384,,,
06/08/23 19:00:00.000,8.4,17.4,6.996030875,87.64399257,30.3993,,,
06/08/23 19:10:00.000,8.17,17.4,6.804428111,85.24175322,30.3956,,,
06/08/23 19:20:00.000,8.07,17.4,6.721540252,84.19596929,30.381,,,
06/08/23 19:30:00.000,8.38,17.4,6.980730486,87.42773634,30.3527,,,
06/08/23 19:40:00.000,8.47,17.4,7.055077314,88.36414389,30.3626,,,
06/08/23 19:50:00.000,8.49,17.4,7.070640492,88.57023608,30.3835,,,
06/08/23 20:00:00.000,8.58,17.4,7.145314487,89.50655619,30.3852,,,
06/08/23 20:10:00.000,8.31,17.4,6.920270261,86.68741073,30.385,,,
06/08/23 20:20:00.000,7.64,17.4,6.362487436,79.69586947,30.3758,,,
06/08/23 20:30:00.000,7.28,17.42,6.061790662,75.96985636,30.4002,,,
06/08/23 20:40:00.000,8.21,17.42,6.836687553,85.67232034,30.3828,,,
06/08/23 20:50:00.000,8.12,17.42,6.761391724,84.7307104,30.3866,,,
06/08/23 21:00:00.000,8.03,17.42,6.687176358,83.78915474,30.3638,,,
06/08/23 21:10:00.000,8.13,17.42,6.770633705,84.83015391,30.3546,,,
06/08/23 21:20:00.000,8.08,17.42,6.727513082,84.306006,30.3863,,,
06/08/23 21:30:00.000,7.74,17.4,6.445818657,80.7226731,30.3409,,,
06/08/23 21:40:00.000,7.86,17.4,6.543555279,81.97181751,30.3918,,,
06/08/23 21:50:00.000,7.7,17.4,6.410945021,80.30085835,30.3717,,,
06/08/23 22:00:00.000,7.38,17.4,6.144375549,76.96145465,30.3707,,,
06/08/23 22:10:00.000,8.05,17.4,6.702594718,83.94604299,30.3561,,,
06/08/23 22:20:00.000,8.17,17.4,6.802099133,85.19494921,30.3613,,,
06/08/23 22:30:00.000,8.09,17.4,6.734925008,84.35828769,30.3705,,,
06/08/23 22:40:00.000,8.28,17.4,6.892601345,86.33701176,30.3777,,,
06/08/23 22:50:00.000,8.13,17.4,6.767351909,84.77048415,30.3823,,,
06/08/23 23:00:00.000,8.13,17.4,6.767531757,84.76803284,30.3731,,,
06/08/23 23:10:00.000,7.79,17.4,6.483936029,81.22064946,30.383,,,
06/08/23 23:20:00.000,7.43,17.4,6.185345517,77.46495173,30.35,,,
06/08/23 23:30:00.000,7,17.42,5.827218079,73.00993229,30.3545,,,
06/08/23 23:40:00.000,6.65,17.42,5.535910745,69.35742978,30.3481,,,
06/08/23 23:50:00.000,6.69,17.42,5.568259167,69.77259936,30.3716,,,
06/09/23 00:00:00.000,7.36,17.42,6.126656505,76.75806862,30.3468,,,
06/09/23 00:10:00.000,7.11,17.42,5.917365189,74.14865262,30.3752,,,
06/09/23 00:20:00.000,6.66,17.42,5.542905368,69.45369101,30.3687,,,
06/09/23 00:30:00.000,6.41,17.42,5.33498004,66.84463697,30.3595,,,
06/09/23 00:40:00.000,6.51,17.44,5.418837948,67.91362786,30.3402,,,
06/09/23 00:50:00.000,6.49,17.44,5.401929712,67.7030254,30.3434,,,
06/09/23 01:00:00.000,6.13,17.44,5.102500372,63.9456919,30.3316,,,
06/09/23 01:10:00.000,5.61,17.44,4.669785808,58.51956837,30.3224,,,
06/09/23 01:20:00.000,5.07,17.44,4.219496412,52.88513879,30.3487,,,
06/09/23 01:30:00.000,5.09,17.44,4.236082676,53.09222269,30.3462,,,
06/09/23 01:40:00.000,5.38,17.42,4.47640685,56.09225133,30.3746,,,
06/09/23 01:50:00.000,5.72,17.42,4.75901838,59.63538943,30.3797,,,
06/09/23 02:00:00.000,5.96,17.42,4.958930818,62.13577583,30.3671,,,
06/09/23 02:10:00.000,6.25,17.42,5.20112759,65.15727565,30.3334,,,
06/09/23 02:20:00.000,6.54,17.42,5.441531182,68.17860052,30.3569,,,
06/09/23 02:30:00.000,7.82,17.42,6.506713088,81.52006566,30.3477,,,
06/09/23 02:40:00.000,7.64,17.42,6.356298233,79.64134019,30.3597,,,
06/09/23 02:50:00.000,7.25,17.42,6.032584273,75.57369223,30.3341,,,
06/09/23 03:00:00.000,6.69,17.42,5.566948212,69.73425804,30.3195,,,
06/09/23 03:10:00.000,6.72,17.4,5.590636047,70.01591155,30.3478,,,
06/09/23 03:20:00.000,6.4,17.4,5.323943272,66.67989083,30.3577,,,
06/09/23 03:30:00.000,6.16,17.4,5.124153286,64.1775376,30.3575,,,
06/09/23 03:40:00.000,5.77,17.4,4.79967954,60.11260961,30.3546,,,
06/09/23 03:50:00.000,5.11,17.4,4.250313078,53.23510313,30.3637,,,
06/09/23 04:00:00.000,4.96,17.4,4.125521176,51.67093336,30.36,,,
06/09/23 04:10:00.000,5.12,17.4,4.258646212,53.33619391,30.3535,,,
06/09/23 04:20:00.000,4.7,17.4,3.909082526,48.95954214,30.3581,,,
06/09/23 04:30:00.000,4.95,17.4,4.117258333,51.56228061,30.3434,,,
06/09/23 04:40:00.000,5.33,17.4,4.433884292,55.51899003,30.3179,,,
06/09/23 04:50:00.000,6.66,17.4,5.538755412,69.37068865,30.3586,,,
06/09/23 05:00:00.000,6.51,17.4,5.414178512,67.8063229,30.3486,,,
06/09/23 05:10:00.000,6.1,17.4,5.073578985,63.53403936,30.3312,,,
06/09/23 05:20:00.000,6.42,17.4,5.339456983,66.86503686,30.335,,,
06/09/23 05:30:00.000,6.85,17.4,5.695448698,71.34147084,30.3778,,,
06/09/23 05:40:00.000,6.58,17.4,5.472276722,68.5274873,30.333,,,
06/09/23 05:50:00.000,6.84,17.4,5.689189353,71.23319799,30.3083,,,
06/09/23 06:00:00.000,7.12,17.4,5.920972906,74.14703008,30.3345,,,
06/09/23 06:10:00.000,7.14,17.4,5.937590522,74.35315545,30.3301,,,
06/09/23 06:20:00.000,7.23,17.4,6.013184836,75.28820015,30.3046,,,
06/09/23 06:30:00.000,7.25,17.4,6.029651502,75.49428029,30.3044,,,
06/09/23 06:40:00.000,7.51,17.42,6.245790704,78.23181909,30.3069,,,
06/09/23 06:50:00.000,7.34,17.4,6.103894785,76.42702444,30.3113,,,
06/09/23 07:00:00.000,6.78,17.4,5.63770261,70.59403553,30.3212,,,
06/09/23 07:10:00.000,5.7,17.44,4.739989513,59.396463,30.3144,,,
06/09/23 07:20:00.000,5.95,17.46,4.947774411,62.02546407,30.318,,,
06/09/23 07:30:00.000,6.53,17.5,5.431756557,68.126063,30.2714,,,
06/09/23 07:40:00.000,7.63,17.5,6.344826017,79.59981729,30.317,,,
06/09/23 07:50:00.000,7.51,17.52,6.245457235,78.37807957,30.3058,,,
06/09/23 08:00:00.000,6.66,17.52,5.537019255,69.5050455,30.3478,,,
06/09/23 08:10:00.000,6.44,17.52,5.354608184,67.20713646,30.3277,,,
06/09/23 08:20:00.000,6.51,17.52,5.411887215,67.93568107,30.3512,,,
06/09/23 08:30:00.000,7.09,17.52,5.893885114,73.98617934,30.3511,,,
06/09/23 08:40:00.000,7.14,17.52,5.935800185,74.50578549,30.3365,,,
06/09/23 08:50:00.000,7.47,17.54,6.21017861,77.97932547,30.3355,,,
06/09/23 09:00:00.000,7.58,17.54,6.300905367,79.12532329,30.3497,,,
06/09/23 09:10:00.000,7.34,17.54,6.102367361,76.61781647,30.3187,,,
06/09/23 09:20:00.000,7.01,17.54,5.827655314,73.1710265,30.324,,,
06/09/23 09:30:00.000,8.03,17.56,6.675323949,83.85012231,30.3312,,,
06/09/23 09:40:00.000,8.09,17.56,6.724682905,84.47420141,30.3392,,,
06/09/23 09:50:00.000,7.99,17.56,6.642751557,83.42760384,30.3046,,,
06/09/23 10:00:00.000,7.86,17.56,6.534671376,82.06783077,30.2998,,,
06/09/23 10:10:00.000,8.1,17.58,6.733911985,84.60623934,30.3069,,,
06/09/23 10:20:00.000,8.08,17.58,6.717507156,84.39488972,30.2966,,,
06/09/23 10:30:00.000,8.13,17.58,6.758550297,84.91467486,30.3047,,,
06/09/23 10:40:00.000,8.23,17.6,6.842061022,85.99217715,30.2954,,,
06/09/23 10:50:00.000,8.32,17.6,6.916911752,86.93003433,30.2899,,,
06/09/23 11:00:00.000,8.45,17.62,7.024684415,88.32224052,30.297,,,
06/09/23 11:10:00.000,8.33,17.62,6.926017625,87.06543711,30.266,,,
06/09/23 11:20:00.000,8.2,17.62,6.817657044,85.70418909,30.2678,,,
06/09/23 11:30:00.000,8.22,17.62,6.832441585,85.91073395,30.3078,,,
06/09/23 11:40:00.000,8.22,17.62,6.835477913,85.9082442,30.2292,,,
06/09/23 11:50:00.000,8.09,17.64,6.72490001,84.5820739,30.2902,,,
06/09/23 12:00:00.000,7.94,17.64,6.601327013,83.01139712,30.2573,,,
06/09/23 12:10:00.000,7.84,17.64,6.517652642,81.96353789,30.2661,,,
06/09/23 12:20:00.000,7.77,17.66,6.460132121,81.26291077,30.2487,,,
06/09/23 12:30:00.000,7.7,17.66,6.400729921,80.52847829,30.2751,,,
06/09/23 12:40:00.000,7.57,17.66,6.29252113,79.16661181,30.2741,,,
06/09/23 12:50:00.000,7.38,17.66,6.134443774,77.17736589,30.2731,,,
06/09/23 13:00:00.000,7.88,17.66,6.550505374,82.40379597,30.2569,,,
06/09/23 13:10:00.000,7.88,17.66,6.55018537,82.40140723,30.2602,,,
06/09/23 13:20:00.000,7.54,17.66,6.266860863,78.84373089,30.274,,,
06/09/23 13:30:00.000,7.15,17.66,5.94366035,74.76343943,30.2427,,,
06/09/23 13:40:00.000,9.12,18.1,7.62,96.22664712,29.4923,,,
06/09/23 13:44:07.000,,,,,,Logged,,
06/09/23 13:44:10.000,,,,,,,Logged,Logged