Date Time,High Range (μS/cm)  #20636185,Temp (°C)  #20636185,Specific Conductance (μS/cm),Salinity (ppt),Coupler Detached,Coupler Attached,Stopped,End Of File
06/02/23 11:00:00.000,0,24.38,,,Logged,,,
06/02/23 11:10:00.000,0,24.84,,,,,,
06/02/23 11:20:00.000,0,25.2,,,,,,
06/02/23 11:30:00.000,0,26.51,,,,,,
06/02/23 11:40:00.000,0,26.41,,,,,,
06/02/23 11:50:00.000,0,27.09,,,,,,
06/02/23 12:00:00.000,0,31.18,,,,,,
06/02/23 12:10:00.000,30064.6,22.22,44133.69099,28.47352247,,,,
06/02/23 12:20:00.000,30697.7,21.81,45446.00858,29.41973691,,,,
06/02/23 12:30:00.000,30687.6,21.7,45534.06659,29.48338775,,,,
06/02/23 12:40:00.000,30685.1,21.73,45500.60668,29.45919963,,,,
06/02/23 12:50:00.000,30712.8,21.73,45540.34392,29.48792595,,,,
06/02/23 13:00:00.000,30730.4,21.75,45546.13091,29.49210974,,,,
06/02/23 13:10:00.000,30738,21.75,45556.09758,29.4993155,,,,
06/02/23 13:20:00.000,30760.8,21.78,45560.07104,29.50218832,,,,
06/02/23 13:30:00.000,30735.5,21.78,45521.36692,29.47420684,,,,
06/02/23 13:40:00.000,30722.9,21.8,45482.49661,29.44610908,,,,
06/02/23 13:50:00.000,30722.9,21.84,45443.35198,29.41781695,,,,
06/02/23 14:00:00.000,30788.6,21.89,45491.76993,29.45281204,,,,
06/02/23 14:10:00.000,30796.2,21.9,45492.24117,29.45315266,,,,
06/02/23 14:20:00.000,30770.9,21.97,45387.54348,29.37748768,,,,
06/02/23 14:30:00.000,30854.6,22.12,45368.11288,29.3634483,,,,
06/02/23 14:40:00.000,30869.8,22.04,45464.54324,29.43313264,,,,
06/02/23 14:50:00.000,30874.9,22.04,45470.76498,29.43762953,,,,
06/02/23 15:00:00.000,30887.7,22.01,45516.65035,29.47079722,,,,
06/02/23 15:10:00.000,30844.4,22.05,45413.91615,29.39654455,,,,
06/02/23 15:20:00.000,30798.7,22.02,45373.68013,29.36747076,,,,
06/02/23 15:30:00.000,30849.5,21.99,45475.47051,29.44103062,,,,
06/02/23 15:40:00.000,30781,22.13,45241.71839,29.27214693,,,,
06/02/23 15:50:00.000,30862.2,22.17,45322.06444,29.33018033,,,,
06/02/23 16:00:00.000,30910.6,22.38,45195.02371,29.23842731,,,,
06/02/23 16:10:00.000,30895.3,22.23,45311.72709,29.32271281,,,,
06/02/23 16:20:00.000,30913.2,22.26,45308.53497,29.32040693,,,,
06/02/23 16:30:00.000,30846.9,22.32,45154.12676,29.208899,,,,
06/02/23 16:40:00.000,30836.8,22.42,45044.93041,29.13007847,,,,
06/02/23 16:50:00.000,30813.9,22.58,44861.97845,28.99808819,,,,
06/02/23 17:00:00.000,30849.5,22.57,44921.74575,29.04119769,,,,
06/02/23 17:10:00.000,30836.8,22.36,45096.9744,29.16764124,,,,
06/02/23 17:20:00.000,30854.6,22.58,44917.37988,29.03804833,,,,
06/02/23 17:30:00.000,30824.1,22.54,44908.75553,29.0318272,,,,
06/02/23 17:40:00.000,30885.1,22.54,44996.27284,29.09496616,,,,
06/02/23 17:50:00.000,30869.8,22.53,44982.00783,29.08467339,,,,
06/02/23 18:00:00.000,30839.3,22.39,45066.33631,29.14552734,,,,
06/02/23 18:10:00.000,30849.5,22.38,45089.26821,29.16207886,,,,
06/02/23 18:20:00.000,30864.7,22.36,45128.83233,29.19063815,,,,
06/02/23 18:30:00.000,30844.4,22.34,45116.55466,29.18177511,,,,
06/02/23 18:40:00.000,30857.1,22.42,45059.31736,29.14046156,,,,
06/02/23 18:50:00.000,30864.7,22.29,45190.36317,29.2350621,,,,
06/02/23 19:00:00.000,30844.4,22.32,45131.3954,29.19248844,,,,
06/02/23 19:10:00.000,30867.3,22.38,45107.63038,29.17533306,,,,
06/02/23 19:20:00.000,30852,22.29,45167.97051,29.21889395,,,,
06/02/23 19:30:00.000,30859.7,22.32,45149.94093,29.20587701,,,,
06/02/23 19:40:00.000,30887.7,22.39,45124.27323,29.18734697,,,,
06/02/23 19:50:00.000,30918.3,22.46,45102.43856,29.1715854,,,,
06/02/23 20:00:00.000,30933.6,22.46,45123.46297,29.18676205,,,,
06/02/23 20:10:00.000,30905.5,22.42,45118.47557,29.18316175,,,,
06/02/23 20:20:00.000,30971.9,22.55,45092.97324,29.16475315,,,,
06/02/23 20:30:00.000,30943.8,22.47,45125.19978,29.18801583,,,,
06/02/23 20:40:00.000,30964.3,22.53,45097.96195,29.16835407,,,,
06/02/23 20:50:00.000,30977.1,22.59,45059.57968,29.14065088,,,,
06/02/23 21:00:00.000,30964.3,22.52,45104.71602,29.17322935,,,,
06/02/23 21:10:00.000,30941.2,22.52,45069.83023,29.14804906,,,,
06/02/23 21:20:00.000,30979.6,22.57,45077.9673,29.15392205,,,,
06/02/23 21:30:00.000,30956.6,22.59,45024.71218,29.11548784,,,,
06/02/23 21:40:00.000,31007.8,22.69,45005.12527,29.1013538,,,,
06/02/23 21:50:00.000,31036,22.74,44998.47208,29.09655305,,,,
06/02/23 22:00:00.000,31018.1,22.69,45017.5226,29.11029968,,,,
06/02/23 22:10:00.000,31010.4,22.68,45014.34553,29.10800708,,,,
06/02/23 22:20:00.000,30979.6,22.63,45014.69535,29.10825951,,,,
06/02/23 22:30:00.000,30964.3,22.6,45019.01166,29.11137421,,,,
06/02/23 22:40:00.000,30925.9,22.5,45054.71228,29.13713801,,,,
06/02/23 22:50:00.000,30925.9,22.53,45025.58573,29.11611822,,,,
06/02/23 23:00:00.000,30984.7,22.65,44998.49693,29.09657098,,,,
06/02/23 23:10:00.000,30964.3,22.62,44995.40322,29.09433868,,,,
06/02/23 23:20:00.000,30948.9,22.53,45055.22693,29.13750943,,,,
06/02/23 23:30:00.000,31002.7,22.57,45095.01518,29.16622704,,,,
06/02/23 23:40:00.000,31033.5,22.62,45092.04888,29.16408594,,,,
06/02/23 23:50:00.000,30987.3,22.58,45060.81246,29.14154061,,,,
06/03/23 00:00:00.000,30995,22.52,45126.48305,29.18894222,,,,
06/03/23 00:10:00.000,31005.2,22.48,45177.29128,29.22562366,,,,
06/03/23 00:20:00.000,31000.1,22.42,45224.54877,29.25974758,,,,
06/03/23 00:30:00.000,31007.8,22.38,45271.87046,29.29392362,,,,
06/03/23 00:40:00.000,30987.3,22.33,45287.45754,29.30518197,,,,
06/03/23 00:50:00.000,31020.6,22.29,45372.29951,29.36647322,,,,
06/03/23 01:00:00.000,30977.1,22.25,45344.97203,29.34672938,,,,
06/03/23 01:10:00.000,31012.9,22.25,45396.03764,29.38362536,,,,
06/03/23 01:20:00.000,30989.9,22.25,45361.12885,29.3584023,,,,
06/03/23 01:30:00.000,31005.2,22.27,45363.44436,29.36007525,,,,
06/03/23 01:40:00.000,31005.2,22.27,45362.1647,29.35915069,,,,
06/03/23 01:50:00.000,30982.2,22.25,45346.03294,29.34749584,,,,
06/03/23 02:00:00.000,31005.2,22.27,45359.60537,29.35730159,,,,
06/03/23 02:10:00.000,30997.5,22.25,45365.84143,29.36180715,,,,
06/03/23 02:20:00.000,30979.6,22.23,45357.16405,29.35553776,,,,
06/03/23 02:30:00.000,30956.6,22.22,45331.63169,29.3370918,,,,
06/03/23 02:40:00.000,30974.5,22.22,45356.53434,29.3550828,,,,
06/03/23 02:50:00.000,30971.9,22.23,45342.06516,29.3446293,,,,
06/03/23 03:00:00.000,30936.1,22.26,45260.32829,29.28558726,,,,
06/03/23 03:10:00.000,30992.4,22.29,45313.19772,29.32377515,,,,
06/03/23 03:20:00.000,30920.8,22.33,45169.98043,29.22034512,,,,
06/03/23 03:30:00.000,30941.2,22.31,45217.16475,29.25441531,,,,
06/03/23 03:40:00.000,30964.3,22.37,45193.53512,29.23735245,,,,
06/03/23 03:50:00.000,30941.2,22.28,45242.67235,29.27283587,,,,
06/03/23 04:00:00.000,30925.9,22.26,45237.76209,29.26928975,,,,
06/03/23 04:10:00.000,30931,22.27,45234.5777,29.26699005,,,,
06/03/23 04:20:00.000,30915.7,22.26,45220.30588,29.25668362,,,,
06/03/23 04:30:00.000,30900.4,22.26,45196.67591,29.23962032,,,,
06/03/23 04:40:00.000,30882.6,22.27,45160.05044,29.21317574,,,,
06/03/23 04:50:00.000,30887.7,22.36,45082.26144,29.15702145,,,,
06/03/23 05:00:00.000,30872.4,22.26,45151.94372,29.20732294,,,,
06/03/23 05:10:00.000,30872.4,22.32,45094.67513,29.16598159,,,,
06/03/23 05:20:00.000,30854.6,22.38,45011.58667,29.10601628,,,,
06/03/23 05:30:00.000,30862.2,22.37,45030.69245,29.11980344,,,,
06/03/23 05:40:00.000,30836.8,22.37,44992.40093,29.09217237,,,,
06/03/23 05:50:00.000,30844.4,22.41,44965.0447,29.0724345,,,,
06/03/23 06:00:00.000,30834.2,22.33,45023.27283,29.11444916,,,,
06/03/23 06:10:00.000,30793.7,22.37,44925.77779,29.04410629,,,,
06/03/23 06:20:00.000,30765.8,22.28,44967.4391,29.07416202,,,,
06/03/23 06:30:00.000,30763.3,22.18,45055.6939,29.13784645,,,,
06/03/23 06:40:00.000,30760.8,22.16,45069.43641,29.14776482,,,,
06/03/23 06:50:00.000,30725.4,22.11,45063.04094,29.14314896,,,,
06/03/23 07:00:00.000,30690.1,22.05,45066.1201,29.1453713,,,,
06/03/23 07:10:00.000,30715.3,22.05,45101.80651,29.17112917,,,,
06/03/23 07:20:00.000,30700.2,22.05,45078.38765,29.15422544,,,,
06/03/23 07:30:00.000,30685.1,22.04,45064.32274,29.14407408,,,,
06/03/23 07:40:00.000,20482.8,22.01,30111.8088,18.64854463,,,,
06/03/23 07:50:00.000,20830.4,21.97,30647.12809,19.01367932,,,,
06/03/23 08:00:00.000,20748.2,21.92,30557.40767,18.95242431,,,,
06/03/23 08:10:00.000,21997.7,21.9,32408.48968,20.22088591,,,,
06/03/23 08:20:00.000,20603.7,21.86,30381.2468,18.83222128,,,,
06/03/23 08:30:00.000,20944.2,21.86,30881.98161,19.17413121,,,,
06/03/23 08:40:00.000,20238.3,21.86,29841.25665,18.46432067,,,,
06/03/23 08:50:00.000,20205.7,21.85,29798.63955,18.43532134,,,,
06/03/23 09:00:00.000,18449.5,21.84,27215.8073,16.68781985,,,,
06/03/23 09:10:00.000,16358.3,21.8,24152.97076,14.64191481,,,,
06/03/23 09:20:00.000,14781.1,21.78,21834.47405,13.11321707,,,,
06/03/23 09:30:00.000,12746.4,21.76,18838.1205,11.16482273,,,,
06/03/23 09:40:00.000,26411.8,21.73,39032.592,24.83803568,,,,
06/03/23 09:50:00.000,30622.2,21.7,45273.45458,29.29506777,,,,
06/03/23 10:00:00.000,30659.9,21.7,45327.8363,29.33434995,,,,
06/03/23 10:10:00.000,30667.4,21.69,45347.08666,29.34825711,,,,
06/03/23 10:20:00.000,30637.3,21.66,45329.72528,29.33571458,,,,
06/03/23 10:30:00.000,30634.8,21.65,45334.21192,29.33895582,,,,
06/03/23 10:40:00.000,30629.8,21.62,45353.93988,29.35320835,,,,
06/03/23 10:50:00.000,30642.3,21.64,45352.19919,29.35195074,,,,
06/03/23 11:00:00.000,30607.2,21.59,45346.36654,29.34773685,,,,
06/03/23 11:10:00.000,30612.2,21.59,45352.48251,29.35215544,,,,
06/03/23 11:20:00.000,30612.2,21.59,45351.20106,29.35122962,,,,
06/03/23 11:30:00.000,30574.6,21.6,45284.83457,29.30328739,,,,
06/03/23 11:40:00.000,30599.7,21.62,45301.75144,29.31550683,,,,
06/03/23 11:50:00.000,30627.3,21.62,45341.27427,29.34405793,,,,
06/03/23 12:00:00.000,30602.2,21.64,45283.97297,29.30266505,,,,
06/03/23 12:10:00.000,30614.7,21.63,45310.62315,29.32191536,,,,
06/03/23 12:20:00.000,30584.6,21.66,45236.51798,29.26839128,,,,
06/03/23 12:30:00.000,30569.6,21.62,45250.85686,29.27874675,,,,
06/03/23 12:40:00.000,30602.2,21.62,45297.76608,29.31262804,,,,
06/03/23 12:50:00.000,30557.1,21.55,45296.02131,29.31136774,,,,
06/03/23 13:00:00.000,30524.7,21.49,45303.59321,29.31683722,,,,
06/03/23 13:10:00.000,30492.3,21.45,45292.19633,29.30860486,,,,
06/03/23 13:20:00.000,30514.7,21.45,45324.13881,29.33167886,,,,
06/03/23 13:30:00.000,30512.2,21.5,45271.75595,29.29384091,,,,
06/03/23 13:40:00.000,30524.7,21.53,45260.58859,29.28577525,,,,
06/03/23 13:50:00.000,30509.7,21.53,45237.10019,29.26881174,,,,
06/03/23 14:00:00.000,30499.8,21.54,45211.70957,29.25047602,,,,
06/03/23 14:10:00.000,30497.3,21.54,45206.73094,29.24688092,,,,
06/03/23 14:20:00.000,30474.9,21.53,45181.74327,29.22883813,,,,
06/03/23 14:30:00.000,30487.3,21.52,45208.27641,29.2479969,,,,
06/03/23 14:40:00.000,30482.3,21.49,45227.96847,29.26221712,,,,
06/03/23 14:50:00.000,30460,21.43,45250.44555,29.27844969,,,,
06/03/23 15:00:00.000,30447.5,21.39,45268.53768,29.29151647,,,,
06/03/23 15:10:00.000,30437.6,21.41,45233.6042,29.26628702,,,,
06/03/23 15:20:00.000,30445.1,21.39,45262.4151,29.28709443,,,,
06/03/23 15:30:00.000,30427.7,21.38,45244.78583,29.27436221,,,,
06/03/23 15:40:00.000,30432.6,21.37,45260.26592,29.2855422,,,,
06/03/23 15:50:00.000,30405.4,21.32,45266.02406,29.28970099,,,,
06/03/23 16:00:00.000,30390.5,21.31,45252.08689,29.27963509,,,,
06/03/23 16:10:00.000,30375.7,21.29,45247.78625,29.27652912,,,,
06/03/23 16:20:00.000,30323.8,21.28,45178.79638,29.22671038,,,,
06/03/23 16:30:00.000,30331.2,21.27,45198.01208,29.24058513,,,,
06/03/23 16:40:00.000,30343.6,21.27,45215.1828,29.2529841,,,,
06/03/23 16:50:00.000,30321.4,21.24,45209.34111,29.24876573,,,,
06/03/23 17:00:00.000,30346,21.24,45244.68333,29.27428819,,,,
06/03/23 17:10:00.000,30351,21.23,45260.35049,29.28560328,,,,
06/03/23 17:20:00.000,30309.1,21.22,45206.1805,29.24648344,,,,
06/03/23 17:30:00.000,30277.1,21.18,45195.21851,29.23856796,,,,
06/03/23 17:40:00.000,30299.2,21.16,45245.89406,29.27516258,,,,
06/03/23 17:50:00.000,30223.1,20.9,45378.99372,29.37131002,,,,
06/03/23 18:00:00.000,30237.8,20.84,45457.286,29.42788744,,,,
06/03/23 18:10:00.000,30196.2,20.8,45431.94813,29.40957546,,,,
06/03/23 18:20:00.000,30225.5,20.81,45465.06019,29.43350627,,,,
06/03/23 18:30:00.000,30267.2,20.75,45584.16359,29.51960819,,,,
06/03/23 18:40:00.000,30277.1,20.74,45607.40117,29.53641129,,,,
06/03/23 18:50:00.000,30284.5,20.73,45626.88709,29.55050264,,,,
06/03/23 19:00:00.000,30247.6,20.71,45589.38839,29.52338612,,,,
06/03/23 19:10:00.000,30250.1,20.68,45620.81528,29.54611167,,,,
06/03/23 19:20:00.000,30252.5,20.68,45623.13736,29.54779093,,,,
06/03/23 19:30:00.000,30245.2,20.68,45610.85764,29.53891079,,,,
06/03/23 19:40:00.000,30237.8,20.66,45617.73951,29.54388739,,,,
06/03/23 19:50:00.000,30215.7,20.63,45612.14056,29.53983851,,,,
06/03/23 20:00:00.000,30188.8,20.61,45589.63209,29.52356234,,,,
06/03/23 20:10:00.000,30179,20.59,45592.89108,29.52591888,,,,
06/03/23 20:20:00.000,30140,20.48,45639.16514,29.55938208,,,,
06/03/23 20:30:00.000,30154.6,20.45,45689.03504,29.59545177,,,,
06/03/23 20:40:00.000,30154.6,20.45,45687.74204,29.59451649,,,,
06/03/23 20:50:00.000,30135.1,20.47,45637.5739,29.55823127,,,,
06/03/23 21:00:00.000,30166.8,20.43,45723.02475,29.62003936,,,,
06/03/23 21:10:00.000,30188.8,20.43,45755.01068,29.64318017,,,,
06/03/23 21:20:00.000,30210.8,20.44,45777.26937,29.65928517,,,,
06/03/23 21:30:00.000,30205.9,20.36,45846.44776,29.70934649,,,,
06/03/23 21:40:00.000,30176.6,20.22,45937.46474,29.77523013,,,,
06/03/23 21:50:00.000,30191.3,20.12,46056.59952,29.86149928,,,,
06/03/23 22:00:00.000,30137.5,20.02,46071.67488,29.8724184,,,,
06/03/23 22:10:00.000,30159.5,19.97,46153.2355,29.9315031,,,,
06/03/23 22:20:00.000,30144.9,19.91,46188.88721,29.95733552,,,,
06/03/23 22:30:00.000,30132.7,19.81,46267.92209,30.014614,,,,
06/03/23 22:40:00.000,30149.7,19.76,46342.31301,30.06854153,,,,
06/03/23 22:50:00.000,30125.4,19.69,46373.34571,30.09104197,,,,
06/03/23 23:00:00.000,30144.9,19.64,46451.84035,30.147966,,,,
06/03/23 23:10:00.000,30137.5,19.53,46549.12427,30.21853784,,,,
06/03/23 23:20:00.000,30103.4,19.47,46555.36341,30.22306468,,,,
06/03/23 23:30:00.000,30098.6,19.45,46566.69878,30.23128935,,,,
06/03/23 23:40:00.000,30113.2,19.42,46618.04293,30.26854759,,,,
06/03/23 23:50:00.000,30091.3,19.34,46663.34505,30.30142699,,,,
06/04/23 00:00:00.000,30120.5,19.31,46737.44691,30.35522,,,,
06/04/23 00:10:00.000,30103.4,19.29,46729.83089,30.34969063,,,,
06/04/23 00:20:00.000,30098.6,19.28,46731.16636,30.3506602,,,,
06/04/23 00:30:00.000,30079.1,19.27,46709.73097,30.33509843,,,,
06/04/23 00:40:00.000,30091.3,19.27,46727.3062,30.34785769,,,,
06/04/23 00:50:00.000,30091.3,19.27,46725.98287,30.34689696,,,,
06/04/23 01:00:00.000,30091.3,19.27,46724.65955,30.34593623,,,,
06/04/23 01:10:00.000,30062.1,19.29,46657.94912,30.29751045,,,,
06/04/23 01:20:00.000,30088.9,19.31,46677.95718,30.31203331,,,,
06/04/23 01:30:00.000,30103.4,19.33,46678.91732,30.31273025,,,,
06/04/23 01:40:00.000,30088.9,19.33,46655.16667,30.29549088,,,,
06/04/23 01:50:00.000,30059.7,19.33,46608.67993,30.26175276,,,,
06/04/23 02:00:00.000,30088.9,19.34,46642.45647,30.28626581,,,,
06/04/23 02:10:00.000,30115.6,19.37,46652.2173,30.29335019,,,,
06/04/23 02:20:00.000,30071.8,19.37,46583.21096,30.24327079,,,,
06/04/23 02:30:00.000,30079.1,19.34,46623.33954,30.27239149,,,,
06/04/23 02:40:00.000,30079.1,19.35,46611.95952,30.26413276,,,,
06/04/23 02:50:00.000,30064.6,19.37,46568.12674,30.23232547,,,,
06/04/23 03:00:00.000,30064.6,19.38,46556.76433,30.22408113,,,,
06/04/23 03:10:00.000,30071.8,19.37,46576.61286,30.23848304,,,,
06/04/23 03:20:00.000,30071.8,19.38,46565.24836,30.23023695,,,,
06/04/23 03:30:00.000,30071.8,19.39,46553.88805,30.22199421,,,,
06/04/23 03:40:00.000,30069.4,19.4,46538.82632,30.21106634,,,,
06/04/23 03:50:00.000,30076.7,19.43,46518.6849,30.19645386,,,,
06/04/23 04:00:00.000,29999.2,19.45,46377.79569,30.09426866,,,,
06/04/23 04:10:00.000,30047.6,19.48,46421.11667,30.12568341,,,,
06/04/23 04:20:00.000,30052.4,19.5,46407.20811,30.11559692,,,,
06/04/23 04:30:00.000,30040.3,19.49,46397.24209,30.10836986,,,,
06/04/23 04:40:00.000,30023.4,19.48,46379.87478,30.09577623,,,,
06/04/23 04:50:00.000,30018.5,19.45,46400.98687,30.11108543,,,,
06/04/23 05:00:00.000,29979.8,19.45,46339.99518,30.06686107,,,,
06/04/23 05:10:00.000,30001.6,19.44,46382.29099,30.09752826,,,,
06/04/23 05:20:00.000,30023.4,19.43,46424.60198,30.12821104,,,,
06/04/23 05:30:00.000,30023.4,19.39,46463.33749,30.156305,,,,
06/04/23 05:40:00.000,30040.3,19.39,46488.1108,30.17427452,,,,
06/04/23 05:50:00.000,30033,19.38,46485.54808,30.17241556,,,,
06/04/23 06:00:00.000,30018.5,19.37,46471.86483,30.1624902,,,,
06/04/23 06:10:00.000,30004,19.37,46448.15483,30.14529291,,,,
06/04/23 06:20:00.000,29996.7,19.32,46485.69548,30.17252248,,,,
06/04/23 06:30:00.000,29999.2,19.31,46498.27986,30.18165119,,,,
06/04/23 06:40:00.000,29984.7,19.29,46494.61821,30.17899499,,,,
06/04/23 06:50:00.000,29967.8,19.28,46477.19728,30.16635812,,,,
06/04/23 07:00:00.000,29965.3,19.26,46492.09561,30.17716508,,,,
06/04/23 07:10:00.000,29984.7,19.26,46520.80208,30.19798981,,,,
06/04/23 07:20:00.000,29970.2,19.27,46486.99813,30.1734674,,,,
06/04/23 07:30:00.000,29962.9,19.27,46474.38523,30.16431838,,,,
06/04/23 07:40:00.000,17437.7,19.28,27069.98498,16.58975525,,,,
06/04/23 07:50:00.000,15095.6,19.29,23433.44372,14.1656011,,,,
06/04/23 08:00:00.000,14440.5,19.32,22402.5356,13.48611722,,,,
06/04/23 08:10:00.000,30011.2,19.31,46503.64745,30.18554496,,,,
06/04/23 08:20:00.000,30008.8,19.31,46498.61908,30.18189726,,,,
06/04/23 08:30:00.000,30011.2,19.31,46501.01011,30.18363176,,,,
06/04/23 08:40:00.000,29996.7,19.32,46467.24693,30.15914064,,,,
06/04/23 08:50:00.000,30025.8,19.31,46520.93819,30.19808856,,,,
06/04/23 09:00:00.000,30004,19.31,46485.92623,30.17268986,,,,
06/04/23 09:10:00.000,30020.9,19.31,46510.72667,30.1906805,,,,
06/04/23 09:20:00.000,30013.7,19.32,46488.24301,30.17437043,,,,
06/04/23 09:30:00.000,30035.5,19.33,46510.56659,30.19056437,,,,
06/04/23 09:40:00.000,30025.8,19.33,46494.26379,30.17873788,,,,
06/04/23 09:50:00.000,30013.7,19.32,46484.28752,30.17150117,,,,
06/04/23 10:00:00.000,30004,19.33,46457.95359,30.15239995,,,,
06/04/23 10:10:00.000,30013.7,19.32,46481.65052,30.16958835,,,,
06/04/23 10:20:00.000,29989.5,19.31,46452.97415,30.14878834,,,,
06/04/23 10:30:00.000,29984.7,19.28,46474.33908,30.1642849,,,,
06/04/23 10:40:00.000,29991.9,19.31,46454.04695,30.14956644,,,,
06/04/23 10:50:00.000,30016.1,19.29,46510.20141,30.19029945,,,,
06/04/23 11:00:00.000,30008.8,19.29,46497.59863,30.18115701,,,,
06/04/23 11:10:00.000,30006.4,19.29,46492.57001,30.17750921,,,,
06/04/23 11:20:00.000,30008.8,19.28,46505.00352,30.18652869,,,,
06/04/23 11:30:00.000,30004,19.26,46516.35745,30.19476538,,,,
06/04/23 11:40:00.000,29996.7,19.24,46523.85105,30.20020177,,,,
06/04/23 11:50:00.000,29994.3,19.21,46548.99585,30.21844466,,,,
06/04/23 12:00:00.000,29847.5,18.81,46723.98369,30.34544556,,,,
06/04/23 12:10:00.000,29826,18.66,46841.8258,30.43101598,,,,
06/04/23 12:20:00.000,29821.2,18.55,46945.49137,30.50632156,,,,
06/04/23 12:30:00.000,29823.6,18.51,46988.9536,30.53790193,,,,
06/04/23 12:40:00.000,29814,18.44,47044.45416,30.57823656,,,,
06/04/23 12:50:00.000,29809.2,18.47,47004.72917,30.5493659,,,,
06/04/23 13:00:00.000,29802.1,18.48,46981.9627,30.53282189,,,,
06/04/23 13:10:00.000,29816.4,18.48,47003.10791,30.54818772,,,,
06/04/23 13:20:00.000,29809.2,18.51,46959.66593,30.51662049,,,,
06/04/23 13:30:00.000,29830.8,18.54,46961.48525,30.51794241,,,,
06/04/23 13:40:00.000,29837.9,18.49,47022.62319,30.56237011,,,,
06/04/23 13:50:00.000,29845.1,18.55,46971.01064,30.52486369,,,,
06/04/23 14:00:00.000,29842.7,18.68,46832.93465,30.42455848,,,,
06/04/23 14:10:00.000,29845.1,18.68,46835.36124,30.42632085,,,,
06/04/23 14:20:00.000,29861.9,18.72,46819.50924,30.4148082,,,,
06/04/23 14:30:00.000,29861.9,18.79,46746.90119,30.3620842,,,,
06/04/23 14:40:00.000,29840.3,18.75,46752.53175,30.36617232,,,,
06/04/23 14:50:00.000,29866.7,18.81,46731.40627,30.35083438,,,,
06/04/23 15:00:00.000,29881.1,18.87,46691.60793,30.32194229,,,,
06/04/23 15:10:00.000,29871.5,18.93,46614.53293,30.26600031,,,,
06/04/23 15:20:00.000,29830.8,18.86,46620.7026,30.27047777,,,,
06/04/23 15:30:00.000,29885.9,18.97,46593.82751,30.25097466,,,,
06/04/23 15:40:00.000,29871.5,19.03,46509.54864,30.1898259,,,,
06/04/23 15:50:00.000,29828.4,19.01,46461.44126,30.15492962,,,,
06/04/23 16:00:00.000,29840.3,19.06,46428.25664,30.13086151,,,,
06/04/23 16:10:00.000,29873.9,19.13,46408.66422,30.11665287,,,,
06/04/23 16:20:00.000,29922,19.13,46481.87794,30.16975332,,,,
06/04/23 16:30:00.000,29895.5,19.16,46409.35349,30.11715272,,,,
06/04/23 16:40:00.000,29876.3,19.13,46408.42953,30.11648268,,,,
06/04/23 16:50:00.000,29840.3,19.11,46371.4103,30.08963862,,,,
06/04/23 17:00:00.000,29881.1,19.13,46413.2306,30.11996437,,,,
06/04/23 17:10:00.000,29924.4,19.16,46448.82806,30.1457812,,,,
06/04/23 17:20:00.000,29943.6,19.33,46306.79178,30.04278968,,,,
06/04/23 17:30:00.000,29943.6,19.29,46345.48616,30.07084213,,,,
06/04/23 17:40:00.000,29895.5,19.19,46370.02321,30.08863285,,,,
06/04/23 17:50:00.000,29866.7,19.18,46334.16989,30.06263772,,,,
06/04/23 18:00:00.000,29859.5,19.24,46261.65168,30.0100691,,,,
06/04/23 18:10:00.000,29878.7,19.24,46290.01004,30.03062454,,,,
06/04/23 18:20:00.000,29878.7,19.24,46288.69519,30.02967143,,,,
06/04/23 18:30:00.000,29900.3,19.24,46320.75977,30.05291568,,,,
06/04/23 18:40:00.000,29859.5,19.21,46286.40631,30.02801227,,,,
06/04/23 18:50:00.000,29845.1,19.19,46282.84069,30.02542766,,,,
06/04/23 19:00:00.000,29804.4,19.16,46248.57768,30.00059316,,,,
06/04/23 19:10:00.000,29806.8,19.13,46281.02146,30.02410898,,,,
06/04/23 19:20:00.000,29888.3,19.21,46325.67475,30.05647888,,,,
06/04/23 19:30:00.000,29873.9,19.23,46282.07806,30.02487487,,,,
06/04/23 19:40:00.000,29866.7,19.19,46309.67492,30.04487975,,,,
06/04/23 19:50:00.000,29782.9,19.06,46308.91416,30.04432825,,,,
06/04/23 20:00:00.000,29747.2,18.89,46423.16489,30.12716883,,,,
06/04/23 20:10:00.000,29675.9,18.69,46512.83976,30.19221344,,,,
06/04/23 20:20:00.000,29718.6,18.69,46578.25925,30.2396777,,,,
06/04/23 20:30:00.000,29723.4,18.71,46564.14494,30.22943632,,,,
06/04/23 20:40:00.000,29773.4,18.72,46630.77733,30.27778944,,,,
06/04/23 20:50:00.000,29780.6,18.72,46640.69773,30.28498934,,,,
06/04/23 21:00:00.000,29771,18.75,46593.93287,30.25105112,,,,
06/04/23 21:10:00.000,29828.4,18.79,46641.57967,30.28562944,,,,
06/04/23 21:20:00.000,29821.2,18.79,46629.02642,30.27651871,,,,
06/04/23 21:30:00.000,29814,18.75,46657.07049,30.29687271,,,,
06/04/23 21:40:00.000,29818.8,18.48,46938.84256,30.50149085,,,,
06/04/23 21:50:00.000,29826,18.44,46989.87881,30.53857425,,,,
06/04/23 22:00:00.000,29811.6,18.38,47027.60728,30.56599238,,,,
06/04/23 22:10:00.000,29804.4,18.35,47045.83076,30.57923709,,,,
06/04/23 22:20:00.000,29814,18.3,47111.16671,30.62672985,,,,
06/04/23 22:30:00.000,29806.8,18.28,47119.13072,30.63251965,,,,
06/04/23 22:40:00.000,29809.2,18.26,47142.23662,30.64931843,,,,
06/04/23 22:50:00.000,29816.4,18.24,47172.93097,30.67163639,,,,
06/04/23 23:00:00.000,29802.1,18.22,47169.7204,30.66930186,,,,
06/04/23 23:10:00.000,29802.1,18.19,47199.43698,30.69091093,,,,
06/04/23 23:20:00.000,29775.8,18.16,47187.63209,30.68232647,,,,
06/04/23 23:30:00.000,29778.2,18,47356.33982,30.80504372,,,,
06/04/23 23:40:00.000,29771,17.92,47427.05047,30.85649996,,,,
06/04/23 23:50:00.000,29766.3,17.9,47439.14056,30.86529921,,,,
06/05/23 00:00:00.000,29782.9,17.88,47485.09169,30.89874618,,,,
06/05/23 00:10:00.000,29771,17.9,47443.90944,30.86877015,,,,
06/05/23 00:20:00.000,29787.7,17.88,47490.01979,30.90233358,,,,
06/05/23 00:30:00.000,29763.9,17.88,47450.84637,30.87381915,,,,
06/05/23 00:40:00.000,29766.3,17.88,47453.31108,30.8756131,,,,
06/05/23 00:50:00.000,29773.4,17.88,47463.24441,30.88284328,,,,
06/05/23 01:00:00.000,29771,17.9,47437.1644,30.86386093,,,,
06/05/23 01:10:00.000,29773.4,17.9,47439.62741,30.86565356,,,,
06/05/23 01:20:00.000,29749.6,17.92,47379.59136,30.82196248,,,,
06/05/23 01:30:00.000,29756.7,17.93,47379.07655,30.82158788,,,,
06/05/23 01:40:00.000,29763.9,17.93,47389.15681,30.8289231,,,,
06/05/23 01:50:00.000,29749.6,17.95,47344.25213,30.79624877,,,,
06/05/23 02:00:00.000,29756.7,17.95,47354.16911,30.80346429,,,,
06/05/23 02:10:00.000,29756.7,17.97,47331.97304,30.78731493,,,,
06/05/23 02:20:00.000,29768.6,17.97,47349.49585,30.80006403,,,,
06/05/23 02:30:00.000,29771,17.97,47351.95445,30.8018529,,,,
06/05/23 02:40:00.000,29740,17.97,47301.45546,30.76511309,,,,
06/05/23 02:50:00.000,29718.6,18.02,47214.19431,30.70164288,,,,
06/05/23 03:00:00.000,29740,18.03,47236.35106,30.71775696,,,,
06/05/23 03:10:00.000,29732.9,18.01,47244.54916,30.72371956,,,,
06/05/23 03:20:00.000,29735.3,18.02,47236.61243,30.71794706,,,,
06/05/23 03:30:00.000,29732.9,18.02,47231.46788,30.71420543,,,,
06/05/23 03:40:00.000,29732.9,18.02,47230.12415,30.71322815,,,,
06/05/23 03:50:00.000,29697.2,18.01,47182.6284,30.67868792,,,,
06/05/23 04:00:00.000,29697.2,18.01,47181.28598,30.67771176,,,,
06/05/23 04:10:00.000,29711.5,18.01,47202.59185,30.69320519,,,,
06/05/23 04:20:00.000,29668.8,18.01,47133.62244,30.64305546,,,,
06/05/23 04:30:00.000,29668.8,18.02,47121.91165,30.63454141,,,,
06/05/23 04:40:00.000,29690.1,18.06,47112.82717,30.62793698,,,,
06/05/23 04:50:00.000,29694.9,18.11,47067.32245,30.59485822,,,,
06/05/23 05:00:00.000,29702,18.16,47025.52876,30.56448177,,,,
06/05/23 05:10:00.000,29706.7,18.16,47031.6092,30.56890087,,,,
06/05/23 05:20:00.000,29692.5,18.17,46997.53796,30.54414003,,,,
06/05/23 05:30:00.000,29711.5,18.21,46984.91723,30.53496883,,,,
06/05/23 05:40:00.000,29718.6,18.26,46943.26615,30.50470481,,,,
06/05/23 05:50:00.000,29671.1,18.18,46949.45014,30.50919786,,,,
06/05/23 06:00:00.000,29647.5,18.05,47045.07017,30.57868429,,,,
06/05/23 06:10:00.000,29621.4,18.01,47043.82283,30.5777777,,,,
06/05/23 06:20:00.000,29642.7,18.01,47076.20663,30.60131598,,,,
06/05/23 06:30:00.000,29623.8,17.98,47076.01956,30.60118,,,,
06/05/23 06:40:00.000,29597.8,17.97,47043.84802,30.577796,,,,
06/05/23 06:50:00.000,29614.3,17.98,47058.29044,30.5882932,,,,
06/05/23 07:00:00.000,29600.2,17.96,47055.33318,30.58614373,,,,
06/05/23 07:10:00.000,29614.3,17.93,47107.45675,30.62403279,,,,
06/05/23 07:20:00.000,29626.2,17.93,47124.98539,30.63677606,,,,
06/05/23 07:30:00.000,29623.8,17.93,47119.83827,30.63303404,,,,
06/05/23 07:40:00.000,29614.3,17.92,47113.81319,30.62865381,,,,
06/05/23 07:50:00.000,29616.7,17.93,47105.89791,30.62289955,,,,
06/05/23 08:00:00.000,29609.6,17.91,47114.05819,30.62883193,,,,
06/05/23 08:10:00.000,29609.6,17.91,47112.71677,30.62785673,,,,
06/05/23 08:20:00.000,29623.8,17.91,47133.89797,30.64325578,,,,
06/05/23 08:30:00.000,29616.7,17.91,47121.29492,30.63409304,,,,
06/05/23 08:40:00.000,29583.7,17.9,47077.98966,30.60261206,,,,
06/05/23 08:50:00.000,29595.5,17.9,47095.36761,30.61524447,,,,
06/05/23 09:00:00.000,29515.4,17.9,46966.96572,30.52192457,,,,
06/05/23 09:10:00.000,29616.7,17.91,47115.92795,30.63019123,,,,
06/05/23 09:20:00.000,29609.6,17.91,47103.32682,30.62103045,,,,
06/05/23 09:30:00.000,29602.5,17.92,47080.35022,30.60432796,,,,
06/05/23 09:40:00.000,29602.5,17.92,47079.00942,30.60335332,,,,
06/05/23 09:50:00.000,29590.7,17.82,47162.84696,30.66430401,,,,
06/05/23 10:00:00.000,29600.2,17.84,47155.78323,30.65916791,,,,
06/05/23 10:10:00.000,29578.9,17.76,47203.90019,30.69415664,,,,
06/05/23 10:20:00.000,29567.2,17.75,47194.36792,30.68722469,,,,
06/05/23 10:30:00.000,29574.2,17.71,47245.90091,30.72470273,,,,
06/05/23 10:40:00.000,29553,17.72,47200.36458,30.69158549,,,,
06/05/23 10:50:00.000,29567.2,17.74,47200.76152,30.69187415,,,,
06/05/23 11:00:00.000,29602.5,17.75,47245.14826,30.7241553,,,,
06/05/23 11:10:00.000,29581.3,17.76,47199.65046,30.69106617,,,,
06/05/23 11:20:00.000,29586,17.75,47216.20894,30.70310803,,,,
06/05/23 11:30:00.000,29602.5,17.75,47241.11073,30.72121872,,,,
06/05/23 11:40:00.000,29602.5,17.72,47271.08723,30.74302227,,,,
06/05/23 11:50:00.000,29520.1,17.37,47505.5653,30.91365028,,,,
06/05/23 12:00:00.000,29501.3,17.35,47495.1611,30.90607624,,,,
06/05/23 12:10:00.000,29522.5,17.35,47527.82073,30.9298527,,,,
06/05/23 12:20:00.000,29510.7,17.3,47560.3652,30.95354802,,,,
06/05/23 12:30:00.000,29513.1,17.28,47584.02475,30.97077602,,,,
06/05/23 12:40:00.000,29517.8,17.27,47600.80758,30.98299751,,,,
06/05/23 12:50:00.000,29543.6,17.25,47662.1149,31.02764847,,,,
06/05/23 13:00:00.000,29506,17.23,47621.50227,30.99806867,,,,
06/05/23 13:10:00.000,29510.7,17.18,47680.76038,31.04123014,,,,
06/05/23 13:20:00.000,29510.7,17.21,47647.55709,31.01704495,,,,
06/05/23 13:30:00.000,29506,17.22,47628.03236,31.00282451,,,,
06/05/23 13:40:00.000,29517.8,17.23,47635.05033,31.00793579,,,,
06/05/23 13:50:00.000,29506,17.24,47604.12047,30.98541009,,,,
06/05/23 14:00:00.000,29470.8,17.25,47535.59197,30.93551061,,,,
06/05/23 14:10:00.000,29531.9,17.25,47632.44424,31.00603773,,,,
06/05/23 14:20:00.000,29517.8,17.28,47576.65969,30.96541291,,,,
06/05/23 14:30:00.000,29536.6,17.3,47584.3303,30.97099852,,,,
06/05/23 14:40:00.000,29529.5,17.35,47518.73406,30.92323726,,,,
06/05/23 14:50:00.000,29513.1,17.34,47501.6343,30.91078856,,,,
06/05/23 15:00:00.000,29548.3,17.35,47546.17265,30.94321422,,,,
06/05/23 15:10:00.000,29522.5,17.35,47503.44574,30.91210726,,,,
06/05/23 15:20:00.000,29522.5,17.39,47459.90294,30.88041109,,,,
06/05/23 15:30:00.000,29494.3,17.37,47434.43781,30.86187647,,,,
06/05/23 15:40:00.000,29522.5,17.38,47467.73775,30.88611394,,,,
06/05/23 15:50:00.000,29508.4,17.4,47422.72442,30.85335152,,,,
06/05/23 16:00:00.000,29506,17.54,47270.5067,30.7426,,,,
06/05/23 16:10:00.000,29520.1,17.58,47249.78657,30.7275289,,,,
06/05/23 16:20:00.000,29550.7,17.7,47171.84231,30.67084478,,,,
06/05/23 16:30:00.000,29569.5,17.79,47106.65647,30.62345101,,,,
06/05/23 16:40:00.000,29609.6,17.85,47106.57872,30.62339448,,,,
06/05/23 16:50:00.000,29609.6,17.87,47084.46278,30.60731742,,,,
06/05/23 17:00:00.000,29616.7,17.85,47115.15149,30.62962675,,,,
06/05/23 17:10:00.000,29604.9,17.85,47095.09608,30.61504708,,,,
06/05/23 17:20:00.000,29588.4,17.82,47098.75205,30.61770478,,,,
06/05/23 17:30:00.000,29555.4,17.77,47097.00469,30.61643454,,,,
06/05/23 17:40:00.000,29555.4,17.75,47116.47037,30.63058556,,,,
06/05/23 17:50:00.000,29569.5,17.72,47168.78704,30.66862318,,,,
06/05/23 18:00:00.000,29574.2,17.74,47154.07137,30.65792323,,,,
06/05/23 18:10:00.000,29557.7,17.69,47178.61104,30.67576664,,,,
06/05/23 18:20:00.000,29569.5,17.72,47164.75132,30.6656887,,,,
06/05/23 18:30:00.000,29569.5,17.72,47163.40608,30.66471055,,,,
06/05/23 18:40:00.000,29576.6,17.74,47152.50583,30.65678493,,,,
06/05/23 18:50:00.000,29602.5,17.76,47171.47325,30.67057642,,,,
06/05/23 19:00:00.000,29588.4,17.77,47137.32072,30.64574429,,,,
06/05/23 19:10:00.000,29588.4,17.76,47146.38723,30.65233621,,,,
06/05/23 19:20:00.000,29555.4,17.75,47103.03327,30.62081706,,,,
06/05/23 19:30:00.000,29562.4,17.75,47112.80945,30.6279241,,,,
06/05/23 19:40:00.000,29560.1,17.75,47107.81185,30.62429094,,,,
06/05/23 19:50:00.000,29567.2,17.76,47107.33953,30.62394757,,,,
06/05/23 20:00:00.000,29555.4,17.76,47087.25629,30.60934808,,,,
06/05/23 20:10:00.000,29555.4,17.8,47044.34355,30.57815616,,,,
06/05/23 20:20:00.000,29562.4,17.79,47064.49637,30.59280403,,,,
06/05/23 20:30:00.000,29560.1,17.79,47059.50363,30.58917501,,,,
06/05/23 20:40:00.000,29567.2,17.77,47090.21861,30.61150147,,,,
06/05/23 20:50:00.000,29560.1,17.77,47077.60366,30.60233148,,,,
06/05/23 21:00:00.000,29571.9,17.77,47094.99237,30.61497169,,,,
06/05/23 21:10:00.000,29588.4,17.8,47088.64097,30.61035464,,,,
06/05/23 21:20:00.000,29574.2,17.8,47064.77123,30.59300381,,,,
06/05/23 21:30:00.000,29567.2,17.79,47062.71236,30.5915073,,,,
06/05/23 21:40:00.000,29562.4,17.65,47199.56268,30.69100233,,,,
06/05/23 21:50:00.000,29555.4,17.6,47239.31892,30.71991551,,,,
06/05/23 22:00:00.000,29543.6,17.59,47229.6287,30.71286782,,,,
06/05/23 22:10:00.000,29588.4,17.61,47278.72379,30.74857713,,,,
06/05/23 22:20:00.000,29586,17.63,47252.63205,30.72959854,,,,
06/05/23 22:30:00.000,29597.8,17.63,47270.06717,30.74228029,,,,
06/05/23 22:40:00.000,29595.5,17.66,47233.69733,30.7158269,,,,
06/05/23 22:50:00.000,29588.4,17.65,47231.50157,30.71422993,,,,
06/05/23 23:00:00.000,29604.9,17.65,47256.40525,30.73234297,,,,
06/05/23 23:10:00.000,29588.4,17.64,47239.25504,30.71986905,,,,
06/05/23 23:20:00.000,29623.8,17.64,47294.23758,30.75986236,,,,
06/05/23 23:30:00.000,29588.4,17.64,47236.55808,30.71790753,,,,
06/05/23 23:40:00.000,29574.2,17.64,47212.61473,30.70049414,,,,
06/05/23 23:50:00.000,29616.7,17.7,47216.19758,30.70309976,,,,
06/06/23 00:00:00.000,29616.7,17.7,47214.8496,30.70211944,,,,
06/06/23 00:10:00.000,29616.7,17.7,47213.50163,30.70113913,,,,
06/06/23 00:20:00.000,29699.6,17.71,47333.41264,30.78836232,,,,
06/06/23 00:30:00.000,29664,17.72,47265.06294,30.73864029,,,,
06/06/23 00:40:00.000,29664,17.72,47263.71342,30.73765868,,,,
06/06/23 00:50:00.000,29692.5,17.71,47318.08044,30.77720764,,,,
06/06/23 01:00:00.000,29692.5,17.71,47316.72932,30.77622468,,,,
06/06/23 01:10:00.000,29687.8,17.7,47318.37035,30.77741855,,,,
06/06/23 01:20:00.000,29692.5,17.7,47324.48577,30.78186766,,,,
06/06/23 01:30:00.000,29675.9,17.7,47296.76359,30.76169993,,,,
06/06/23 01:40:00.000,29678.3,17.69,47309.68252,30.77109813,,,,
06/06/23 01:50:00.000,29692.5,17.69,47330.89315,30.78652926,,,,
06/06/23 02:00:00.000,29687.8,17.67,47343.00497,30.79534136,,,,
06/06/23 02:10:00.000,29671.1,17.67,47315.10908,30.77504594,,,,
06/06/23 02:20:00.000,29699.6,17.66,47369.53035,30.81464152,,,,
06/06/23 02:30:00.000,29671.1,17.66,47322.87098,30.78069285,,,,
06/06/23 02:40:00.000,29692.5,17.66,47355.53796,30.80446028,,,,
06/06/23 02:50:00.000,29687.8,17.65,47357.18776,30.80566069,,,,
06/06/23 03:00:00.000,29683,17.65,47348.20351,30.79912373,,,,
06/06/23 03:10:00.000,29685.4,17.66,47340.19456,30.79329658,,,,
06/06/23 03:20:00.000,29683,17.66,47335.02754,30.78953725,,,,
06/06/23 03:30:00.000,29661.7,17.65,47310.28389,30.77153562,,,,
06/06/23 03:40:00.000,29678.3,17.67,47314.38812,30.77452144,,,,
06/06/23 03:50:00.000,29668.8,17.67,47297.94099,30.76255644,,,,
06/06/23 04:00:00.000,29647.5,17.66,47273.1988,30.74455822,,,,
06/06/23 04:10:00.000,29683,17.66,47328.26665,30.78461837,,,,
06/06/23 04:20:00.000,29668.8,17.65,47314.81214,30.77482992,,,,
06/06/23 04:30:00.000,29659.3,17.66,47287.89923,30.75525157,,,,
06/06/23 04:40:00.000,29683,17.66,47324.21011,30.7816671,,,,
06/06/23 04:50:00.000,29671.1,17.66,47303.94804,30.76692639,,,,
06/06/23 05:00:00.000,29678.3,17.67,47303.57479,30.76665485,,,,
06/06/23 05:10:00.000,29675.9,17.66,47308.87185,30.77050838,,,,
06/06/23 05:20:00.000,29678.3,17.66,47311.33343,30.77229916,,,,
06/06/23 05:30:00.000,29675.9,17.65,47316.63283,30.77615448,,,,
06/06/23 05:40:00.000,29647.5,17.64,47280.60626,30.74994647,,,,
06/06/23 05:50:00.000,29635.6,17.65,47249.88606,30.72760126,,,,
06/06/23 06:00:00.000,29647.5,17.65,47267.44605,30.74037372,,,,
06/06/23 06:10:00.000,29628.5,17.64,47246.35416,30.72503239,,,,
06/06/23 06:20:00.000,29664,17.65,47290.96292,30.75748022,,,,
06/06/23 06:30:00.000,29664,17.65,47289.61131,30.756497,,,,
06/06/23 06:40:00.000,29628.5,17.65,47231.85309,30.71448559,,,,
06/06/23 06:50:00.000,29645.1,17.65,47256.87842,30.73268714,,,,
06/06/23 07:00:00.000,29640.4,17.64,47258.51382,30.73387666,,,,
06/06/23 07:10:00.000,29628.5,17.64,47238.25235,30.71913978,,,,
06/06/23 07:20:00.000,29642.7,17.61,47290.85157,30.75739922,,,,
06/06/23 07:30:00.000,29635.6,17.63,47257.28886,30.73298568,,,,
06/06/23 07:40:00.000,29623.8,17.61,47258.09645,30.73357309,,,,
06/06/23 07:50:00.000,29659.3,17.61,47313.18957,30.7736495,,,,
06/06/23 08:00:00.000,29635.6,17.63,47253.23609,30.73003789,,,,
06/06/23 08:10:00.000,29666.4,17.63,47300.83236,30.76465981,,,,
06/06/23 08:20:00.000,29664,17.63,47295.66609,30.76090154,,,,
06/06/23 08:30:00.000,29640.4,17.61,47277.73214,30.74785579,,,,
06/06/23 08:40:00.000,29666.4,17.63,47296.77539,30.76170851,,,,
06/06/23 08:50:00.000,29652.2,17.63,47272.85912,30.74431114,,,,
06/06/23 09:00:00.000,29659.3,17.63,47282.7891,30.75153431,,,,
06/06/23 09:10:00.000,29652.2,17.64,47259.69812,30.73473808,,,,
06/06/23 09:20:00.000,29692.5,17.65,47311.89705,30.77270919,,,,
06/06/23 09:30:00.000,29666.4,17.65,47269.09377,30.74157225,,,,
06/06/23 09:40:00.000,29638,17.65,47222.64003,30.70778511,,,,
06/06/23 09:50:00.000,29652.2,17.66,47233.3912,30.71560425,,,,
06/06/23 10:00:00.000,29616.7,17.67,47165.24562,30.66604812,,,,
06/06/23 10:10:00.000,29652.2,17.67,47220.24528,30.70604348,,,,
06/06/23 10:20:00.000,29628.5,17.67,47181.27731,30.67770546,,,,
06/06/23 10:30:00.000,29649.8,17.67,47213.73507,30.7013089,,,,
06/06/23 10:40:00.000,29671.1,17.7,47214.8639,30.70212984,,,,
06/06/23 10:50:00.000,29645.1,17.69,47182.70497,30.6787436,,,,
06/06/23 11:00:00.000,29630.9,17.69,47158.82896,30.66138247,,,,
06/06/23 11:10:00.000,29652.2,17.7,47180.83763,30.67738573,,,,
06/06/23 11:20:00.000,29666.4,17.72,47181.14841,30.67761172,,,,
06/06/23 11:30:00.000,29664,17.72,47175.9943,30.67386387,,,,
06/06/23 11:40:00.000,29685.4,17.74,47187.71065,30.6823836,,,,
06/06/23 11:50:00.000,29678.3,17.71,47206.39347,30.69596982,,,,
06/06/23 12:00:00.000,29666.4,17.7,47196.60734,30.68885319,,,,
06/06/23 12:10:00.000,29680.6,17.7,47217.77405,30.70424626,,,,
06/06/23 12:20:00.000,29687.8,17.71,47217.4025,30.70397604,,,,
06/06/23 12:30:00.000,29702,17.71,47238.5623,30.71936521,,,,
06/06/23 12:40:00.000,29694.9,17.71,47225.95573,30.71019653,,,,
06/06/23 12:50:00.000,29702,17.7,47246.30053,30.72499338,,,,
06/06/23 13:00:00.000,29716.3,17.7,47267.62081,30.74050084,,,,
06/06/23 13:10:00.000,29709.1,17.7,47254.85332,30.73121417,,,,
06/06/23 13:20:00.000,29735.3,17.72,47274.138,30.7452414,,,,
06/06/23 13:30:00.000,29735.3,17.74,47251.90134,30.72906706,,,,
06/06/23 13:40:00.000,29735.3,17.75,47240.11327,30.72049325,,,,
06/06/23 13:50:00.000,29742.4,17.75,47250.00439,30.72768733,,,,
06/06/23 14:00:00.000,29735.3,17.75,47237.40954,30.7185268,,,,
06/06/23 14:10:00.000,29749.6,17.75,47258.7007,30.73401259,,,,
06/06/23 14:20:00.000,29761.5,17.76,47265.75055,30.73914045,,,,
06/06/23 14:30:00.000,29771,17.75,47289.87899,30.75669172,,,,
06/06/23 14:40:00.000,29749.6,17.76,47244.20798,30.72347141,,,,
06/06/23 14:50:00.000,29737.7,17.74,47244.88467,30.72396359,,,,
06/06/23 15:00:00.000,29749.6,17.76,47241.50356,30.72150443,,,,
06/06/23 15:10:00.000,29675.9,17.76,47123.49729,30.63569419,,,,
06/06/23 15:20:00.000,29749.6,17.77,47228.36896,30.71195163,,,,
06/06/23 15:30:00.000,29763.9,17.76,47260.07982,30.73501571,,,,
06/06/23 15:40:00.000,29671.1,17.76,47111.85373,30.6272293,,,,
06/06/23 15:50:00.000,29742.4,17.76,47223.34755,30.70829966,,,,
06/06/23 16:00:00.000,29771,17.8,47225.53537,30.70989081,,,,
06/06/23 16:10:00.000,29778.2,17.81,47225.14465,30.70960665,,,,
06/06/23 16:20:00.000,29785.3,17.8,47245.44147,30.72436856,,,,
06/06/23 16:30:00.000,29785.3,17.79,47254.51764,30.73097002,,,,
06/06/23 16:40:00.000,29763.9,17.81,47198.48466,30.69021839,,,,
06/06/23 16:50:00.000,29782.9,17.82,47216.74587,30.70349851,,,,
06/06/23 17:00:00.000,29771,17.79,47227.84649,30.71157164,,,,
06/06/23 17:10:00.000,29756.7,17.79,47203.88243,30.69414373,,,,
06/06/23 17:20:00.000,29763.9,17.8,47203.4954,30.69386227,,,,
06/06/23 17:30:00.000,29790.1,17.93,47108.33501,30.62467126,,,,
06/06/23 17:40:00.000,29723.4,17.88,47053.66269,30.58492955,,,,
06/06/23 17:50:00.000,29754.3,17.96,47018.12878,30.55910379,,,,
06/06/23 18:00:00.000,29593.1,17.85,46876.35891,30.45609874,,,,
06/06/23 18:10:00.000,29664,17.97,46862.874,30.44630376,,,,
06/06/23 18:20:00.000,29699.6,18.06,46824.77834,30.41863486,,,,
06/06/23 18:30:00.000,29574.2,17.85,46842.49057,30.43149879,,,,
06/06/23 18:40:00.000,29508.4,17.85,46737.26033,30.35508454,,,,
06/06/23 18:50:00.000,29569.5,17.98,46698.41149,30.32688114,,,,
06/06/23 19:00:00.000,29560.1,18.27,46385.78783,30.1000639,,,,
06/06/23 19:10:00.000,29678.3,18.11,46733.20813,30.35214255,,,,
06/06/23 19:20:00.000,29583.7,18.13,46562.89577,30.22852994,,,,
06/06/23 19:30:00.000,29576.6,18.22,46458.53381,30.1528208,,,,
06/06/23 19:40:00.000,29680.6,18.26,46579.19332,30.24035547,,,,
06/06/23 19:50:00.000,29683,18.3,46540.79116,30.21249187,,,,
06/06/23 20:00:00.000,29642.7,18.43,46344.37063,30.07003335,,,,
06/06/23 20:10:00.000,29697.2,18.58,46276.10126,30.02054255,,,,
06/06/23 20:20:00.000,29706.7,18.11,46768.41347,30.37770383,,,,
06/06/23 20:30:00.000,29699.6,18.05,46817.63888,30.41344987,,,,
06/06/23 20:40:00.000,29664,17.95,46863.37768,30.4466696,,,,
06/06/23 20:50:00.000,29683,18.01,46830.05964,30.42247044,,,,
06/06/23 21:00:00.000,29683,18.03,46808.11614,30.40653426,,,,
06/06/23 21:10:00.000,29664,17.87,46942.03435,30.50380984,,,,
06/06/23 21:20:00.000,29666.4,17.81,47006.65067,30.55076229,,,,
06/06/23 21:30:00.000,29666.4,17.79,47026.05866,30.56486689,,,,
06/06/23 21:40:00.000,29652.2,17.79,47002.27442,30.54758201,,,,
06/06/23 21:50:00.000,29659.3,17.79,47012.14555,30.55475555,,,,
06/06/23 22:00:00.000,29675.9,17.79,47037.02559,30.57283744,,,,
06/06/23 22:10:00.000,29678.3,17.79,47039.46939,30.57461359,,,,
06/06/23 22:20:00.000,29666.4,17.8,47008.94303,30.55242819,,,,
06/06/23 22:30:00.000,29702,17.82,47043.0571,30.57722116,,,,
06/06/23 22:40:00.000,29721,17.86,47030.18984,30.56786931,,,,
06/06/23 22:50:00.000,29709.1,17.84,47030.81287,30.56832212,,,,
06/06/23 23:00:00.000,29713.9,17.86,47016.2952,30.55777125,,,,
06/06/23 23:10:00.000,29725.8,17.91,46981.90456,30.53277965,,,,
06/06/23 23:20:00.000,29742.4,17.92,46996.35478,30.54328022,,,,
06/06/23 23:30:00.000,29754.3,17.93,47003.39512,30.54839644,,,,
06/06/23 23:40:00.000,29740,17.93,46979.52914,30.53105354,,,,
06/06/23 23:50:00.000,29747.2,17.93,46989.52015,30.53831362,,,,
06/07/23 00:00:00.000,29754.3,17.96,46968.30929,30.52290083,,,,
06/07/23 00:10:00.000,29775.8,17.97,46990.44731,30.53898736,,,,
06/07/23 00:20:00.000,29730.5,18,46886.86199,30.46372815,,,,
06/07/23 00:30:00.000,29754.3,18.01,46912.61026,30.48243282,,,,
06/07/23 00:40:00.000,29747.2,18.02,46889.78791,30.46585358,,,,
06/07/23 00:50:00.000,29759.1,18.01,46917.46447,30.48595932,,,,
06/07/23 01:00:00.000,29773.4,18.01,46938.59397,30.50131024,,,,
06/07/23 01:10:00.000,29787.7,18.05,46918.42193,30.4866549,,,,
06/07/23 01:20:00.000,29794.9,18.07,46907.75038,30.47890226,,,,
06/07/23 01:30:00.000,29792.5,18.09,46882.02404,30.46021384,,,,
06/07/23 01:40:00.000,29782.9,18.11,46845.02702,30.43334102,,,,
06/07/23 01:50:00.000,29828.4,18.12,46904.7245,30.47670408,,,,
06/07/23 02:00:00.000,29806.8,18.14,46848.93298,30.43617795,,,,
06/07/23 02:10:00.000,29814,18.14,46858.87153,30.44339659,,,,
06/07/23 02:20:00.000,29833.1,18.17,46856.58176,30.44173344,,,,
06/07/23 02:30:00.000,29835.5,18.18,46848.7117,30.43601724,,,,
06/07/23 02:40:00.000,29818.8,18.17,46831.5031,30.42351878,,,,
06/07/23 02:50:00.000,29811.6,18.14,46849.73593,30.43676115,,,,
06/07/23 03:00:00.000,29835.5,18.13,46896.13533,30.47046452,,,,
06/07/23 03:10:00.000,29804.4,18.14,46835.76835,30.42661652,,,,
06/07/23 03:20:00.000,29806.8,18.14,46838.18488,30.42837161,,,,
06/07/23 03:30:00.000,29811.6,18.16,46823.7933,30.41791947,,,,
06/07/23 03:40:00.000,29797.3,18.16,46800.05809,30.40068251,,,,
06/07/23 03:50:00.000,29794.9,18.17,46784.68554,30.38951944,,,,
06/07/23 04:00:00.000,29816.4,18.19,46796.45398,30.39806526,,,,
06/07/23 04:10:00.000,29845.1,18.22,46809.19931,30.40732086,,,,
06/07/23 04:20:00.000,29852.3,18.24,46798.58271,30.39961111,,,,
06/07/23 04:30:00.000,29859.5,18.24,46808.49342,30.40680824,,,,
06/07/23 04:40:00.000,29859.5,18.24,46807.15049,30.40583299,,,,
06/07/23 04:50:00.000,29895.5,18.23,46872.34849,30.45318566,,,,
06/07/23 05:00:00.000,29871.5,18.23,46833.48798,30.42496034,,,,
06/07/23 05:10:00.000,29866.7,18.23,46824.64128,30.41853531,,,,
06/07/23 05:20:00.000,29866.7,18.23,46823.29773,30.41755956,,,,
06/07/23 05:30:00.000,29866.7,18.22,46832.2249,30.424043,,,,
06/07/23 05:40:00.000,29902.7,18.23,46876.87767,30.45647556,,,,
06/07/23 05:50:00.000,29895.5,18.24,46854.00342,30.43986072,,,,
06/07/23 06:00:00.000,29873.9,18.26,46798.38201,30.39946536,,,,
06/07/23 06:10:00.000,29888.3,18.24,46840.06431,30.42973662,,,,
06/07/23 06:20:00.000,29881.1,18.24,46827.47038,30.42058997,,,,
06/07/23 06:30:00.000,29881.1,18.24,46826.12649,30.41961395,,,,
06/07/23 06:40:00.000,29881.1,18.24,46824.78259,30.41863794,,,,
06/07/23 06:50:00.000,29830.8,18.22,46765.36234,30.37548839,,,,
06/07/23 07:00:00.000,29802.1,18.19,46749.92471,30.36427944,,,,
06/07/23 07:10:00.000,29782.9,18.17,46739.06842,30.35639727,,,,
06/07/23 07:20:00.000,29775.8,18.17,46726.61848,30.34735841,,,,
06/07/23 07:30:00.000,29754.3,18.18,46681.39184,30.31452646,,,,
06/07/23 07:40:00.000,29728.1,18.17,46649.31037,30.29124032,,,,
06/07/23 07:50:00.000,29763.9,18.18,46693.72722,30.32348072,,,,
06/07/23 08:00:00.000,29756.7,18.18,46681.12564,30.31433323,,,,
06/07/23 08:10:00.000,29721,18.18,46623.95032,30.27283476,,,,
06/07/23 08:20:00.000,29749.6,18.19,46657.09989,30.29689406,,,,
06/07/23 08:30:00.000,29747.2,18.19,46652.00782,30.29319815,,,,
06/07/23 08:40:00.000,29692.5,18.19,46565.14242,30.23016007,,,,
06/07/23 08:50:00.000,29740,18.19,46638.07192,30.28308359,,,,
06/07/23 09:00:00.000,29721,18.19,46607.02724,30.2605534,,,,
06/07/23 09:10:00.000,29678.3,18.13,46600.28344,30.25565952,,,,
06/07/23 09:20:00.000,29668.8,18.07,46645.53993,30.28850375,,,,
06/07/23 09:30:00.000,29668.8,18.06,46654.45764,30.29497626,,,,
06/07/23 09:40:00.000,29702,18.12,46643.61241,30.28710477,,,,
06/07/23 09:50:00.000,29716.3,18.13,46654.41085,30.2949423,,,,
06/07/23 10:00:00.000,29692.5,18.16,46585.11643,30.24465347,,,,
06/07/23 10:10:00.000,29756.7,18.18,46663.70455,30.30168792,,,,
06/07/23 10:20:00.000,29742.4,18.21,46609.31217,30.26221157,,,,
06/07/23 10:30:00.000,29728.1,18.21,46585.63158,30.24502728,,,,
06/07/23 10:40:00.000,29725.8,18.18,46611.37715,30.26371014,,,,
06/07/23 10:50:00.000,29735.3,18.19,46614.65753,30.26609074,,,,
06/07/23 11:00:00.000,29721,18.18,46601.19614,30.25632186,,,,
06/07/23 11:10:00.000,29706.7,18.14,46618.42929,30.26882798,,,,
06/07/23 11:20:00.000,29699.6,18.13,46616.2203,30.26722486,,,,
06/07/23 11:30:00.000,29761.5,18.11,46732.27023,30.35146162,,,,
06/07/23 11:40:00.000,29744.8,18.12,46694.52537,30.32406011,,,,
06/07/23 11:50:00.000,29759.1,18.12,46715.56403,30.33933303,,,,
06/07/23 12:00:00.000,29730.5,18.12,46669.46336,30.30586794,,,,
06/07/23 12:10:00.000,29773.4,18.12,46735.25875,30.35363134,,,,
06/07/23 12:20:00.000,29759.1,18.13,46701.27818,30.32896216,,,,
06/07/23 12:30:00.000,29737.7,18.13,46666.45582,30.30368492,,,,
06/07/23 12:40:00.000,29752,18.13,46687.48711,30.31895097,,,,
06/07/23 12:50:00.000,29766.3,18.14,46698.25929,30.32677065,,,,
06/07/23 13:00:00.000,29766.3,18.14,46696.9176,30.32579668,,,,
06/07/23 13:10:00.000,29749.6,18.16,46648.96515,30.29098977,,,,
06/07/23 13:20:00.000,29766.3,18.16,46673.73167,30.30896613,,,,
06/07/23 13:30:00.000,29749.6,18.16,46646.28445,30.28904411,,,,
06/07/23 13:40:00.000,29752,18.16,46648.69577,30.29079425,,,,
06/07/23 13:50:00.000,29742.4,18.17,46622.11225,30.27150081,,,,
06/07/23 14:00:00.000,29742.4,18.16,46631.009,30.27795757,,,,
06/07/23 14:10:00.000,29759.1,18.16,46655.77212,30.29593033,,,,
06/07/23 14:20:00.000,29742.4,18.16,46628.32894,30.27601251,,,,
06/07/23 14:30:00.000,29742.4,18.16,46626.98891,30.27503999,,,,
06/07/23 14:40:00.000,29744.8,18.17,46619.1638,30.26936103,,,,
06/07/23 14:50:00.000,29752,18.17,46629.07431,30.27655346,,,,
06/07/23 15:00:00.000,29737.7,18.16,46615.62347,30.26679174,,,,
06/07/23 15:10:00.000,29752,18.17,46626.39398,30.27460822,,,,
06/07/23 15:20:00.000,29716.3,18.17,46569.2755,30.233159,,,,
06/07/23 15:30:00.000,29716.3,18.17,46567.93694,30.23218775,,,,
06/07/23 15:40:00.000,29744.8,18.17,46611.12474,30.26352696,,,,
06/07/23 15:50:00.000,29744.8,18.17,46609.7849,30.26255463,,,,
06/07/23 16:00:00.000,29742.4,18.18,46594.46646,30.25143832,,,,
06/07/23 16:10:00.000,29735.3,18.18,46582.03783,30.24241953,,,,
06/07/23 16:20:00.000,29694.9,18.19,46507.39223,30.18826155,,,,
06/07/23 16:30:00.000,29728.1,18.19,46557.89502,30.22490152,,,,
06/07/23 16:40:00.000,29730.5,18.21,46539.87432,30.21182669,,,,
06/07/23 16:50:00.000,29763.9,18.23,46570.22635,30.23384894,,,,
06/07/23 17:00:00.000,29742.4,18.22,46545.55719,30.21594977,,,,
06/07/23 17:10:00.000,29716.3,18.21,46513.69989,30.19283743,,,,
06/07/23 17:20:00.000,29737.7,18.21,46545.75811,30.21609555,,,,
06/07/23 17:30:00.000,29721,18.21,46518.35946,30.19621776,,,,
06/07/23 17:40:00.000,29692.5,18.21,46472.54881,30.16298633,,,,
06/07/23 17:50:00.000,29675.9,18.18,46475.89846,30.165416,,,,
06/07/23 18:00:00.000,29673.5,18.19,46460.61576,30.15433087,,,,
06/07/23 18:10:00.000,29721,18.21,46513.00906,30.19233626,,,,
06/07/23 18:20:00.000,29709.1,18.21,46493.10417,30.1778967,,,,
06/07/23 18:30:00.000,29721,18.22,46500.13108,30.1829941,,,,
06/07/23 18:40:00.000,29716.3,18.22,46491.46247,30.17670581,,,,
06/07/23 18:50:00.000,29709.1,18.21,46489.09298,30.17498699,,,,
06/07/23 19:00:00.000,29723.4,18.22,46499.86259,30.18279933,,,,
06/07/23 19:10:00.000,29709.1,18.22,46476.22122,30.16565012,,,,
06/07/23 19:20:00.000,29673.5,18.21,46429.54531,30.13179611,,,,
06/07/23 19:30:00.000,29699.6,18.21,46468.92505,30.16035784,,,,
06/07/23 19:40:00.000,29709.1,18.22,46472.2109,30.16274122,,,,
06/07/23 19:50:00.000,29709.1,18.22,46470.87412,30.1617716,,,,
06/07/23 20:00:00.000,29699.6,18.22,46454.72214,30.15005616,,,,
06/07/23 20:10:00.000,29721,18.22,46486.75802,30.17329323,,,,
06/07/23 20:20:00.000,29694.9,18.22,46444.72023,30.14280186,,,,
06/07/23 20:30:00.000,29716.3,18.23,46466.56045,30.15864271,,,,
06/07/23 20:40:00.000,29723.4,18.23,46476.29239,30.16570175,,,,
06/07/23 20:50:00.000,29711.5,18.23,46456.40395,30.15127599,,,,
06/07/23 21:00:00.000,29735.3,18.23,46492.1689,30.17721825,,,,
06/07/23 21:10:00.000,29721,18.24,46458.34915,30.15268686,,,,
06/07/23 21:20:00.000,29709.1,18.24,46438.46667,30.13826634,,,,
06/07/23 21:30:00.000,29735.3,18.23,46488.15594,30.17430727,,,,
06/07/23 21:40:00.000,29742.4,18.24,46487.68817,30.17396795,,,,
06/07/23 21:50:00.000,29763.9,18.24,46519.85442,30.19730231,,,,
06/07/23 22:00:00.000,29752,18.26,46479.58434,30.16808961,,,,
06/07/23 22:10:00.000,29756.7,18.24,46505.95787,30.18722101,,,,
06/07/23 22:20:00.000,29749.6,18.26,46473.17124,30.16343781,,,,
06/07/23 22:30:00.000,29771,18.24,46525.56264,30.2014435,,,,
06/07/23 22:40:00.000,29778.2,18.24,46535.44195,30.20861092,,,,
06/07/23 22:50:00.000,29799.7,18.27,46536.98095,30.20972749,,,,
06/07/23 23:00:00.000,29771,18.26,46501.14866,30.18373227,,,,
06/07/23 23:10:00.000,29778.2,18.28,46490.63631,30.17610651,,,,
06/07/23 23:20:00.000,29814,18.28,46545.02358,30.21556262,,,,
06/07/23 23:30:00.000,29814,18.28,46543.68386,30.21459061,,,,
06/07/23 23:40:00.000,29806.8,18.27,46541.33751,30.21288826,,,,
06/07/23 23:50:00.000,29799.7,18.27,46528.94474,30.20389718,,,,
06/08/23 00:00:00.000,29799.7,18.27,46527.60537,30.20292548,,,,
06/08/23 00:10:00.000,29818.8,18.27,46555.9986,30.22352555,,,,
06/08/23 00:20:00.000,29840.3,18.26,46598.33966,30.25424898,,,,
06/08/23 00:30:00.000,29849.9,18.24,46632.38899,30.27895911,,,,
06/08/23 00:40:00.000,29799.7,18.24,46552.85788,30.22124676,,,,
06/08/23 00:50:00.000,29811.6,18.23,46580.26633,30.24113408,,,,
06/08/23 01:00:00.000,29835.5,18.22,46626.38218,30.27459966,,,,
06/08/23 01:10:00.000,29806.8,18.21,46590.54265,30.24859098,,,,
06/08/23 01:20:00.000,29806.8,18.19,46609.65114,30.26245756,,,,
06/08/23 01:30:00.000,29802.1,18.18,46611.21053,30.26358922,,,,
06/08/23 01:40:00.000,29830.8,18.16,46675.10685,30.30996433,,,,
06/08/23 01:50:00.000,29821.2,18.16,46658.78782,30.2981192,,,,
06/08/23 02:00:00.000,29814,18.14,46666.70296,30.3038643,,,,
06/08/23 02:10:00.000,29804.4,18.14,46650.3785,30.29201557,,,,
06/08/23 02:20:00.000,29821.2,18.14,46675.25043,30.31006855,,,,
06/08/23 02:30:00.000,29828.4,18.14,46685.14106,30.31724798,,,,
06/08/23 02:40:00.000,29837.9,18.13,46708.87708,30.33447854,,,,
06/08/23 02:50:00.000,29866.7,18.12,46762.74825,30.37359031,,,,
06/08/23 03:00:00.000,29828.4,18.12,46701.61833,30.32920908,,,,
06/08/23 03:10:00.000,29866.7,18.11,46770.32815,30.3790941,,,,
06/08/23 03:20:00.000,29849.9,18.11,46742.75359,30.35907284,,,,
06/08/23 03:30:00.000,29849.9,18.09,46761.95304,30.37301292,,,,
06/08/23 03:40:00.000,29849.9,18.09,46760.60611,30.37203493,,,,
06/08/23 03:50:00.000,29849.9,18.09,46759.25918,30.37105694,,,,
06/08/23 04:00:00.000,29857.1,18.08,46779.43618,30.38570766,,,,
06/08/23 04:10:00.000,29866.7,18.08,46793.08324,30.39561751,,,,
06/08/23 04:20:00.000,29840.3,18.07,46760.77878,30.3721603,,,,
06/08/23 04:30:00.000,29871.5,18.07,46808.17187,30.40657473,,,,
06/08/23 04:40:00.000,29859.5,18.07,46788.07772,30.39198269,,,,
06/08/23 04:50:00.000,29883.5,18.06,46834.51486,30.42570614,,,,
06/08/23 05:00:00.000,29818.8,18.05,46742.35579,30.35878402,,,,
06/08/23 05:10:00.000,23309.7,18.05,36563.44286,23.10301605,,,,
06/08/23 05:20:00.000,23330.2,18.03,36610.64895,23.13603303,,,,
06/08/23 05:30:00.000,24759.3,18.05,38828.84866,24.69425227,,,,
06/08/23 05:40:00.000,26938.2,18.03,42253.39322,27.12554392,,,,
06/08/23 05:50:00.000,27002.2,18.03,42352.26891,27.19619868,,,,
06/08/23 06:00:00.000,24712.6,18.02,38778.14569,24.65848792,,,,
06/08/23 06:10:00.000,26920.2,18.01,42240.21579,27.11612949,,,,
06/08/23 06:20:00.000,26473.7,18.01,41540.41638,26.61681905,,,,
06/08/23 06:30:00.000,29902.7,18.01,46902.55969,30.47513145,,,,
06/08/23 06:40:00.000,29852.3,18,46832.70593,30.42439237,,,,
06/08/23 06:50:00.000,29725.8,18,46633.52018,30.27978008,,,,
06/08/23 07:00:00.000,29647.5,18,46509.72253,30.18995205,,,,
06/08/23 07:10:00.000,29747.2,17.98,46684.84476,30.3170329,,,,
06/08/23 07:20:00.000,29785.3,17.97,46753.39659,30.36680025,,,,
06/08/23 07:30:00.000,29702,17.97,46621.70439,30.2712048,,,,
06/08/23 07:40:00.000,29583.7,17.97,46435.25143,30.13593446,,,,
06/08/23 07:50:00.000,29614.3,17.97,46481.79308,30.16969176,,,,
06/08/23 08:00:00.000,29513.1,17.97,46322.10817,30.05389322,,,,
06/08/23 08:10:00.000,29550.7,17.97,46379.60325,30.09557934,,,,
06/08/23 08:20:00.000,29713.9,17.97,46633.60339,30.27984047,,,,
06/08/23 08:30:00.000,29866.7,17.97,46871.31134,30.45243231,,,,
06/08/23 08:40:00.000,29909.9,17.97,46937.54249,30.5005463,,,,
06/08/23 08:50:00.000,29890.7,17.98,46895.82955,30.47024239,,,,
06/08/23 09:00:00.000,29890.7,17.98,46894.47752,30.46926023,,,,
06/08/23 09:10:00.000,29876.3,17.98,46870.6048,30.45191909,,,,
06/08/23 09:20:00.000,29890.7,17.98,46891.77346,30.46729593,,,,
06/08/23 09:30:00.000,29897.9,18,46881.04185,30.45950038,,,,
06/08/23 09:40:00.000,29912.3,18,46902.19908,30.47486948,,,,
06/08/23 09:50:00.000,29919.6,18.01,46901.93645,30.47467869,,,,
06/08/23 10:00:00.000,29905.1,18.01,46877.92491,30.45723626,,,,
06/08/23 10:10:00.000,29883.5,18.01,46842.81975,30.43173788,,,,
06/08/23 10:20:00.000,29919.6,18.01,46897.87913,30.47173128,,,,
06/08/23 10:30:00.000,29893.1,18,46865.42936,30.44815985,,,,
06/08/23 10:40:00.000,29905.1,18.01,46872.51776,30.45330862,,,,
06/08/23 10:50:00.000,29941.2,18.02,46917.24872,30.48580258,,,,
06/08/23 11:00:00.000,29934,18.03,46894.33271,30.46915503,,,,
06/08/23 11:10:00.000,29934,18.03,46892.98022,30.46817254,,,,
06/08/23 11:20:00.000,29936.4,18.05,46874.75479,30.45493354,,,,
06/08/23 11:30:00.000,29955.7,18.05,46903.52895,30.47583557,,,,
06/08/23 11:40:00.000,29926.8,18.05,46857.06614,30.44208526,,,,
06/08/23 11:50:00.000,29934,18.05,46866.95272,30.44926635,,,,
06/08/23 12:00:00.000,29941.2,18.03,46897.46039,30.47142709,,,,
06/08/23 12:10:00.000,29955.7,18.06,46887.80765,30.46441509,,,,
06/08/23 12:20:00.000,29907.5,18.05,46821.53787,30.41628147,,,,
06/08/23 12:30:00.000,29958.1,18.06,46888.84729,30.4651703,,,,
06/08/23 12:40:00.000,29958.1,18.07,46877.18866,30.45670146,,,,
06/08/23 12:50:00.000,29941.2,18.07,46849.47378,30.43657075,,,,
06/08/23 13:00:00.000,29941.2,18.08,46837.82622,30.42811112,,,,
06/08/23 13:10:00.000,29955.7,18.09,46848.79069,30.43607461,,,,
06/08/23 13:20:00.000,29955.7,18.11,46826.85738,30.42014477,,,,
06/08/23 13:30:00.000,29955.7,18.11,46825.50629,30.41916353,,,,
06/08/23 13:40:00.000,29979.8,18.11,46861.71126,30.4454592,,,,
06/08/23 13:50:00.000,29955.7,18.08,46853.67949,30.43962544,,,,
06/08/23 14:00:00.000,29955.7,18.09,46842.03226,30.43116593,,,,
06/08/23 14:10:00.000,29955.7,18.11,46820.10192,30.41523862,,,,
06/08/23 14:20:00.000,29955.7,18.09,46839.32888,30.42920248,,,,
06/08/23 14:30:00.000,29977.4,18.11,46851.2109,30.43783244,,,,
06/08/23 14:40:00.000,29972.6,18.11,46842.38009,30.43141855,,,,
06/08/23 14:50:00.000,29970.2,18.11,46837.28897,30.42772092,,,,
06/08/23 15:00:00.000,29955.7,18.13,46792.78576,30.39540149,,,,
06/08/23 15:10:00.000,29970.2,18.13,46814.01569,30.41081861,,,,
06/08/23 15:20:00.000,29962.9,18.13,46801.29679,30.40158204,,,,
06/08/23 15:30:00.000,29982.2,18.16,46799.16271,30.4000323,,,,
06/08/23 15:40:00.000,29955.7,18.16,46756.57436,30.36910754,,,,
06/08/23 15:50:00.000,29970.2,18.16,46777.78806,30.38451091,,,,
06/08/23 16:00:00.000,29984.7,18.18,46778.46136,30.38499981,,,,
06/08/23 16:10:00.000,29991.9,18.21,46757.52256,30.36979601,,,,
06/08/23 16:20:00.000,30004,18.23,46754.46627,30.36757691,,,,
06/08/23 16:30:00.000,30023.4,18.27,46742.24923,30.35870665,,,,
06/08/23 16:40:00.000,30033,18.26,46766.04978,30.37598755,,,,
06/08/23 16:50:00.000,30028.2,18.23,46788.01128,30.39193444,,,,
06/08/23 17:00:00.000,30018.5,18.24,46761.33751,30.37256599,,,,
06/08/23 17:10:00.000,30023.4,18.24,46767.59741,30.37711128,,,,
06/08/23 17:20:00.000,30028.2,18.27,46742.95192,30.35921683,,,,
06/08/23 17:30:00.000,30050,18.27,46775.43509,30.38280234,,,,
06/08/23 17:40:00.000,30069.4,18.28,46793.93609,30.39623683,,,,
06/08/23 17:50:00.000,30062.1,18.29,46771.00967,30.37958896,,,,
06/08/23 18:00:00.000,30057.3,18.28,46772.46075,30.38064261,,,,
06/08/23 18:10:00.000,30040.3,18.28,46744.73551,30.3605118,,,,
06/08/23 18:20:00.000,30071.8,18.27,46802.50994,30.40246302,,,,
06/08/23 18:30:00.000,30064.6,18.27,46789.98624,30.39336858,,,,
06/08/23 18:40:00.000,30045.2,18.27,46758.5331,30.37052974,,,,
06/08/23 18:50:00.000,30064.6,18.28,46777.03192,30.38396184,,,,
06/08/23 19:00:00.000,30079.1,18.28,46798.17365,30.39931405,,,,
06/08/23 19:10:00.000,30076.7,18.28,46793.09924,30.39562914,,,,
06/08/23 19:20:00.000,30064.6,18.28,46772.97909,30.38101899,,,,
06/08/23 19:30:00.000,30040.3,18.28,46733.93668,30.35267149,,,,
06/08/23 19:40:00.000,30050,18.28,46747.63197,30.36261478,,,,
06/08/23 19:50:00.000,30069.4,18.28,46776.37104,30.38348197,,,,
06/08/23 20:00:00.000,30071.8,18.28,46778.74217,30.38520371,,,,
06/08/23 20:10:00.000,30079.1,18.29,46778.46194,30.38500023,,,,
06/08/23 20:20:00.000,30071.8,18.29,46765.79179,30.37580022,,,,
06/08/23 20:30:00.000,30101,18.3,46799.46135,30.40024916,,,,
06/08/23 20:40:00.000,30086.4,18.3,46775.47788,30.38283341,,,,
06/08/23 20:50:00.000,30084,18.29,46780.65368,30.38659173,,,,
06/08/23 21:00:00.000,30064.6,18.29,46749.22539,30.36377169,,,,
06/08/23 21:10:00.000,30057.3,18.29,46736.5575,30.35457427,,,,
06/08/23 21:20:00.000,30086.4,18.29,46780.31975,30.38634925,,,,
06/08/23 21:30:00.000,30040.3,18.28,46717.73843,30.34091159,,,,
06/08/23 21:40:00.000,30086.4,18.28,46787.86682,30.39182954,,,,
06/08/23 21:50:00.000,30069.4,18.28,46760.15715,30.37170894,,,,
06/08/23 22:00:00.000,30069.4,18.28,46758.806,30.37072789,,,,
06/08/23 22:10:00.000,30057.3,18.28,46738.69537,30.35612642,,,,
06/08/23 22:20:00.000,30069.4,18.29,46745.86019,30.36132837,,,,
06/08/23 22:30:00.000,30071.8,18.28,46758.47319,30.37048625,,,,
06/08/23 22:40:00.000,30079.1,18.28,46768.43862,30.37772209,,,,
06/08/23 22:50:00.000,30084,18.28,46774.68294,30.38225619,,,,
06/08/23 23:00:00.000,30076.7,18.28,46762.0151,30.37305798,,,,
06/08/23 23:10:00.000,30086.4,18.28,46775.69955,30.38299438,,,,
06/08/23 23:20:00.000,30064.6,18.29,46730.31634,30.35004308,,,,
06/08/23 23:30:00.000,30069.4,18.29,46736.40416,30.35446294,,,,
06/08/23 23:40:00.000,30064.6,18.29,46727.61505,30.34808192,,,,
06/08/23 23:50:00.000,30086.4,18.29,46760.04541,30.37162781,,,,
06/09/23 00:00:00.000,30071.8,18.3,46725.83287,30.34678806,,,,
06/09/23 00:10:00.000,30091.3,18.29,46764.93468,30.37517787,,,,
06/09/23 00:20:00.000,30086.4,18.29,46755.99054,30.36868364,,,,
06/09/23 00:30:00.000,30079.1,18.29,46743.32825,30.35949007,,,,
06/09/23 00:40:00.000,30069.4,18.3,46716.7125,30.34016679,,,,
06/09/23 00:50:00.000,30086.4,18.32,46721.22395,30.34344201,,,,
06/09/23 01:00:00.000,30076.7,18.32,46704.85491,30.33155865,,,,
06/09/23 01:10:00.000,30069.4,18.32,46692.20249,30.32237389,,,,
06/09/23 01:20:00.000,30093.7,18.32,46728.47351,30.34870516,,,,
06/09/23 01:30:00.000,30079.1,18.3,46724.98311,30.34617113,,,,
06/09/23 01:40:00.000,30098.6,18.29,46764.07646,30.37455472,,,,
06/09/23 01:50:00.000,30110.7,18.3,46771.22046,30.37974202,,,,
06/09/23 02:00:00.000,30093.7,18.29,46753.78202,30.3670801,,,,
06/09/23 02:10:00.000,30064.6,18.29,46707.35536,30.33337384,,,,
06/09/23 02:20:00.000,30086.4,18.29,46739.77106,30.35690741,,,,
06/09/23 02:30:00.000,30079.1,18.29,46727.1127,30.34771721,,,,
06/09/23 02:40:00.000,30084,18.28,46743.59128,30.35968104,,,,
06/09/23 02:50:00.000,30062.1,18.28,46708.31389,30.3340697,,,,
06/09/23 03:00:00.000,30050,18.28,46688.21929,30.31948246,,,,
06/09/23 03:10:00.000,30069.4,18.27,46727.15875,30.34775064,,,,
06/09/23 03:20:00.000,30079.1,18.27,46740.8356,30.3576803,,,,
06/09/23 03:30:00.000,30086.4,18.28,46740.54966,30.3574727,,,,
06/09/23 03:40:00.000,30091.3,18.29,46736.54599,30.35456591,,,,
06/09/23 03:50:00.000,30093.7,18.28,46749.15235,30.36371866,,,,
06/09/23 04:00:00.000,30091.3,18.28,46744.083,30.36003805,,,,
06/09/23 04:10:00.000,30086.4,18.28,46735.14198,30.35354657,,,,
06/09/23 04:20:00.000,30091.3,18.28,46741.37872,30.35807463,,,,
06/09/23 04:30:00.000,30079.1,18.28,46721.1329,30.34337591,,,,
06/09/23 04:40:00.000,30057.3,18.28,46686.02137,30.31788699,,,,
06/09/23 04:50:00.000,30101,18.29,46742.10101,30.35859904,,,,
06/09/23 05:00:00.000,30086.4,18.28,46728.38238,30.34863901,,,,
06/09/23 05:10:00.000,30071.8,18.28,46704.4226,30.33124481,,,,
06/09/23 05:20:00.000,30069.4,18.27,46709.58986,30.33499599,,,,
06/09/23 05:30:00.000,30108.3,18.27,46768.48374,30.37775486,,,,
06/09/23 05:40:00.000,30069.4,18.27,46706.88695,30.3330338,,,,
06/09/23 05:50:00.000,30054.9,18.28,46672.85112,30.30832697,,,,
06/09/23 06:00:00.000,30079.1,18.28,46708.96858,30.33454497,,,,
06/09/23 06:10:00.000,30069.4,18.27,46702.83259,30.33009056,,,,
06/09/23 06:20:00.000,30047.6,18.27,46667.72368,30.30460519,,,,
06/09/23 06:30:00.000,30054.9,18.28,46667.44908,30.30440587,,,,
06/09/23 06:40:00.000,30064.6,18.29,46670.8879,30.30690195,,,,
06/09/23 06:50:00.000,30069.4,18.29,46676.96626,30.31131402,,,,
06/09/23 07:00:00.000,30079.1,18.29,46690.62771,30.32123075,,,,
06/09/23 07:10:00.000,30093.7,18.32,46681.18635,30.31437729,,,,
06/09/23 07:20:00.000,30137.5,18.38,46686.21983,30.31803105,,,,
06/09/23 07:30:00.000,30103.4,18.39,46621.9984,30.27141818,,,,
06/09/23 07:40:00.000,30144.9,18.39,46684.73186,30.31695094,,,,
06/09/23 07:50:00.000,30142.4,18.4,46669.3104,30.30575691,,,,
06/09/23 08:00:00.000,30174.2,18.39,46727.27048,30.34783176,,,,
06/09/23 08:10:00.000,30157.1,18.39,46699.51512,30.32768229,,,,
06/09/23 08:20:00.000,30179,18.39,46731.97638,30.35124828,,,,
06/09/23 08:30:00.000,30186.4,18.4,46731.82543,30.35113869,,,,
06/09/23 08:40:00.000,30174.2,18.4,46711.64123,30.3364852,,,,
06/09/23 08:50:00.000,30174.2,18.4,46710.28893,30.33550349,,,,
06/09/23 09:00:00.000,30201,18.42,46729.85832,30.34971055,,,,
06/09/23 09:10:00.000,30174.2,18.42,46687.15946,30.31871313,,,,
06/09/23 09:20:00.000,30186.4,18.43,46694.4183,30.32398239,,,,
06/09/23 09:30:00.000,30193.7,18.43,46704.32543,30.33117428,,,,
06/09/23 09:40:00.000,30208.4,18.44,46715.43132,30.33923668,,,,
06/09/23 09:50:00.000,30171.7,18.43,46667.69131,30.30458169,,,,
06/09/23 10:00:00.000,30181.5,18.45,46661.04918,30.29976056,,,,
06/09/23 10:10:00.000,30188.8,18.45,46670.95102,30.30694776,,,,
06/09/23 10:20:00.000,30193.7,18.47,46656.75617,30.29664458,,,,
06/09/23 10:30:00.000,30208.4,18.48,46667.85691,30.30470189,,,,
06/09/23 10:40:00.000,30201,18.48,46655.10664,30.29544731,,,,
06/09/23 10:50:00.000,30203.5,18.49,46647.415,30.28986466,,,,
06/09/23 11:00:00.000,30210.8,18.49,46657.30577,30.29704349,,,,
06/09/23 11:10:00.000,30183.9,18.49,46614.53067,30.26599868,,,,
06/09/23 11:20:00.000,30186.4,18.49,46617.0303,30.2678127,,,,
06/09/23 11:30:00.000,30223.1,18.49,46672.19182,30.30784841,,,,
06/09/23 11:40:00.000,30166.8,18.51,46563.80548,30.22919001,,,,
06/09/23 11:50:00.000,30215.7,18.5,46647.90425,30.29021976,,,,
06/09/23 12:00:00.000,30193.7,18.51,46602.50832,30.25727408,,,,
06/09/23 12:10:00.000,30215.7,18.53,46614.65613,30.26608973,,,,
06/09/23 12:20:00.000,30201,18.53,46590.69293,30.24870003,,,,
06/09/23 12:30:00.000,30225.5,18.53,46627.03031,30.27507004,,,,
06/09/23 12:40:00.000,30225.5,18.53,46625.67957,30.27408974,,,,
06/09/23 12:50:00.000,30225.5,18.53,46624.32882,30.27310945,,,,
06/09/23 13:00:00.000,30198.6,18.51,46601.9488,30.25686804,,,,
06/09/23 13:10:00.000,30215.7,18.53,46606.55428,30.26021018,,,,
06/09/23 13:20:00.000,30215.7,18.51,46625.55997,30.27400294,,,,
06/09/23 13:30:00.000,30208.4,18.54,46582.45664,30.24272343,,,,
06/09/23 13:40:00.000,29924.4,19.14,45546.45981,29.49234753,,,,
06/09/23 13:44:21.000,,,,,,Logged,,
06/09/23 13:44:24.000,,,,,,,Logged,Logged