#,"Date Time, GMT-04:00",LowRange,HighRange,temp,Coupler Detached (LGR S/N: 20636185),Coupler Attached (LGR S/N: 20636185)
1,06/02/23 10:00:00 AM,0.0,0.0,24.38,Logged,
2,06/02/23 10:10:00 AM,0.0,0.0,24.84,,
3,06/02/23 10:20:00 AM,0.0,0.0,25.20,,
4,06/02/23 10:30:00 AM,0.0,0.0,26.51,,
5,06/02/23 10:40:00 AM,0.0,0.0,26.41,,
6,06/02/23 10:50:00 AM,0.0,0.0,27.09,,
7,06/02/23 11:00:00 AM,0.0,0.0,31.18,,
8,06/02/23 11:10:00 AM,33594.4,30064.6,22.22,,
9,06/02/23 11:20:00 AM,33594.4,30697.7,21.81,,
10,06/02/23 11:30:00 AM,33594.4,30687.6,21.70,,
11,06/02/23 11:40:00 AM,33594.4,30685.1,21.73,,
12,06/02/23 11:50:00 AM,33594.4,30712.8,21.73,,
13,06/02/23 12:00:00 PM,33594.4,30730.4,21.75,,
14,06/02/23 12:10:00 PM,33594.4,30738.0,21.75,,
15,06/02/23 12:20:00 PM,33594.4,30760.8,21.78,,
16,06/02/23 12:30:00 PM,33594.4,30735.5,21.78,,
17,06/02/23 12:40:00 PM,33594.4,30722.9,21.80,,
18,06/02/23 12:50:00 PM,33594.4,30722.9,21.84,,
19,06/02/23 01:00:00 PM,33594.4,30788.6,21.89,,
20,06/02/23 01:10:00 PM,33594.4,30796.2,21.90,,
21,06/02/23 01:20:00 PM,33594.4,30770.9,21.97,,
22,06/02/23 01:30:00 PM,33594.4,30854.6,22.12,,
23,06/02/23 01:40:00 PM,33594.4,30869.8,22.04,,
24,06/02/23 01:50:00 PM,33594.4,30874.9,22.04,,
25,06/02/23 02:00:00 PM,33594.4,30887.7,22.01,,
26,06/02/23 02:10:00 PM,33594.4,30844.4,22.05,,
27,06/02/23 02:20:00 PM,33594.4,30798.7,22.02,,
28,06/02/23 02:30:00 PM,33594.4,30849.5,21.99,,
29,06/02/23 02:40:00 PM,33594.4,30781.0,22.13,,
30,06/02/23 02:50:00 PM,33594.4,30862.2,22.17,,
31,06/02/23 03:00:00 PM,33594.4,30910.6,22.38,,
32,06/02/23 03:10:00 PM,33594.4,30895.3,22.23,,
33,06/02/23 03:20:00 PM,33594.4,30913.2,22.26,,
34,06/02/23 03:30:00 PM,33594.4,30846.9,22.32,,
35,06/02/23 03:40:00 PM,33594.4,30836.8,22.42,,
36,06/02/23 03:50:00 PM,33594.4,30813.9,22.58,,
37,06/02/23 04:00:00 PM,33594.4,30849.5,22.57,,
38,06/02/23 04:10:00 PM,33594.4,30836.8,22.36,,
39,06/02/23 04:20:00 PM,33594.4,30854.6,22.58,,
40,06/02/23 04:30:00 PM,33594.4,30824.1,22.54,,
41,06/02/23 04:40:00 PM,33594.4,30885.1,22.54,,
42,06/02/23 04:50:00 PM,33594.4,30869.8,22.53,,
43,06/02/23 05:00:00 PM,33594.4,30839.3,22.39,,
44,06/02/23 05:10:00 PM,33594.4,30849.5,22.38,,
45,06/02/23 05:20:00 PM,33594.4,30864.7,22.36,,
46,06/02/23 05:30:00 PM,33594.4,30844.4,22.34,,
47,06/02/23 05:40:00 PM,33594.4,30857.1,22.42,,
48,06/02/23 05:50:00 PM,33594.4,30864.7,22.29,,
49,06/02/23 06:00:00 PM,33594.4,30844.4,22.32,,
50,06/02/23 06:10:00 PM,33594.4,30867.3,22.38,,
51,06/02/23 06:20:00 PM,33594.4,30852.0,22.29,,
52,06/02/23 06:30:00 PM,33594.4,30859.7,22.32,,
53,06/02/23 06:40:00 PM,33594.4,30887.7,22.39,,
54,06/02/23 06:50:00 PM,33594.4,30918.3,22.46,,
55,06/02/23 07:00:00 PM,33594.4,30933.6,22.46,,
56,06/02/23 07:10:00 PM,33594.4,30905.5,22.42,,
57,06/02/23 07:20:00 PM,33594.4,30971.9,22.55,,
58,06/02/23 07:30:00 PM,33594.4,30943.8,22.47,,
59,06/02/23 07:40:00 PM,33594.4,30964.3,22.53,,
60,06/02/23 07:50:00 PM,33594.4,30977.1,22.59,,
61,06/02/23 08:00:00 PM,33594.4,30964.3,22.52,,
62,06/02/23 08:10:00 PM,33594.4,30941.2,22.52,,
63,06/02/23 08:20:00 PM,33594.4,30979.6,22.57,,
64,06/02/23 08:30:00 PM,33594.4,30956.6,22.59,,
65,06/02/23 08:40:00 PM,33594.4,31007.8,22.69,,
66,06/02/23 08:50:00 PM,33594.4,31036.0,22.74,,
67,06/02/23 09:00:00 PM,33594.4,31018.1,22.69,,
68,06/02/23 09:10:00 PM,33594.4,31010.4,22.68,,
69,06/02/23 09:20:00 PM,33594.4,30979.6,22.63,,
70,06/02/23 09:30:00 PM,33594.4,30964.3,22.60,,
71,06/02/23 09:40:00 PM,33594.4,30925.9,22.50,,
72,06/02/23 09:50:00 PM,33594.4,30925.9,22.53,,
73,06/02/23 10:00:00 PM,33594.4,30984.7,22.65,,
74,06/02/23 10:10:00 PM,33594.4,30964.3,22.62,,
75,06/02/23 10:20:00 PM,33594.4,30948.9,22.53,,
76,06/02/23 10:30:00 PM,33594.4,31002.7,22.57,,
77,06/02/23 10:40:00 PM,33594.4,31033.5,22.62,,
78,06/02/23 10:50:00 PM,33594.4,30987.3,22.58,,
79,06/02/23 11:00:00 PM,33594.4,30995.0,22.52,,
80,06/02/23 11:10:00 PM,33594.4,31005.2,22.48,,
81,06/02/23 11:20:00 PM,33594.4,31000.1,22.42,,
82,06/02/23 11:30:00 PM,33594.4,31007.8,22.38,,
83,06/02/23 11:40:00 PM,33594.4,30987.3,22.33,,
84,06/02/23 11:50:00 PM,33594.4,31020.6,22.29,,
85,06/03/23 12:00:00 AM,33594.4,30977.1,22.25,,
86,06/03/23 12:10:00 AM,33594.4,31012.9,22.25,,
87,06/03/23 12:20:00 AM,33594.4,30989.9,22.25,,
88,06/03/23 12:30:00 AM,33594.4,31005.2,22.27,,
89,06/03/23 12:40:00 AM,33594.4,31005.2,22.27,,
90,06/03/23 12:50:00 AM,33594.4,30982.2,22.25,,
91,06/03/23 01:00:00 AM,33594.4,31005.2,22.27,,
92,06/03/23 01:10:00 AM,33594.4,30997.5,22.25,,
93,06/03/23 01:20:00 AM,33594.4,30979.6,22.23,,
94,06/03/23 01:30:00 AM,33594.4,30956.6,22.22,,
95,06/03/23 01:40:00 AM,33594.4,30974.5,22.22,,
96,06/03/23 01:50:00 AM,33594.4,30971.9,22.23,,
97,06/03/23 02:00:00 AM,33594.4,30936.1,22.26,,
98,06/03/23 02:10:00 AM,33594.4,30992.4,22.29,,
99,06/03/23 02:20:00 AM,33594.4,30920.8,22.33,,
100,06/03/23 02:30:00 AM,33594.4,30941.2,22.31,,
101,06/03/23 02:40:00 AM,33594.4,30964.3,22.37,,
102,06/03/23 02:50:00 AM,33594.4,30941.2,22.28,,
103,06/03/23 03:00:00 AM,33594.4,30925.9,22.26,,
104,06/03/23 03:10:00 AM,33594.4,30931.0,22.27,,
105,06/03/23 03:20:00 AM,33594.4,30915.7,22.26,,
106,06/03/23 03:30:00 AM,33594.4,30900.4,22.26,,
107,06/03/23 03:40:00 AM,33594.4,30882.6,22.27,,
108,06/03/23 03:50:00 AM,33594.4,30887.7,22.36,,
109,06/03/23 04:00:00 AM,33594.4,30872.4,22.26,,
110,06/03/23 04:10:00 AM,33594.4,30872.4,22.32,,
111,06/03/23 04:20:00 AM,33594.4,30854.6,22.38,,
112,06/03/23 04:30:00 AM,33594.4,30862.2,22.37,,
113,06/03/23 04:40:00 AM,33594.4,30836.8,22.37,,
114,06/03/23 04:50:00 AM,33594.4,30844.4,22.41,,
115,06/03/23 05:00:00 AM,33594.4,30834.2,22.33,,
116,06/03/23 05:10:00 AM,33594.4,30793.7,22.37,,
117,06/03/23 05:20:00 AM,33594.4,30765.8,22.28,,
118,06/03/23 05:30:00 AM,33594.4,30763.3,22.18,,
119,06/03/23 05:40:00 AM,33594.4,30760.8,22.16,,
120,06/03/23 05:50:00 AM,33594.4,30725.4,22.11,,
121,06/03/23 06:00:00 AM,33594.4,30690.1,22.05,,
122,06/03/23 06:10:00 AM,33594.4,30715.3,22.05,,
123,06/03/23 06:20:00 AM,33594.4,30700.2,22.05,,
124,06/03/23 06:30:00 AM,33594.4,30685.1,22.04,,
125,06/03/23 06:40:00 AM,19652.2,20482.8,22.01,,
126,06/03/23 06:50:00 AM,20225.7,20830.4,21.97,,
127,06/03/23 07:00:00 AM,19951.6,20748.2,21.92,,
128,06/03/23 07:10:00 AM,21586.1,21997.7,21.90,,
129,06/03/23 07:20:00 AM,19703.7,20603.7,21.86,,
130,06/03/23 07:30:00 AM,20164.7,20944.2,21.86,,
131,06/03/23 07:40:00 AM,19583.2,20238.3,21.86,,
132,06/03/23 07:50:00 AM,19175.8,20205.7,21.85,,
133,06/03/23 08:00:00 AM,17191.3,18449.5,21.84,,
134,06/03/23 08:10:00 AM,15151.8,16358.3,21.80,,
135,06/03/23 08:20:00 AM,13665.5,14781.1,21.78,,
136,06/03/23 08:30:00 AM,11910.8,12746.4,21.76,,
137,06/03/23 08:40:00 AM,29665.5,26411.8,21.73,,
138,06/03/23 08:50:00 AM,33594.4,30622.2,21.70,,
139,06/03/23 09:00:00 AM,33594.4,30659.9,21.70,,
140,06/03/23 09:10:00 AM,33594.4,30667.4,21.69,,
141,06/03/23 09:20:00 AM,33594.4,30637.3,21.66,,
142,06/03/23 09:30:00 AM,33594.4,30634.8,21.65,,
143,06/03/23 09:40:00 AM,33594.4,30629.8,21.62,,
144,06/03/23 09:50:00 AM,33594.4,30642.3,21.64,,
145,06/03/23 10:00:00 AM,33594.4,30607.2,21.59,,
146,06/03/23 10:10:00 AM,33594.4,30612.2,21.59,,
147,06/03/23 10:20:00 AM,33594.4,30612.2,21.59,,
148,06/03/23 10:30:00 AM,33594.4,30574.6,21.60,,
149,06/03/23 10:40:00 AM,33594.4,30599.7,21.62,,
150,06/03/23 10:50:00 AM,33594.4,30627.3,21.62,,
151,06/03/23 11:00:00 AM,33594.4,30602.2,21.64,,
152,06/03/23 11:10:00 AM,33594.4,30614.7,21.63,,
153,06/03/23 11:20:00 AM,33594.4,30584.6,21.66,,
154,06/03/23 11:30:00 AM,33594.4,30569.6,21.62,,
155,06/03/23 11:40:00 AM,33594.4,30602.2,21.62,,
156,06/03/23 11:50:00 AM,33594.4,30557.1,21.55,,
157,06/03/23 12:00:00 PM,33594.4,30524.7,21.49,,
158,06/03/23 12:10:00 PM,33594.4,30492.3,21.45,,
159,06/03/23 12:20:00 PM,33594.4,30514.7,21.45,,
160,06/03/23 12:30:00 PM,33594.4,30512.2,21.50,,
161,06/03/23 12:40:00 PM,33594.4,30524.7,21.53,,
162,06/03/23 12:50:00 PM,33594.4,30509.7,21.53,,
163,06/03/23 01:00:00 PM,33594.4,30499.8,21.54,,
164,06/03/23 01:10:00 PM,33594.4,30497.3,21.54,,
165,06/03/23 01:20:00 PM,33594.4,30474.9,21.53,,
166,06/03/23 01:30:00 PM,33594.4,30487.3,21.52,,
167,06/03/23 01:40:00 PM,33594.4,30482.3,21.49,,
168,06/03/23 01:50:00 PM,33594.4,30460.0,21.43,,
169,06/03/23 02:00:00 PM,33594.4,30447.5,21.39,,
170,06/03/23 02:10:00 PM,33594.4,30437.6,21.41,,
171,06/03/23 02:20:00 PM,33594.4,30445.1,21.39,,
172,06/03/23 02:30:00 PM,33594.4,30427.7,21.38,,
173,06/03/23 02:40:00 PM,33594.4,30432.6,21.37,,
174,06/03/23 02:50:00 PM,33594.4,30405.4,21.32,,
175,06/03/23 03:00:00 PM,33594.4,30390.5,21.31,,
176,06/03/23 03:10:00 PM,33594.4,30375.7,21.29,,
177,06/03/23 03:20:00 PM,33594.4,30323.8,21.28,,
178,06/03/23 03:30:00 PM,33594.4,30331.2,21.27,,
179,06/03/23 03:40:00 PM,33594.4,30343.6,21.27,,
180,06/03/23 03:50:00 PM,33594.4,30321.4,21.24,,
181,06/03/23 04:00:00 PM,33594.4,30346.0,21.24,,
182,06/03/23 04:10:00 PM,33594.4,30351.0,21.23,,
183,06/03/23 04:20:00 PM,33594.4,30309.1,21.22,,
184,06/03/23 04:30:00 PM,33594.4,30277.1,21.18,,
185,06/03/23 04:40:00 PM,33594.4,30299.2,21.16,,
186,06/03/23 04:50:00 PM,33594.4,30223.1,20.90,,
187,06/03/23 05:00:00 PM,33594.4,30237.8,20.84,,
188,06/03/23 05:10:00 PM,33594.4,30196.2,20.80,,
189,06/03/23 05:20:00 PM,33594.4,30225.5,20.81,,
190,06/03/23 05:30:00 PM,33594.4,30267.2,20.75,,
191,06/03/23 05:40:00 PM,33594.4,30277.1,20.74,,
192,06/03/23 05:50:00 PM,33594.4,30284.5,20.73,,
193,06/03/23 06:00:00 PM,33594.4,30247.6,20.71,,
194,06/03/23 06:10:00 PM,33594.4,30250.1,20.68,,
195,06/03/23 06:20:00 PM,33594.4,30252.5,20.68,,
196,06/03/23 06:30:00 PM,33594.4,30245.2,20.68,,
197,06/03/23 06:40:00 PM,33594.4,30237.8,20.66,,
198,06/03/23 06:50:00 PM,33594.4,30215.7,20.63,,
199,06/03/23 07:00:00 PM,33594.4,30188.8,20.61,,
200,06/03/23 07:10:00 PM,33594.4,30179.0,20.59,,
201,06/03/23 07:20:00 PM,33594.4,30140.0,20.48,,
202,06/03/23 07:30:00 PM,33594.4,30154.6,20.45,,
203,06/03/23 07:40:00 PM,33594.4,30154.6,20.45,,
204,06/03/23 07:50:00 PM,33594.4,30135.1,20.47,,
205,06/03/23 08:00:00 PM,33594.4,30166.8,20.43,,
206,06/03/23 08:10:00 PM,33594.4,30188.8,20.43,,
207,06/03/23 08:20:00 PM,33594.4,30210.8,20.44,,
208,06/03/23 08:30:00 PM,33594.4,30205.9,20.36,,
209,06/03/23 08:40:00 PM,33594.4,30176.6,20.22,,
210,06/03/23 08:50:00 PM,33594.4,30191.3,20.12,,
211,06/03/23 09:00:00 PM,33594.4,30137.5,20.02,,
212,06/03/23 09:10:00 PM,33594.4,30159.5,19.97,,
213,06/03/23 09:20:00 PM,33594.4,30144.9,19.91,,
214,06/03/23 09:30:00 PM,33594.4,30132.7,19.81,,
215,06/03/23 09:40:00 PM,33594.4,30149.7,19.76,,
216,06/03/23 09:50:00 PM,33594.4,30125.4,19.69,,
217,06/03/23 10:00:00 PM,33594.4,30144.9,19.64,,
218,06/03/23 10:10:00 PM,33594.4,30137.5,19.53,,
219,06/03/23 10:20:00 PM,33594.4,30103.4,19.47,,
220,06/03/23 10:30:00 PM,33594.4,30098.6,19.45,,
221,06/03/23 10:40:00 PM,33594.4,30113.2,19.42,,
222,06/03/23 10:50:00 PM,33594.4,30091.3,19.34,,
223,06/03/23 11:00:00 PM,33594.4,30120.5,19.31,,
224,06/03/23 11:10:00 PM,33594.4,30103.4,19.29,,
225,06/03/23 11:20:00 PM,33594.4,30098.6,19.28,,
226,06/03/23 11:30:00 PM,33594.4,30079.1,19.27,,
227,06/03/23 11:40:00 PM,33594.4,30091.3,19.27,,
228,06/03/23 11:50:00 PM,33594.4,30091.3,19.27,,
229,06/04/23 12:00:00 AM,33594.4,30091.3,19.27,,
230,06/04/23 12:10:00 AM,33594.4,30062.1,19.29,,
231,06/04/23 12:20:00 AM,33594.4,30088.9,19.31,,
232,06/04/23 12:30:00 AM,33594.4,30103.4,19.33,,
233,06/04/23 12:40:00 AM,33594.4,30088.9,19.33,,
234,06/04/23 12:50:00 AM,33594.4,30059.7,19.33,,
235,06/04/23 01:00:00 AM,33594.4,30088.9,19.34,,
236,06/04/23 01:10:00 AM,33594.4,30115.6,19.37,,
237,06/04/23 01:20:00 AM,33594.4,30071.8,19.37,,
238,06/04/23 01:30:00 AM,33594.4,30079.1,19.34,,
239,06/04/23 01:40:00 AM,33594.4,30079.1,19.35,,
240,06/04/23 01:50:00 AM,33594.4,30064.6,19.37,,
241,06/04/23 02:00:00 AM,33594.4,30064.6,19.38,,
242,06/04/23 02:10:00 AM,33594.4,30071.8,19.37,,
243,06/04/23 02:20:00 AM,33594.4,30071.8,19.38,,
244,06/04/23 02:30:00 AM,33594.4,30071.8,19.39,,
245,06/04/23 02:40:00 AM,33594.4,30069.4,19.40,,
246,06/04/23 02:50:00 AM,33594.4,30076.7,19.43,,
247,06/04/23 03:00:00 AM,33594.4,29999.2,19.45,,
248,06/04/23 03:10:00 AM,33594.4,30047.6,19.48,,
249,06/04/23 03:20:00 AM,33594.4,30052.4,19.50,,
250,06/04/23 03:30:00 AM,33594.4,30040.3,19.49,,
251,06/04/23 03:40:00 AM,33594.4,30023.4,19.48,,
252,06/04/23 03:50:00 AM,33594.4,30018.5,19.45,,
253,06/04/23 04:00:00 AM,33594.4,29979.8,19.45,,
254,06/04/23 04:10:00 AM,33594.4,30001.6,19.44,,
255,06/04/23 04:20:00 AM,33594.4,30023.4,19.43,,
256,06/04/23 04:30:00 AM,33594.4,30023.4,19.39,,
257,06/04/23 04:40:00 AM,33594.4,30040.3,19.39,,
258,06/04/23 04:50:00 AM,33594.4,30033.0,19.38,,
259,06/04/23 05:00:00 AM,33594.4,30018.5,19.37,,
260,06/04/23 05:10:00 AM,33594.4,30004.0,19.37,,
261,06/04/23 05:20:00 AM,33594.4,29996.7,19.32,,
262,06/04/23 05:30:00 AM,33594.4,29999.2,19.31,,
263,06/04/23 05:40:00 AM,33594.4,29984.7,19.29,,
264,06/04/23 05:50:00 AM,33594.4,29967.8,19.28,,
265,06/04/23 06:00:00 AM,33594.4,29965.3,19.26,,
266,06/04/23 06:10:00 AM,33594.4,29984.7,19.26,,
267,06/04/23 06:20:00 AM,33594.4,29970.2,19.27,,
268,06/04/23 06:30:00 AM,33594.4,29962.9,19.27,,
269,06/04/23 06:40:00 AM,16455.0,17437.7,19.28,,
270,06/04/23 06:50:00 AM,14022.2,15095.6,19.29,,
271,06/04/23 07:00:00 AM,13396.9,14440.5,19.32,,
272,06/04/23 07:10:00 AM,33594.4,30011.2,19.31,,
273,06/04/23 07:20:00 AM,33594.4,30008.8,19.31,,
274,06/04/23 07:30:00 AM,33594.4,30011.2,19.31,,
275,06/04/23 07:40:00 AM,33594.4,29996.7,19.32,,
276,06/04/23 07:50:00 AM,33594.4,30025.8,19.31,,
277,06/04/23 08:00:00 AM,33594.4,30004.0,19.31,,
278,06/04/23 08:10:00 AM,33594.4,30020.9,19.31,,
279,06/04/23 08:20:00 AM,33594.4,30013.7,19.32,,
280,06/04/23 08:30:00 AM,33594.4,30035.5,19.33,,
281,06/04/23 08:40:00 AM,33594.4,30025.8,19.33,,
282,06/04/23 08:50:00 AM,33594.4,30013.7,19.32,,
283,06/04/23 09:00:00 AM,33594.4,30004.0,19.33,,
284,06/04/23 09:10:00 AM,33594.4,30013.7,19.32,,
285,06/04/23 09:20:00 AM,33594.4,29989.5,19.31,,
286,06/04/23 09:30:00 AM,33594.4,29984.7,19.28,,
287,06/04/23 09:40:00 AM,33594.4,29991.9,19.31,,
288,06/04/23 09:50:00 AM,33594.4,30016.1,19.29,,
289,06/04/23 10:00:00 AM,33594.4,30008.8,19.29,,
290,06/04/23 10:10:00 AM,33594.4,30006.4,19.29,,
291,06/04/23 10:20:00 AM,33594.4,30008.8,19.28,,
292,06/04/23 10:30:00 AM,33594.4,30004.0,19.26,,
293,06/04/23 10:40:00 AM,33594.4,29996.7,19.24,,
294,06/04/23 10:50:00 AM,33594.4,29994.3,19.21,,
295,06/04/23 11:00:00 AM,33594.4,29847.5,18.81,,
296,06/04/23 11:10:00 AM,33594.4,29826.0,18.66,,
297,06/04/23 11:20:00 AM,33594.4,29821.2,18.55,,
298,06/04/23 11:30:00 AM,33594.4,29823.6,18.51,,
299,06/04/23 11:40:00 AM,33594.4,29814.0,18.44,,
300,06/04/23 11:50:00 AM,33594.4,29809.2,18.47,,
301,06/04/23 12:00:00 PM,33594.4,29802.1,18.48,,
302,06/04/23 12:10:00 PM,33594.4,29816.4,18.48,,
303,06/04/23 12:20:00 PM,33594.4,29809.2,18.51,,
304,06/04/23 12:30:00 PM,33594.4,29830.8,18.54,,
305,06/04/23 12:40:00 PM,33594.4,29837.9,18.49,,
306,06/04/23 12:50:00 PM,33594.4,29845.1,18.55,,
307,06/04/23 01:00:00 PM,33594.4,29842.7,18.68,,
308,06/04/23 01:10:00 PM,33594.4,29845.1,18.68,,
309,06/04/23 01:20:00 PM,33594.4,29861.9,18.72,,
310,06/04/23 01:30:00 PM,33594.4,29861.9,18.79,,
311,06/04/23 01:40:00 PM,33594.4,29840.3,18.75,,
312,06/04/23 01:50:00 PM,33594.4,29866.7,18.81,,
313,06/04/23 02:00:00 PM,33594.4,29881.1,18.87,,
314,06/04/23 02:10:00 PM,33594.4,29871.5,18.93,,
315,06/04/23 02:20:00 PM,33594.4,29830.8,18.86,,
316,06/04/23 02:30:00 PM,33594.4,29885.9,18.97,,
317,06/04/23 02:40:00 PM,33594.4,29871.5,19.03,,
318,06/04/23 02:50:00 PM,33594.4,29828.4,19.01,,
319,06/04/23 03:00:00 PM,33594.4,29840.3,19.06,,
320,06/04/23 03:10:00 PM,33594.4,29873.9,19.13,,
321,06/04/23 03:20:00 PM,33594.4,29922.0,19.13,,
322,06/04/23 03:30:00 PM,33594.4,29895.5,19.16,,
323,06/04/23 03:40:00 PM,33594.4,29876.3,19.13,,
324,06/04/23 03:50:00 PM,33594.4,29840.3,19.11,,
325,06/04/23 04:00:00 PM,33594.4,29881.1,19.13,,
326,06/04/23 04:10:00 PM,33594.4,29924.4,19.16,,
327,06/04/23 04:20:00 PM,33594.4,29943.6,19.33,,
328,06/04/23 04:30:00 PM,33594.4,29943.6,19.29,,
329,06/04/23 04:40:00 PM,33594.4,29895.5,19.19,,
330,06/04/23 04:50:00 PM,33594.4,29866.7,19.18,,
331,06/04/23 05:00:00 PM,33594.4,29859.5,19.24,,
332,06/04/23 05:10:00 PM,33594.4,29878.7,19.24,,
333,06/04/23 05:20:00 PM,33594.4,29878.7,19.24,,
334,06/04/23 05:30:00 PM,33594.4,29900.3,19.24,,
335,06/04/23 05:40:00 PM,33594.4,29859.5,19.21,,
336,06/04/23 05:50:00 PM,33594.4,29845.1,19.19,,
337,06/04/23 06:00:00 PM,33594.4,29804.4,19.16,,
338,06/04/23 06:10:00 PM,33594.4,29806.8,19.13,,
339,06/04/23 06:20:00 PM,33594.4,29888.3,19.21,,
340,06/04/23 06:30:00 PM,33594.4,29873.9,19.23,,
341,06/04/23 06:40:00 PM,33594.4,29866.7,19.19,,
342,06/04/23 06:50:00 PM,33594.4,29782.9,19.06,,
343,06/04/23 07:00:00 PM,33594.4,29747.2,18.89,,
344,06/04/23 07:10:00 PM,33594.4,29675.9,18.69,,
345,06/04/23 07:20:00 PM,33594.4,29718.6,18.69,,
346,06/04/23 07:30:00 PM,33594.4,29723.4,18.71,,
347,06/04/23 07:40:00 PM,33594.4,29773.4,18.72,,
348,06/04/23 07:50:00 PM,33594.4,29780.6,18.72,,
349,06/04/23 08:00:00 PM,33594.4,29771.0,18.75,,
350,06/04/23 08:10:00 PM,33594.4,29828.4,18.79,,
351,06/04/23 08:20:00 PM,33594.4,29821.2,18.79,,
352,06/04/23 08:30:00 PM,33594.4,29814.0,18.75,,
353,06/04/23 08:40:00 PM,33594.4,29818.8,18.48,,
354,06/04/23 08:50:00 PM,33594.4,29826.0,18.44,,
355,06/04/23 09:00:00 PM,33594.4,29811.6,18.38,,
356,06/04/23 09:10:00 PM,33594.4,29804.4,18.35,,
357,06/04/23 09:20:00 PM,33594.4,29814.0,18.30,,
358,06/04/23 09:30:00 PM,33594.4,29806.8,18.28,,
359,06/04/23 09:40:00 PM,33594.4,29809.2,18.26,,
360,06/04/23 09:50:00 PM,33594.4,29816.4,18.24,,
361,06/04/23 10:00:00 PM,33594.4,29802.1,18.22,,
362,06/04/23 10:10:00 PM,33594.4,29802.1,18.19,,
363,06/04/23 10:20:00 PM,33594.4,29775.8,18.16,,
364,06/04/23 10:30:00 PM,33594.4,29778.2,18.00,,
365,06/04/23 10:40:00 PM,33594.4,29771.0,17.92,,
366,06/04/23 10:50:00 PM,33594.4,29766.3,17.90,,
367,06/04/23 11:00:00 PM,33594.4,29782.9,17.88,,
368,06/04/23 11:10:00 PM,33594.4,29771.0,17.90,,
369,06/04/23 11:20:00 PM,33594.4,29787.7,17.88,,
370,06/04/23 11:30:00 PM,33594.4,29763.9,17.88,,
371,06/04/23 11:40:00 PM,33594.4,29766.3,17.88,,
372,06/04/23 11:50:00 PM,33594.4,29773.4,17.88,,
373,06/05/23 12:00:00 AM,33594.4,29771.0,17.90,,
374,06/05/23 12:10:00 AM,33594.4,29773.4,17.90,,
375,06/05/23 12:20:00 AM,33594.4,29749.6,17.92,,
376,06/05/23 12:30:00 AM,33594.4,29756.7,17.93,,
377,06/05/23 12:40:00 AM,33594.4,29763.9,17.93,,
378,06/05/23 12:50:00 AM,33594.4,29749.6,17.95,,
379,06/05/23 01:00:00 AM,33594.4,29756.7,17.95,,
380,06/05/23 01:10:00 AM,33594.4,29756.7,17.97,,
381,06/05/23 01:20:00 AM,33594.4,29768.6,17.97,,
382,06/05/23 01:30:00 AM,33594.4,29771.0,17.97,,
383,06/05/23 01:40:00 AM,33594.4,29740.0,17.97,,
384,06/05/23 01:50:00 AM,33594.4,29718.6,18.02,,
385,06/05/23 02:00:00 AM,33594.4,29740.0,18.03,,
386,06/05/23 02:10:00 AM,33594.4,29732.9,18.01,,
387,06/05/23 02:20:00 AM,33594.4,29735.3,18.02,,
388,06/05/23 02:30:00 AM,33594.4,29732.9,18.02,,
389,06/05/23 02:40:00 AM,33594.4,29732.9,18.02,,
390,06/05/23 02:50:00 AM,33594.4,29697.2,18.01,,
391,06/05/23 03:00:00 AM,33594.4,29697.2,18.01,,
392,06/05/23 03:10:00 AM,33594.4,29711.5,18.01,,
393,06/05/23 03:20:00 AM,33594.4,29668.8,18.01,,
394,06/05/23 03:30:00 AM,33594.4,29668.8,18.02,,
395,06/05/23 03:40:00 AM,33594.4,29690.1,18.06,,
396,06/05/23 03:50:00 AM,33594.4,29694.9,18.11,,
397,06/05/23 04:00:00 AM,33594.4,29702.0,18.16,,
398,06/05/23 04:10:00 AM,33594.4,29706.7,18.16,,
399,06/05/23 04:20:00 AM,33594.4,29692.5,18.17,,
400,06/05/23 04:30:00 AM,33594.4,29711.5,18.21,,
401,06/05/23 04:40:00 AM,33594.4,29718.6,18.26,,
402,06/05/23 04:50:00 AM,33594.4,29671.1,18.18,,
403,06/05/23 05:00:00 AM,33594.4,29647.5,18.05,,
404,06/05/23 05:10:00 AM,33594.4,29621.4,18.01,,
405,06/05/23 05:20:00 AM,33594.4,29642.7,18.01,,
406,06/05/23 05:30:00 AM,33594.4,29623.8,17.98,,
407,06/05/23 05:40:00 AM,33594.4,29597.8,17.97,,
408,06/05/23 05:50:00 AM,33594.4,29614.3,17.98,,
409,06/05/23 06:00:00 AM,33594.4,29600.2,17.96,,
410,06/05/23 06:10:00 AM,33594.4,29614.3,17.93,,
411,06/05/23 06:20:00 AM,33594.4,29626.2,17.93,,
412,06/05/23 06:30:00 AM,33594.4,29623.8,17.93,,
413,06/05/23 06:40:00 AM,33594.4,29614.3,17.92,,
414,06/05/23 06:50:00 AM,33594.4,29616.7,17.93,,
415,06/05/23 07:00:00 AM,33594.4,29609.6,17.91,,
416,06/05/23 07:10:00 AM,33594.4,29609.6,17.91,,
417,06/05/23 07:20:00 AM,33594.4,29623.8,17.91,,
418,06/05/23 07:30:00 AM,33594.4,29616.7,17.91,,
419,06/05/23 07:40:00 AM,33594.4,29583.7,17.90,,
420,06/05/23 07:50:00 AM,33594.4,29595.5,17.90,,
421,06/05/23 08:00:00 AM,33594.4,29515.4,17.90,,
422,06/05/23 08:10:00 AM,33594.4,29616.7,17.91,,
423,06/05/23 08:20:00 AM,33594.4,29609.6,17.91,,
424,06/05/23 08:30:00 AM,33594.4,29602.5,17.92,,
425,06/05/23 08:40:00 AM,33594.4,29602.5,17.92,,
426,06/05/23 08:50:00 AM,33594.4,29590.7,17.82,,
427,06/05/23 09:00:00 AM,33594.4,29600.2,17.84,,
428,06/05/23 09:10:00 AM,33594.4,29578.9,17.76,,
429,06/05/23 09:20:00 AM,33594.4,29567.2,17.75,,
430,06/05/23 09:30:00 AM,33594.4,29574.2,17.71,,
431,06/05/23 09:40:00 AM,33594.4,29553.0,17.72,,
432,06/05/23 09:50:00 AM,33594.4,29567.2,17.74,,
433,06/05/23 10:00:00 AM,33594.4,29602.5,17.75,,
434,06/05/23 10:10:00 AM,33594.4,29581.3,17.76,,
435,06/05/23 10:20:00 AM,33594.4,29586.0,17.75,,
436,06/05/23 10:30:00 AM,33594.4,29602.5,17.75,,
437,06/05/23 10:40:00 AM,33594.4,29602.5,17.72,,
438,06/05/23 10:50:00 AM,33594.4,29520.1,17.37,,
439,06/05/23 11:00:00 AM,33594.4,29501.3,17.35,,
440,06/05/23 11:10:00 AM,33594.4,29522.5,17.35,,
441,06/05/23 11:20:00 AM,33594.4,29510.7,17.30,,
442,06/05/23 11:30:00 AM,33594.4,29513.1,17.28,,
443,06/05/23 11:40:00 AM,33594.4,29517.8,17.27,,
444,06/05/23 11:50:00 AM,33594.4,29543.6,17.25,,
445,06/05/23 12:00:00 PM,33594.4,29506.0,17.23,,
446,06/05/23 12:10:00 PM,33594.4,29510.7,17.18,,
447,06/05/23 12:20:00 PM,33594.4,29510.7,17.21,,
448,06/05/23 12:30:00 PM,33594.4,29506.0,17.22,,
449,06/05/23 12:40:00 PM,33594.4,29517.8,17.23,,
450,06/05/23 12:50:00 PM,33594.4,29506.0,17.24,,
451,06/05/23 01:00:00 PM,33594.4,29470.8,17.25,,
452,06/05/23 01:10:00 PM,33594.4,29531.9,17.25,,
453,06/05/23 01:20:00 PM,33594.4,29517.8,17.28,,
454,06/05/23 01:30:00 PM,33594.4,29536.6,17.30,,
455,06/05/23 01:40:00 PM,33594.4,29529.5,17.35,,
456,06/05/23 01:50:00 PM,33594.4,29513.1,17.34,,
457,06/05/23 02:00:00 PM,33594.4,29548.3,17.35,,
458,06/05/23 02:10:00 PM,33594.4,29522.5,17.35,,
459,06/05/23 02:20:00 PM,33594.4,29522.5,17.39,,
460,06/05/23 02:30:00 PM,33594.4,29494.3,17.37,,
461,06/05/23 02:40:00 PM,33594.4,29522.5,17.38,,
462,06/05/23 02:50:00 PM,33594.4,29508.4,17.40,,
463,06/05/23 03:00:00 PM,33594.4,29506.0,17.54,,
464,06/05/23 03:10:00 PM,33594.4,29520.1,17.58,,
465,06/05/23 03:20:00 PM,33594.4,29550.7,17.70,,
466,06/05/23 03:30:00 PM,33594.4,29569.5,17.79,,
467,06/05/23 03:40:00 PM,33594.4,29609.6,17.85,,
468,06/05/23 03:50:00 PM,33594.4,29609.6,17.87,,
469,06/05/23 04:00:00 PM,33594.4,29616.7,17.85,,
470,06/05/23 04:10:00 PM,33594.4,29604.9,17.85,,
471,06/05/23 04:20:00 PM,33594.4,29588.4,17.82,,
472,06/05/23 04:30:00 PM,33594.4,29555.4,17.77,,
473,06/05/23 04:40:00 PM,33594.4,29555.4,17.75,,
474,06/05/23 04:50:00 PM,33594.4,29569.5,17.72,,
475,06/05/23 05:00:00 PM,33594.4,29574.2,17.74,,
476,06/05/23 05:10:00 PM,33594.4,29557.7,17.69,,
477,06/05/23 05:20:00 PM,33594.4,29569.5,17.72,,
478,06/05/23 05:30:00 PM,33594.4,29569.5,17.72,,
479,06/05/23 05:40:00 PM,33594.4,29576.6,17.74,,
480,06/05/23 05:50:00 PM,33594.4,29602.5,17.76,,
481,06/05/23 06:00:00 PM,33594.4,29588.4,17.77,,
482,06/05/23 06:10:00 PM,33594.4,29588.4,17.76,,
483,06/05/23 06:20:00 PM,33594.4,29555.4,17.75,,
484,06/05/23 06:30:00 PM,33594.4,29562.4,17.75,,
485,06/05/23 06:40:00 PM,33594.4,29560.1,17.75,,
486,06/05/23 06:50:00 PM,33594.4,29567.2,17.76,,
487,06/05/23 07:00:00 PM,33594.4,29555.4,17.76,,
488,06/05/23 07:10:00 PM,33594.4,29555.4,17.80,,
489,06/05/23 07:20:00 PM,33594.4,29562.4,17.79,,
490,06/05/23 07:30:00 PM,33594.4,29560.1,17.79,,
491,06/05/23 07:40:00 PM,33594.4,29567.2,17.77,,
492,06/05/23 07:50:00 PM,33594.4,29560.1,17.77,,
493,06/05/23 08:00:00 PM,33594.4,29571.9,17.77,,
494,06/05/23 08:10:00 PM,33594.4,29588.4,17.80,,
495,06/05/23 08:20:00 PM,33594.4,29574.2,17.80,,
496,06/05/23 08:30:00 PM,33594.4,29567.2,17.79,,
497,06/05/23 08:40:00 PM,33594.4,29562.4,17.65,,
498,06/05/23 08:50:00 PM,33594.4,29555.4,17.60,,
499,06/05/23 09:00:00 PM,33594.4,29543.6,17.59,,
500,06/05/23 09:10:00 PM,33594.4,29588.4,17.61,,
501,06/05/23 09:20:00 PM,33594.4,29586.0,17.63,,
502,06/05/23 09:30:00 PM,33594.4,29597.8,17.63,,
503,06/05/23 09:40:00 PM,33594.4,29595.5,17.66,,
504,06/05/23 09:50:00 PM,33594.4,29588.4,17.65,,
505,06/05/23 10:00:00 PM,33594.4,29604.9,17.65,,
506,06/05/23 10:10:00 PM,33594.4,29588.4,17.64,,
507,06/05/23 10:20:00 PM,33594.4,29623.8,17.64,,
508,06/05/23 10:30:00 PM,33594.4,29588.4,17.64,,
509,06/05/23 10:40:00 PM,33594.4,29574.2,17.64,,
510,06/05/23 10:50:00 PM,33594.4,29616.7,17.70,,
511,06/05/23 11:00:00 PM,33594.4,29616.7,17.70,,
512,06/05/23 11:10:00 PM,33594.4,29616.7,17.70,,
513,06/05/23 11:20:00 PM,33594.4,29699.6,17.71,,
514,06/05/23 11:30:00 PM,33594.4,29664.0,17.72,,
515,06/05/23 11:40:00 PM,33594.4,29664.0,17.72,,
516,06/05/23 11:50:00 PM,33594.4,29692.5,17.71,,
517,06/06/23 12:00:00 AM,33594.4,29692.5,17.71,,
518,06/06/23 12:10:00 AM,33594.4,29687.8,17.70,,
519,06/06/23 12:20:00 AM,33594.4,29692.5,17.70,,
520,06/06/23 12:30:00 AM,33594.4,29675.9,17.70,,
521,06/06/23 12:40:00 AM,33594.4,29678.3,17.69,,
522,06/06/23 12:50:00 AM,33594.4,29692.5,17.69,,
523,06/06/23 01:00:00 AM,33594.4,29687.8,17.67,,
524,06/06/23 01:10:00 AM,33594.4,29671.1,17.67,,
525,06/06/23 01:20:00 AM,33594.4,29699.6,17.66,,
526,06/06/23 01:30:00 AM,33594.4,29671.1,17.66,,
527,06/06/23 01:40:00 AM,33594.4,29692.5,17.66,,
528,06/06/23 01:50:00 AM,33594.4,29687.8,17.65,,
529,06/06/23 02:00:00 AM,33594.4,29683.0,17.65,,
530,06/06/23 02:10:00 AM,33594.4,29685.4,17.66,,
531,06/06/23 02:20:00 AM,33594.4,29683.0,17.66,,
532,06/06/23 02:30:00 AM,33594.4,29661.7,17.65,,
533,06/06/23 02:40:00 AM,33594.4,29678.3,17.67,,
534,06/06/23 02:50:00 AM,33594.4,29668.8,17.67,,
535,06/06/23 03:00:00 AM,33594.4,29647.5,17.66,,
536,06/06/23 03:10:00 AM,33594.4,29683.0,17.66,,
537,06/06/23 03:20:00 AM,33594.4,29668.8,17.65,,
538,06/06/23 03:30:00 AM,33594.4,29659.3,17.66,,
539,06/06/23 03:40:00 AM,33594.4,29683.0,17.66,,
540,06/06/23 03:50:00 AM,33594.4,29671.1,17.66,,
541,06/06/23 04:00:00 AM,33594.4,29678.3,17.67,,
542,06/06/23 04:10:00 AM,33594.4,29675.9,17.66,,
543,06/06/23 04:20:00 AM,33594.4,29678.3,17.66,,
544,06/06/23 04:30:00 AM,33594.4,29675.9,17.65,,
545,06/06/23 04:40:00 AM,33594.4,29647.5,17.64,,
546,06/06/23 04:50:00 AM,33594.4,29635.6,17.65,,
547,06/06/23 05:00:00 AM,33594.4,29647.5,17.65,,
548,06/06/23 05:10:00 AM,33594.4,29628.5,17.64,,
549,06/06/23 05:20:00 AM,33594.4,29664.0,17.65,,
550,06/06/23 05:30:00 AM,33594.4,29664.0,17.65,,
551,06/06/23 05:40:00 AM,33594.4,29628.5,17.65,,
552,06/06/23 05:50:00 AM,33594.4,29645.1,17.65,,
553,06/06/23 06:00:00 AM,33594.4,29640.4,17.64,,
554,06/06/23 06:10:00 AM,33594.4,29628.5,17.64,,
555,06/06/23 06:20:00 AM,33594.4,29642.7,17.61,,
556,06/06/23 06:30:00 AM,33594.4,29635.6,17.63,,
557,06/06/23 06:40:00 AM,33594.4,29623.8,17.61,,
558,06/06/23 06:50:00 AM,33594.4,29659.3,17.61,,
559,06/06/23 07:00:00 AM,33594.4,29635.6,17.63,,
560,06/06/23 07:10:00 AM,33594.4,29666.4,17.63,,
561,06/06/23 07:20:00 AM,33594.4,29664.0,17.63,,
562,06/06/23 07:30:00 AM,33594.4,29640.4,17.61,,
563,06/06/23 07:40:00 AM,33594.4,29666.4,17.63,,
564,06/06/23 07:50:00 AM,33594.4,29652.2,17.63,,
565,06/06/23 08:00:00 AM,33594.4,29659.3,17.63,,
566,06/06/23 08:10:00 AM,33594.4,29652.2,17.64,,
567,06/06/23 08:20:00 AM,33594.4,29692.5,17.65,,
568,06/06/23 08:30:00 AM,33594.4,29666.4,17.65,,
569,06/06/23 08:40:00 AM,33594.4,29638.0,17.65,,
570,06/06/23 08:50:00 AM,33594.4,29652.2,17.66,,
571,06/06/23 09:00:00 AM,33594.4,29616.7,17.67,,
572,06/06/23 09:10:00 AM,33594.4,29652.2,17.67,,
573,06/06/23 09:20:00 AM,33594.4,29628.5,17.67,,
574,06/06/23 09:30:00 AM,33594.4,29649.8,17.67,,
575,06/06/23 09:40:00 AM,33594.4,29671.1,17.70,,
576,06/06/23 09:50:00 AM,33594.4,29645.1,17.69,,
577,06/06/23 10:00:00 AM,33594.4,29630.9,17.69,,
578,06/06/23 10:10:00 AM,33594.4,29652.2,17.70,,
579,06/06/23 10:20:00 AM,33594.4,29666.4,17.72,,
580,06/06/23 10:30:00 AM,33594.4,29664.0,17.72,,
581,06/06/23 10:40:00 AM,33594.4,29685.4,17.74,,
582,06/06/23 10:50:00 AM,33594.4,29678.3,17.71,,
583,06/06/23 11:00:00 AM,33594.4,29666.4,17.70,,
584,06/06/23 11:10:00 AM,33594.4,29680.6,17.70,,
585,06/06/23 11:20:00 AM,33594.4,29687.8,17.71,,
586,06/06/23 11:30:00 AM,33594.4,29702.0,17.71,,
587,06/06/23 11:40:00 AM,33594.4,29694.9,17.71,,
588,06/06/23 11:50:00 AM,33594.4,29702.0,17.70,,
589,06/06/23 12:00:00 PM,33594.4,29716.3,17.70,,
590,06/06/23 12:10:00 PM,33594.4,29709.1,17.70,,
591,06/06/23 12:20:00 PM,33594.4,29735.3,17.72,,
592,06/06/23 12:30:00 PM,33594.4,29735.3,17.74,,
593,06/06/23 12:40:00 PM,33594.4,29735.3,17.75,,
594,06/06/23 12:50:00 PM,33594.4,29742.4,17.75,,
595,06/06/23 01:00:00 PM,33594.4,29735.3,17.75,,
596,06/06/23 01:10:00 PM,33594.4,29749.6,17.75,,
597,06/06/23 01:20:00 PM,33594.4,29761.5,17.76,,
598,06/06/23 01:30:00 PM,33594.4,29771.0,17.75,,
599,06/06/23 01:40:00 PM,33594.4,29749.6,17.76,,
600,06/06/23 01:50:00 PM,33594.4,29737.7,17.74,,
601,06/06/23 02:00:00 PM,33594.4,29749.6,17.76,,
602,06/06/23 02:10:00 PM,33594.4,29675.9,17.76,,
603,06/06/23 02:20:00 PM,33594.4,29749.6,17.77,,
604,06/06/23 02:30:00 PM,33594.4,29763.9,17.76,,
605,06/06/23 02:40:00 PM,33594.4,29671.1,17.76,,
606,06/06/23 02:50:00 PM,33594.4,29742.4,17.76,,
607,06/06/23 03:00:00 PM,33594.4,29771.0,17.80,,
608,06/06/23 03:10:00 PM,33594.4,29778.2,17.81,,
609,06/06/23 03:20:00 PM,33594.4,29785.3,17.80,,
610,06/06/23 03:30:00 PM,33594.4,29785.3,17.79,,
611,06/06/23 03:40:00 PM,33594.4,29763.9,17.81,,
612,06/06/23 03:50:00 PM,33594.4,29782.9,17.82,,
613,06/06/23 04:00:00 PM,33594.4,29771.0,17.79,,
614,06/06/23 04:10:00 PM,33594.4,29756.7,17.79,,
615,06/06/23 04:20:00 PM,33594.4,29763.9,17.80,,
616,06/06/23 04:30:00 PM,33594.4,29790.1,17.93,,
617,06/06/23 04:40:00 PM,33594.4,29723.4,17.88,,
618,06/06/23 04:50:00 PM,33594.4,29754.3,17.96,,
619,06/06/23 05:00:00 PM,33594.4,29593.1,17.85,,
620,06/06/23 05:10:00 PM,33594.4,29664.0,17.97,,
621,06/06/23 05:20:00 PM,33594.4,29699.6,18.06,,
622,06/06/23 05:30:00 PM,33594.4,29574.2,17.85,,
623,06/06/23 05:40:00 PM,33594.4,29508.4,17.85,,
624,06/06/23 05:50:00 PM,33594.4,29569.5,17.98,,
625,06/06/23 06:00:00 PM,33594.4,29560.1,18.27,,
626,06/06/23 06:10:00 PM,33594.4,29678.3,18.11,,
627,06/06/23 06:20:00 PM,33594.4,29583.7,18.13,,
628,06/06/23 06:30:00 PM,33594.4,29576.6,18.22,,
629,06/06/23 06:40:00 PM,33594.4,29680.6,18.26,,
630,06/06/23 06:50:00 PM,33594.4,29683.0,18.30,,
631,06/06/23 07:00:00 PM,33594.4,29642.7,18.43,,
632,06/06/23 07:10:00 PM,33594.4,29697.2,18.58,,
633,06/06/23 07:20:00 PM,33594.4,29706.7,18.11,,
634,06/06/23 07:30:00 PM,33594.4,29699.6,18.05,,
635,06/06/23 07:40:00 PM,33594.4,29664.0,17.95,,
636,06/06/23 07:50:00 PM,33594.4,29683.0,18.01,,
637,06/06/23 08:00:00 PM,33594.4,29683.0,18.03,,
638,06/06/23 08:10:00 PM,33594.4,29664.0,17.87,,
639,06/06/23 08:20:00 PM,33594.4,29666.4,17.81,,
640,06/06/23 08:30:00 PM,33594.4,29666.4,17.79,,
641,06/06/23 08:40:00 PM,33594.4,29652.2,17.79,,
642,06/06/23 08:50:00 PM,33594.4,29659.3,17.79,,
643,06/06/23 09:00:00 PM,33594.4,29675.9,17.79,,
644,06/06/23 09:10:00 PM,33594.4,29678.3,17.79,,
645,06/06/23 09:20:00 PM,33594.4,29666.4,17.80,,
646,06/06/23 09:30:00 PM,33594.4,29702.0,17.82,,
647,06/06/23 09:40:00 PM,33594.4,29721.0,17.86,,
648,06/06/23 09:50:00 PM,33594.4,29709.1,17.84,,
649,06/06/23 10:00:00 PM,33594.4,29713.9,17.86,,
650,06/06/23 10:10:00 PM,33594.4,29725.8,17.91,,
651,06/06/23 10:20:00 PM,33594.4,29742.4,17.92,,
652,06/06/23 10:30:00 PM,33594.4,29754.3,17.93,,
653,06/06/23 10:40:00 PM,33594.4,29740.0,17.93,,
654,06/06/23 10:50:00 PM,33594.4,29747.2,17.93,,
655,06/06/23 11:00:00 PM,33594.4,29754.3,17.96,,
656,06/06/23 11:10:00 PM,33594.4,29775.8,17.97,,
657,06/06/23 11:20:00 PM,33594.4,29730.5,18.00,,
658,06/06/23 11:30:00 PM,33594.4,29754.3,18.01,,
659,06/06/23 11:40:00 PM,33594.4,29747.2,18.02,,
660,06/06/23 11:50:00 PM,33594.4,29759.1,18.01,,
661,06/07/23 12:00:00 AM,33594.4,29773.4,18.01,,
662,06/07/23 12:10:00 AM,33594.4,29787.7,18.05,,
663,06/07/23 12:20:00 AM,33594.4,29794.9,18.07,,
664,06/07/23 12:30:00 AM,33594.4,29792.5,18.09,,
665,06/07/23 12:40:00 AM,33594.4,29782.9,18.11,,
666,06/07/23 12:50:00 AM,33594.4,29828.4,18.12,,
667,06/07/23 01:00:00 AM,33594.4,29806.8,18.14,,
668,06/07/23 01:10:00 AM,33594.4,29814.0,18.14,,
669,06/07/23 01:20:00 AM,33594.4,29833.1,18.17,,
670,06/07/23 01:30:00 AM,33594.4,29835.5,18.18,,
671,06/07/23 01:40:00 AM,33594.4,29818.8,18.17,,
672,06/07/23 01:50:00 AM,33594.4,29811.6,18.14,,
673,06/07/23 02:00:00 AM,33594.4,29835.5,18.13,,
674,06/07/23 02:10:00 AM,33594.4,29804.4,18.14,,
675,06/07/23 02:20:00 AM,33594.4,29806.8,18.14,,
676,06/07/23 02:30:00 AM,33594.4,29811.6,18.16,,
677,06/07/23 02:40:00 AM,33594.4,29797.3,18.16,,
678,06/07/23 02:50:00 AM,33594.4,29794.9,18.17,,
679,06/07/23 03:00:00 AM,33594.4,29816.4,18.19,,
680,06/07/23 03:10:00 AM,33594.4,29845.1,18.22,,
681,06/07/23 03:20:00 AM,33594.4,29852.3,18.24,,
682,06/07/23 03:30:00 AM,33594.4,29859.5,18.24,,
683,06/07/23 03:40:00 AM,33594.4,29859.5,18.24,,
684,06/07/23 03:50:00 AM,33594.4,29895.5,18.23,,
685,06/07/23 04:00:00 AM,33594.4,29871.5,18.23,,
686,06/07/23 04:10:00 AM,33594.4,29866.7,18.23,,
687,06/07/23 04:20:00 AM,33594.4,29866.7,18.23,,
688,06/07/23 04:30:00 AM,33594.4,29866.7,18.22,,
689,06/07/23 04:40:00 AM,33594.4,29902.7,18.23,,
690,06/07/23 04:50:00 AM,33594.4,29895.5,18.24,,
691,06/07/23 05:00:00 AM,33594.4,29873.9,18.26,,
692,06/07/23 05:10:00 AM,33594.4,29888.3,18.24,,
693,06/07/23 05:20:00 AM,33594.4,29881.1,18.24,,
694,06/07/23 05:30:00 AM,33594.4,29881.1,18.24,,
695,06/07/23 05:40:00 AM,33594.4,29881.1,18.24,,
696,06/07/23 05:50:00 AM,33594.4,29830.8,18.22,,
697,06/07/23 06:00:00 AM,33594.4,29802.1,18.19,,
698,06/07/23 06:10:00 AM,33594.4,29782.9,18.17,,
699,06/07/23 06:20:00 AM,33594.4,29775.8,18.17,,
700,06/07/23 06:30:00 AM,33594.4,29754.3,18.18,,
701,06/07/23 06:40:00 AM,33594.4,29728.1,18.17,,
702,06/07/23 06:50:00 AM,33594.4,29763.9,18.18,,
703,06/07/23 07:00:00 AM,33594.4,29756.7,18.18,,
704,06/07/23 07:10:00 AM,33594.4,29721.0,18.18,,
705,06/07/23 07:20:00 AM,33594.4,29749.6,18.19,,
706,06/07/23 07:30:00 AM,33594.4,29747.2,18.19,,
707,06/07/23 07:40:00 AM,33594.4,29692.5,18.19,,
708,06/07/23 07:50:00 AM,33594.4,29740.0,18.19,,
709,06/07/23 08:00:00 AM,33594.4,29721.0,18.19,,
710,06/07/23 08:10:00 AM,33594.4,29678.3,18.13,,
711,06/07/23 08:20:00 AM,33594.4,29668.8,18.07,,
712,06/07/23 08:30:00 AM,33594.4,29668.8,18.06,,
713,06/07/23 08:40:00 AM,33594.4,29702.0,18.12,,
714,06/07/23 08:50:00 AM,33594.4,29716.3,18.13,,
715,06/07/23 09:00:00 AM,33594.4,29692.5,18.16,,
716,06/07/23 09:10:00 AM,33594.4,29756.7,18.18,,
717,06/07/23 09:20:00 AM,33594.4,29742.4,18.21,,
718,06/07/23 09:30:00 AM,33594.4,29728.1,18.21,,
719,06/07/23 09:40:00 AM,33594.4,29725.8,18.18,,
720,06/07/23 09:50:00 AM,33594.4,29735.3,18.19,,
721,06/07/23 10:00:00 AM,33594.4,29721.0,18.18,,
722,06/07/23 10:10:00 AM,33594.4,29706.7,18.14,,
723,06/07/23 10:20:00 AM,33594.4,29699.6,18.13,,
724,06/07/23 10:30:00 AM,33594.4,29761.5,18.11,,
725,06/07/23 10:40:00 AM,33594.4,29744.8,18.12,,
726,06/07/23 10:50:00 AM,33594.4,29759.1,18.12,,
727,06/07/23 11:00:00 AM,33594.4,29730.5,18.12,,
728,06/07/23 11:10:00 AM,33594.4,29773.4,18.12,,
729,06/07/23 11:20:00 AM,33594.4,29759.1,18.13,,
730,06/07/23 11:30:00 AM,33594.4,29737.7,18.13,,
731,06/07/23 11:40:00 AM,33594.4,29752.0,18.13,,
732,06/07/23 11:50:00 AM,33594.4,29766.3,18.14,,
733,06/07/23 12:00:00 PM,33594.4,29766.3,18.14,,
734,06/07/23 12:10:00 PM,33594.4,29749.6,18.16,,
735,06/07/23 12:20:00 PM,33594.4,29766.3,18.16,,
736,06/07/23 12:30:00 PM,33594.4,29749.6,18.16,,
737,06/07/23 12:40:00 PM,33594.4,29752.0,18.16,,
738,06/07/23 12:50:00 PM,33594.4,29742.4,18.17,,
739,06/07/23 01:00:00 PM,33594.4,29742.4,18.16,,
740,06/07/23 01:10:00 PM,33594.4,29759.1,18.16,,
741,06/07/23 01:20:00 PM,33594.4,29742.4,18.16,,
742,06/07/23 01:30:00 PM,33594.4,29742.4,18.16,,
743,06/07/23 01:40:00 PM,33594.4,29744.8,18.17,,
744,06/07/23 01:50:00 PM,33594.4,29752.0,18.17,,
745,06/07/23 02:00:00 PM,33594.4,29737.7,18.16,,
746,06/07/23 02:10:00 PM,33594.4,29752.0,18.17,,
747,06/07/23 02:20:00 PM,33594.4,29716.3,18.17,,
748,06/07/23 02:30:00 PM,33594.4,29716.3,18.17,,
749,06/07/23 02:40:00 PM,33594.4,29744.8,18.17,,
750,06/07/23 02:50:00 PM,33594.4,29744.8,18.17,,
751,06/07/23 03:00:00 PM,33594.4,29742.4,18.18,,
752,06/07/23 03:10:00 PM,33594.4,29735.3,18.18,,
753,06/07/23 03:20:00 PM,33594.4,29694.9,18.19,,
754,06/07/23 03:30:00 PM,33594.4,29728.1,18.19,,
755,06/07/23 03:40:00 PM,33594.4,29730.5,18.21,,
756,06/07/23 03:50:00 PM,33594.4,29763.9,18.23,,
757,06/07/23 04:00:00 PM,33594.4,29742.4,18.22,,
758,06/07/23 04:10:00 PM,33594.4,29716.3,18.21,,
759,06/07/23 04:20:00 PM,33594.4,29737.7,18.21,,
760,06/07/23 04:30:00 PM,33594.4,29721.0,18.21,,
761,06/07/23 04:40:00 PM,33594.4,29692.5,18.21,,
762,06/07/23 04:50:00 PM,33594.4,29675.9,18.18,,
763,06/07/23 05:00:00 PM,33594.4,29673.5,18.19,,
764,06/07/23 05:10:00 PM,33594.4,29721.0,18.21,,
765,06/07/23 05:20:00 PM,33594.4,29709.1,18.21,,
766,06/07/23 05:30:00 PM,33594.4,29721.0,18.22,,
767,06/07/23 05:40:00 PM,33594.4,29716.3,18.22,,
768,06/07/23 05:50:00 PM,33594.4,29709.1,18.21,,
769,06/07/23 06:00:00 PM,33594.4,29723.4,18.22,,
770,06/07/23 06:10:00 PM,33594.4,29709.1,18.22,,
771,06/07/23 06:20:00 PM,33594.4,29673.5,18.21,,
772,06/07/23 06:30:00 PM,33594.4,29699.6,18.21,,
773,06/07/23 06:40:00 PM,33594.4,29709.1,18.22,,
774,06/07/23 06:50:00 PM,33594.4,29709.1,18.22,,
775,06/07/23 07:00:00 PM,33594.4,29699.6,18.22,,
776,06/07/23 07:10:00 PM,33594.4,29721.0,18.22,,
777,06/07/23 07:20:00 PM,33594.4,29694.9,18.22,,
778,06/07/23 07:30:00 PM,33594.4,29716.3,18.23,,
779,06/07/23 07:40:00 PM,33594.4,29723.4,18.23,,
780,06/07/23 07:50:00 PM,33594.4,29711.5,18.23,,
781,06/07/23 08:00:00 PM,33594.4,29735.3,18.23,,
782,06/07/23 08:10:00 PM,33594.4,29721.0,18.24,,
783,06/07/23 08:20:00 PM,33594.4,29709.1,18.24,,
784,06/07/23 08:30:00 PM,33594.4,29735.3,18.23,,
785,06/07/23 08:40:00 PM,33594.4,29742.4,18.24,,
786,06/07/23 08:50:00 PM,33594.4,29763.9,18.24,,
787,06/07/23 09:00:00 PM,33594.4,29752.0,18.26,,
788,06/07/23 09:10:00 PM,33594.4,29756.7,18.24,,
789,06/07/23 09:20:00 PM,33594.4,29749.6,18.26,,
790,06/07/23 09:30:00 PM,33594.4,29771.0,18.24,,
791,06/07/23 09:40:00 PM,33594.4,29778.2,18.24,,
792,06/07/23 09:50:00 PM,33594.4,29799.7,18.27,,
793,06/07/23 10:00:00 PM,33594.4,29771.0,18.26,,
794,06/07/23 10:10:00 PM,33594.4,29778.2,18.28,,
795,06/07/23 10:20:00 PM,33594.4,29814.0,18.28,,
796,06/07/23 10:30:00 PM,33594.4,29814.0,18.28,,
797,06/07/23 10:40:00 PM,33594.4,29806.8,18.27,,
798,06/07/23 10:50:00 PM,33594.4,29799.7,18.27,,
799,06/07/23 11:00:00 PM,33594.4,29799.7,18.27,,
800,06/07/23 11:10:00 PM,33594.4,29818.8,18.27,,
801,06/07/23 11:20:00 PM,33594.4,29840.3,18.26,,
802,06/07/23 11:30:00 PM,33594.4,29849.9,18.24,,
803,06/07/23 11:40:00 PM,33594.4,29799.7,18.24,,
804,06/07/23 11:50:00 PM,33594.4,29811.6,18.23,,
805,06/08/23 12:00:00 AM,33594.4,29835.5,18.22,,
806,06/08/23 12:10:00 AM,33594.4,29806.8,18.21,,
807,06/08/23 12:20:00 AM,33594.4,29806.8,18.19,,
808,06/08/23 12:30:00 AM,33594.4,29802.1,18.18,,
809,06/08/23 12:40:00 AM,33594.4,29830.8,18.16,,
810,06/08/23 12:50:00 AM,33594.4,29821.2,18.16,,
811,06/08/23 01:00:00 AM,33594.4,29814.0,18.14,,
812,06/08/23 01:10:00 AM,33594.4,29804.4,18.14,,
813,06/08/23 01:20:00 AM,33594.4,29821.2,18.14,,
814,06/08/23 01:30:00 AM,33594.4,29828.4,18.14,,
815,06/08/23 01:40:00 AM,33594.4,29837.9,18.13,,
816,06/08/23 01:50:00 AM,33594.4,29866.7,18.12,,
817,06/08/23 02:00:00 AM,33594.4,29828.4,18.12,,
818,06/08/23 02:10:00 AM,33594.4,29866.7,18.11,,
819,06/08/23 02:20:00 AM,33594.4,29849.9,18.11,,
820,06/08/23 02:30:00 AM,33594.4,29849.9,18.09,,
821,06/08/23 02:40:00 AM,33594.4,29849.9,18.09,,
822,06/08/23 02:50:00 AM,33594.4,29849.9,18.09,,
823,06/08/23 03:00:00 AM,33594.4,29857.1,18.08,,
824,06/08/23 03:10:00 AM,33594.4,29866.7,18.08,,
825,06/08/23 03:20:00 AM,33594.4,29840.3,18.07,,
826,06/08/23 03:30:00 AM,33594.4,29871.5,18.07,,
827,06/08/23 03:40:00 AM,33594.4,29859.5,18.07,,
828,06/08/23 03:50:00 AM,33594.4,29883.5,18.06,,
829,06/08/23 04:00:00 AM,33594.4,29818.8,18.05,,
830,06/08/23 04:10:00 AM,23104.7,23309.7,18.05,,
831,06/08/23 04:20:00 AM,23119.9,23330.2,18.03,,
832,06/08/23 04:30:00 AM,25857.1,24759.3,18.05,,
833,06/08/23 04:40:00 AM,29507.3,26938.2,18.03,,
834,06/08/23 04:50:00 AM,29547.4,27002.2,18.03,,
835,06/08/23 05:00:00 AM,25620.3,24712.6,18.02,,
836,06/08/23 05:10:00 AM,29680.6,26920.2,18.01,,
837,06/08/23 05:20:00 AM,28811.8,26473.7,18.01,,
838,06/08/23 05:30:00 AM,33594.4,29902.7,18.01,,
839,06/08/23 05:40:00 AM,33594.4,29852.3,18.00,,
840,06/08/23 05:50:00 AM,33594.4,29725.8,18.00,,
841,06/08/23 06:00:00 AM,33594.4,29647.5,18.00,,
842,06/08/23 06:10:00 AM,33594.4,29747.2,17.98,,
843,06/08/23 06:20:00 AM,33594.4,29785.3,17.97,,
844,06/08/23 06:30:00 AM,33594.4,29702.0,17.97,,
845,06/08/23 06:40:00 AM,33594.4,29583.7,17.97,,
846,06/08/23 06:50:00 AM,33594.4,29614.3,17.97,,
847,06/08/23 07:00:00 AM,33594.4,29513.1,17.97,,
848,06/08/23 07:10:00 AM,33594.4,29550.7,17.97,,
849,06/08/23 07:20:00 AM,33594.4,29713.9,17.97,,
850,06/08/23 07:30:00 AM,33594.4,29866.7,17.97,,
851,06/08/23 07:40:00 AM,33594.4,29909.9,17.97,,
852,06/08/23 07:50:00 AM,33594.4,29890.7,17.98,,
853,06/08/23 08:00:00 AM,33594.4,29890.7,17.98,,
854,06/08/23 08:10:00 AM,33594.4,29876.3,17.98,,
855,06/08/23 08:20:00 AM,33594.4,29890.7,17.98,,
856,06/08/23 08:30:00 AM,33594.4,29897.9,18.00,,
857,06/08/23 08:40:00 AM,33594.4,29912.3,18.00,,
858,06/08/23 08:50:00 AM,33594.4,29919.6,18.01,,
859,06/08/23 09:00:00 AM,33594.4,29905.1,18.01,,
860,06/08/23 09:10:00 AM,33594.4,29883.5,18.01,,
861,06/08/23 09:20:00 AM,33594.4,29919.6,18.01,,
862,06/08/23 09:30:00 AM,33594.4,29893.1,18.00,,
863,06/08/23 09:40:00 AM,33594.4,29905.1,18.01,,
864,06/08/23 09:50:00 AM,33594.4,29941.2,18.02,,
865,06/08/23 10:00:00 AM,33594.4,29934.0,18.03,,
866,06/08/23 10:10:00 AM,33594.4,29934.0,18.03,,
867,06/08/23 10:20:00 AM,33594.4,29936.4,18.05,,
868,06/08/23 10:30:00 AM,33594.4,29955.7,18.05,,
869,06/08/23 10:40:00 AM,33594.4,29926.8,18.05,,
870,06/08/23 10:50:00 AM,33594.4,29934.0,18.05,,
871,06/08/23 11:00:00 AM,33594.4,29941.2,18.03,,
872,06/08/23 11:10:00 AM,33594.4,29955.7,18.06,,
873,06/08/23 11:20:00 AM,33594.4,29907.5,18.05,,
874,06/08/23 11:30:00 AM,33594.4,29958.1,18.06,,
875,06/08/23 11:40:00 AM,33594.4,29958.1,18.07,,
876,06/08/23 11:50:00 AM,33594.4,29941.2,18.07,,
877,06/08/23 12:00:00 PM,33594.4,29941.2,18.08,,
878,06/08/23 12:10:00 PM,33594.4,29955.7,18.09,,
879,06/08/23 12:20:00 PM,33594.4,29955.7,18.11,,
880,06/08/23 12:30:00 PM,33594.4,29955.7,18.11,,
881,06/08/23 12:40:00 PM,33594.4,29979.8,18.11,,
882,06/08/23 12:50:00 PM,33594.4,29955.7,18.08,,
883,06/08/23 01:00:00 PM,33594.4,29955.7,18.09,,
884,06/08/23 01:10:00 PM,33594.4,29955.7,18.11,,
885,06/08/23 01:20:00 PM,33594.4,29955.7,18.09,,
886,06/08/23 01:30:00 PM,33594.4,29977.4,18.11,,
887,06/08/23 01:40:00 PM,33594.4,29972.6,18.11,,
888,06/08/23 01:50:00 PM,33594.4,29970.2,18.11,,
889,06/08/23 02:00:00 PM,33594.4,29955.7,18.13,,
890,06/08/23 02:10:00 PM,33594.4,29970.2,18.13,,
891,06/08/23 02:20:00 PM,33594.4,29962.9,18.13,,
892,06/08/23 02:30:00 PM,33594.4,29982.2,18.16,,
893,06/08/23 02:40:00 PM,33594.4,29955.7,18.16,,
894,06/08/23 02:50:00 PM,33594.4,29970.2,18.16,,
895,06/08/23 03:00:00 PM,33594.4,29984.7,18.18,,
896,06/08/23 03:10:00 PM,33594.4,29991.9,18.21,,
897,06/08/23 03:20:00 PM,33594.4,30004.0,18.23,,
898,06/08/23 03:30:00 PM,33594.4,30023.4,18.27,,
899,06/08/23 03:40:00 PM,33594.4,30033.0,18.26,,
900,06/08/23 03:50:00 PM,33594.4,30028.2,18.23,,
901,06/08/23 04:00:00 PM,33594.4,30018.5,18.24,,
902,06/08/23 04:10:00 PM,33594.4,30023.4,18.24,,
903,06/08/23 04:20:00 PM,33594.4,30028.2,18.27,,
904,06/08/23 04:30:00 PM,33594.4,30050.0,18.27,,
905,06/08/23 04:40:00 PM,33594.4,30069.4,18.28,,
906,06/08/23 04:50:00 PM,33594.4,30062.1,18.29,,
907,06/08/23 05:00:00 PM,33594.4,30057.3,18.28,,
908,06/08/23 05:10:00 PM,33594.4,30040.3,18.28,,
909,06/08/23 05:20:00 PM,33594.4,30071.8,18.27,,
910,06/08/23 05:30:00 PM,33594.4,30064.6,18.27,,
911,06/08/23 05:40:00 PM,33594.4,30045.2,18.27,,
912,06/08/23 05:50:00 PM,33594.4,30064.6,18.28,,
913,06/08/23 06:00:00 PM,33594.4,30079.1,18.28,,
914,06/08/23 06:10:00 PM,33594.4,30076.7,18.28,,
915,06/08/23 06:20:00 PM,33594.4,30064.6,18.28,,
916,06/08/23 06:30:00 PM,33594.4,30040.3,18.28,,
917,06/08/23 06:40:00 PM,33594.4,30050.0,18.28,,
918,06/08/23 06:50:00 PM,33594.4,30069.4,18.28,,
919,06/08/23 07:00:00 PM,33594.4,30071.8,18.28,,
920,06/08/23 07:10:00 PM,33594.4,30079.1,18.29,,
921,06/08/23 07:20:00 PM,33594.4,30071.8,18.29,,
922,06/08/23 07:30:00 PM,33594.4,30101.0,18.30,,
923,06/08/23 07:40:00 PM,33594.4,30086.4,18.30,,
924,06/08/23 07:50:00 PM,33594.4,30084.0,18.29,,
925,06/08/23 08:00:00 PM,33594.4,30064.6,18.29,,
926,06/08/23 08:10:00 PM,33594.4,30057.3,18.29,,
927,06/08/23 08:20:00 PM,33594.4,30086.4,18.29,,
928,06/08/23 08:30:00 PM,33594.4,30040.3,18.28,,
929,06/08/23 08:40:00 PM,33594.4,30086.4,18.28,,
930,06/08/23 08:50:00 PM,33594.4,30069.4,18.28,,
931,06/08/23 09:00:00 PM,33594.4,30069.4,18.28,,
932,06/08/23 09:10:00 PM,33594.4,30057.3,18.28,,
933,06/08/23 09:20:00 PM,33594.4,30069.4,18.29,,
934,06/08/23 09:30:00 PM,33594.4,30071.8,18.28,,
935,06/08/23 09:40:00 PM,33594.4,30079.1,18.28,,
936,06/08/23 09:50:00 PM,33594.4,30084.0,18.28,,
937,06/08/23 10:00:00 PM,33594.4,30076.7,18.28,,
938,06/08/23 10:10:00 PM,33594.4,30086.4,18.28,,
939,06/08/23 10:20:00 PM,33594.4,30064.6,18.29,,
940,06/08/23 10:30:00 PM,33594.4,30069.4,18.29,,
941,06/08/23 10:40:00 PM,33594.4,30064.6,18.29,,
942,06/08/23 10:50:00 PM,33594.4,30086.4,18.29,,
943,06/08/23 11:00:00 PM,33594.4,30071.8,18.30,,
944,06/08/23 11:10:00 PM,33594.4,30091.3,18.29,,
945,06/08/23 11:20:00 PM,33594.4,30086.4,18.29,,
946,06/08/23 11:30:00 PM,33594.4,30079.1,18.29,,
947,06/08/23 11:40:00 PM,33594.4,30069.4,18.30,,
948,06/08/23 11:50:00 PM,33594.4,30086.4,18.32,,
949,06/09/23 12:00:00 AM,33594.4,30076.7,18.32,,
950,06/09/23 12:10:00 AM,33594.4,30069.4,18.32,,
951,06/09/23 12:20:00 AM,33594.4,30093.7,18.32,,
952,06/09/23 12:30:00 AM,33594.4,30079.1,18.30,,
953,06/09/23 12:40:00 AM,33594.4,30098.6,18.29,,
954,06/09/23 12:50:00 AM,33594.4,30110.7,18.30,,
955,06/09/23 01:00:00 AM,33594.4,30093.7,18.29,,
956,06/09/23 01:10:00 AM,33594.4,30064.6,18.29,,
957,06/09/23 01:20:00 AM,33594.4,30086.4,18.29,,
958,06/09/23 01:30:00 AM,33594.4,30079.1,18.29,,
959,06/09/23 01:40:00 AM,33594.4,30084.0,18.28,,
960,06/09/23 01:50:00 AM,33594.4,30062.1,18.28,,
961,06/09/23 02:00:00 AM,33594.4,30050.0,18.28,,
962,06/09/23 02:10:00 AM,33594.4,30069.4,18.27,,
963,06/09/23 02:20:00 AM,33594.4,30079.1,18.27,,
964,06/09/23 02:30:00 AM,33594.4,30086.4,18.28,,
965,06/09/23 02:40:00 AM,33594.4,30091.3,18.29,,
966,06/09/23 02:50:00 AM,33594.4,30093.7,18.28,,
967,06/09/23 03:00:00 AM,33594.4,30091.3,18.28,,
968,06/09/23 03:10:00 AM,33594.4,30086.4,18.28,,
969,06/09/23 03:20:00 AM,33594.4,30091.3,18.28,,
970,06/09/23 03:30:00 AM,33594.4,30079.1,18.28,,
971,06/09/23 03:40:00 AM,33594.4,30057.3,18.28,,
972,06/09/23 03:50:00 AM,33594.4,30101.0,18.29,,
973,06/09/23 04:00:00 AM,33594.4,30086.4,18.28,,
974,06/09/23 04:10:00 AM,33594.4,30071.8,18.28,,
975,06/09/23 04:20:00 AM,33594.4,30069.4,18.27,,
976,06/09/23 04:30:00 AM,33594.4,30108.3,18.27,,
977,06/09/23 04:40:00 AM,33594.4,30069.4,18.27,,
978,06/09/23 04:50:00 AM,33594.4,30054.9,18.28,,
979,06/09/23 05:00:00 AM,33594.4,30079.1,18.28,,
980,06/09/23 05:10:00 AM,33594.4,30069.4,18.27,,
981,06/09/23 05:20:00 AM,33594.4,30047.6,18.27,,
982,06/09/23 05:30:00 AM,33594.4,30054.9,18.28,,
983,06/09/23 05:40:00 AM,33594.4,30064.6,18.29,,
984,06/09/23 05:50:00 AM,33594.4,30069.4,18.29,,
985,06/09/23 06:00:00 AM,33594.4,30079.1,18.29,,
986,06/09/23 06:10:00 AM,33594.4,30093.7,18.32,,
987,06/09/23 06:20:00 AM,33594.4,30137.5,18.38,,
988,06/09/23 06:30:00 AM,33594.4,30103.4,18.39,,
989,06/09/23 06:40:00 AM,33594.4,30144.9,18.39,,
990,06/09/23 06:50:00 AM,33594.4,30142.4,18.40,,
991,06/09/23 07:00:00 AM,33594.4,30174.2,18.39,,
992,06/09/23 07:10:00 AM,33594.4,30157.1,18.39,,
993,06/09/23 07:20:00 AM,33594.4,30179.0,18.39,,
994,06/09/23 07:30:00 AM,33594.4,30186.4,18.40,,
995,06/09/23 07:40:00 AM,33594.4,30174.2,18.40,,
996,06/09/23 07:50:00 AM,33594.4,30174.2,18.40,,
997,06/09/23 08:00:00 AM,33594.4,30201.0,18.42,,
998,06/09/23 08:10:00 AM,33594.4,30174.2,18.42,,
999,06/09/23 08:20:00 AM,33594.4,30186.4,18.43,,
1000,06/09/23 08:30:00 AM,33594.4,30193.7,18.43,,
1001,06/09/23 08:40:00 AM,33594.4,30208.4,18.44,,
1002,06/09/23 08:50:00 AM,33594.4,30171.7,18.43,,
1003,06/09/23 09:00:00 AM,33594.4,30181.5,18.45,,
1004,06/09/23 09:10:00 AM,33594.4,30188.8,18.45,,
1005,06/09/23 09:20:00 AM,33594.4,30193.7,18.47,,
1006,06/09/23 09:30:00 AM,33594.4,30208.4,18.48,,
1007,06/09/23 09:40:00 AM,33594.4,30201.0,18.48,,
1008,06/09/23 09:50:00 AM,33594.4,30203.5,18.49,,
1009,06/09/23 10:00:00 AM,33594.4,30210.8,18.49,,
1010,06/09/23 10:10:00 AM,33594.4,30183.9,18.49,,
1011,06/09/23 10:20:00 AM,33594.4,30186.4,18.49,,
1012,06/09/23 10:30:00 AM,33594.4,30223.1,18.49,,
1013,06/09/23 10:40:00 AM,33594.4,30166.8,18.51,,
1014,06/09/23 10:50:00 AM,33594.4,30215.7,18.50,,
1015,06/09/23 11:00:00 AM,33594.4,30193.7,18.51,,
1016,06/09/23 11:10:00 AM,33594.4,30215.7,18.53,,
1017,06/09/23 11:20:00 AM,33594.4,30201.0,18.53,,
1018,06/09/23 11:30:00 AM,33594.4,30225.5,18.53,,
1019,06/09/23 11:40:00 AM,33594.4,30225.5,18.53,,
1020,06/09/23 11:50:00 AM,33594.4,30225.5,18.53,,
1021,06/09/23 12:00:00 PM,33594.4,30198.6,18.51,,
1022,06/09/23 12:10:00 PM,33594.4,30215.7,18.53,,
1023,06/09/23 12:20:00 PM,33594.4,30215.7,18.51,,
1024,06/09/23 12:30:00 PM,33594.4,30208.4,18.54,,
1025,06/09/23 12:40:00 PM,33594.4,29924.4,19.14,,
1026,06/09/23 12:44:21 PM,,,,,Logged
1027,06/09/23 12:44:24 PM,,,,,