#,"Date Time, GMT-04:00",DO_conc,temp,Coupler Attached (LGR S/N: 20659182)
1,06/02/23 10:00:00 AM,8.49,21.76,
2,06/02/23 10:10:00 AM,8.52,21.62,
3,06/02/23 10:20:00 AM,8.53,21.58,
4,06/02/23 10:30:00 AM,8.46,21.96,
5,06/02/23 10:40:00 AM,8.48,21.78,
6,06/02/23 10:50:00 AM,8.39,22.34,
7,06/02/23 11:00:00 AM,7.86,26.66,
8,06/02/23 11:10:00 AM,7.37,22.00,
9,06/02/23 11:20:00 AM,7.57,21.32,
10,06/02/23 11:30:00 AM,7.10,20.82,
11,06/02/23 11:40:00 AM,7.33,20.74,
12,06/02/23 11:50:00 AM,7.06,20.70,
13,06/02/23 12:00:00 PM,7.89,20.72,
14,06/02/23 12:10:00 PM,7.60,20.72,
15,06/02/23 12:20:00 PM,7.72,20.76,
16,06/02/23 12:30:00 PM,7.66,20.76,
17,06/02/23 12:40:00 PM,7.60,20.78,
18,06/02/23 12:50:00 PM,7.52,20.80,
19,06/02/23 01:00:00 PM,7.77,20.84,
20,06/02/23 01:10:00 PM,7.43,20.90,
21,06/02/23 01:20:00 PM,8.48,20.92,
22,06/02/23 01:30:00 PM,9.40,21.02,
23,06/02/23 01:40:00 PM,8.08,21.06,
24,06/02/23 01:50:00 PM,7.67,21.02,
25,06/02/23 02:00:00 PM,7.77,20.98,
26,06/02/23 02:10:00 PM,7.82,21.00,
27,06/02/23 02:20:00 PM,7.99,21.02,
28,06/02/23 02:30:00 PM,7.60,20.96,
29,06/02/23 02:40:00 PM,7.98,21.04,
30,06/02/23 02:50:00 PM,7.74,21.08,
31,06/02/23 03:00:00 PM,9.68,21.28,
32,06/02/23 03:10:00 PM,9.02,21.22,
33,06/02/23 03:20:00 PM,8.49,21.26,
34,06/02/23 03:30:00 PM,8.36,21.22,
35,06/02/23 03:40:00 PM,8.96,21.32,
36,06/02/23 03:50:00 PM,8.42,21.42,
37,06/02/23 04:00:00 PM,8.46,21.46,
38,06/02/23 04:10:00 PM,8.31,21.40,
39,06/02/23 04:20:00 PM,8.47,21.52,
40,06/02/23 04:30:00 PM,8.37,21.52,
41,06/02/23 04:40:00 PM,8.21,21.54,
42,06/02/23 04:50:00 PM,8.31,21.50,
43,06/02/23 05:00:00 PM,7.82,21.42,
44,06/02/23 05:10:00 PM,7.48,21.40,
45,06/02/23 05:20:00 PM,7.58,21.36,
46,06/02/23 05:30:00 PM,7.32,21.36,
47,06/02/23 05:40:00 PM,8.09,21.36,
48,06/02/23 05:50:00 PM,7.33,21.32,
49,06/02/23 06:00:00 PM,7.53,21.30,
50,06/02/23 06:10:00 PM,7.66,21.36,
51,06/02/23 06:20:00 PM,7.75,21.32,
52,06/02/23 06:30:00 PM,7.70,21.32,
53,06/02/23 06:40:00 PM,7.75,21.38,
54,06/02/23 06:50:00 PM,7.82,21.42,
55,06/02/23 07:00:00 PM,7.82,21.44,
56,06/02/23 07:10:00 PM,7.71,21.40,
57,06/02/23 07:20:00 PM,7.98,21.48,
58,06/02/23 07:30:00 PM,8.08,21.46,
59,06/02/23 07:40:00 PM,7.93,21.50,
60,06/02/23 07:50:00 PM,7.90,21.54,
61,06/02/23 08:00:00 PM,7.91,21.54,
62,06/02/23 08:10:00 PM,7.82,21.52,
63,06/02/23 08:20:00 PM,7.65,21.54,
64,06/02/23 08:30:00 PM,7.51,21.58,
65,06/02/23 08:40:00 PM,7.77,21.60,
66,06/02/23 08:50:00 PM,7.91,21.70,
67,06/02/23 09:00:00 PM,8.04,21.66,
68,06/02/23 09:10:00 PM,8.03,21.70,
69,06/02/23 09:20:00 PM,7.97,21.64,
70,06/02/23 09:30:00 PM,7.86,21.60,
71,06/02/23 09:40:00 PM,7.78,21.54,
72,06/02/23 09:50:00 PM,7.63,21.52,
73,06/02/23 10:00:00 PM,7.70,21.58,
74,06/02/23 10:10:00 PM,7.97,21.60,
75,06/02/23 10:20:00 PM,7.76,21.54,
76,06/02/23 10:30:00 PM,7.83,21.54,
77,06/02/23 10:40:00 PM,8.20,21.60,
78,06/02/23 10:50:00 PM,7.89,21.58,
79,06/02/23 11:00:00 PM,7.98,21.52,
80,06/02/23 11:10:00 PM,7.84,21.48,
81,06/02/23 11:20:00 PM,7.82,21.42,
82,06/02/23 11:30:00 PM,7.90,21.38,
83,06/02/23 11:40:00 PM,8.04,21.34,
84,06/02/23 11:50:00 PM,8.13,21.30,
85,06/03/23 12:00:00 AM,8.20,21.26,
86,06/03/23 12:10:00 AM,8.22,21.24,
87,06/03/23 12:20:00 AM,8.31,21.24,
88,06/03/23 12:30:00 AM,8.47,21.26,
89,06/03/23 12:40:00 AM,8.37,21.26,
90,06/03/23 12:50:00 AM,8.41,21.26,
91,06/03/23 01:00:00 AM,8.32,21.26,
92,06/03/23 01:10:00 AM,7.95,21.24,
93,06/03/23 01:20:00 AM,8.20,21.24,
94,06/03/23 01:30:00 AM,8.06,21.22,
95,06/03/23 01:40:00 AM,8.18,21.22,
96,06/03/23 01:50:00 AM,8.19,21.24,
97,06/03/23 02:00:00 AM,8.25,21.26,
98,06/03/23 02:10:00 AM,8.22,21.28,
99,06/03/23 02:20:00 AM,8.16,21.32,
100,06/03/23 02:30:00 AM,8.10,21.30,
101,06/03/23 02:40:00 AM,8.20,21.36,
102,06/03/23 02:50:00 AM,7.94,21.30,
103,06/03/23 03:00:00 AM,7.94,21.26,
104,06/03/23 03:10:00 AM,8.18,21.26,
105,06/03/23 03:20:00 AM,8.11,21.26,
106,06/03/23 03:30:00 AM,7.94,21.28,
107,06/03/23 03:40:00 AM,7.79,21.26,
108,06/03/23 03:50:00 AM,7.54,21.32,
109,06/03/23 04:00:00 AM,7.56,21.28,
110,06/03/23 04:10:00 AM,7.54,21.32,
111,06/03/23 04:20:00 AM,7.54,21.34,
112,06/03/23 04:30:00 AM,7.40,21.36,
113,06/03/23 04:40:00 AM,6.86,21.36,
114,06/03/23 04:50:00 AM,6.91,21.40,
115,06/03/23 05:00:00 AM,6.81,21.38,
116,06/03/23 05:10:00 AM,7.51,21.36,
117,06/03/23 05:20:00 AM,7.34,21.34,
118,06/03/23 05:30:00 AM,7.40,21.22,
119,06/03/23 05:40:00 AM,7.47,21.18,
120,06/03/23 05:50:00 AM,7.63,21.14,
121,06/03/23 06:00:00 AM,7.82,21.08,
122,06/03/23 06:10:00 AM,7.96,21.06,
123,06/03/23 06:20:00 AM,7.91,21.06,
124,06/03/23 06:30:00 AM,7.89,21.04,
125,06/03/23 06:40:00 AM,7.96,21.02,
126,06/03/23 06:50:00 AM,7.93,21.00,
127,06/03/23 07:00:00 AM,8.00,20.96,
128,06/03/23 07:10:00 AM,8.03,20.92,
129,06/03/23 07:20:00 AM,8.03,20.90,
130,06/03/23 07:30:00 AM,7.98,20.88,
131,06/03/23 07:40:00 AM,7.93,20.88,
132,06/03/23 07:50:00 AM,7.86,20.88,
133,06/03/23 08:00:00 AM,7.88,20.86,
134,06/03/23 08:10:00 AM,7.92,20.82,
135,06/03/23 08:20:00 AM,7.82,20.80,
136,06/03/23 08:30:00 AM,7.74,20.78,
137,06/03/23 08:40:00 AM,7.63,20.76,
138,06/03/23 08:50:00 AM,7.64,20.74,
139,06/03/23 09:00:00 AM,7.62,20.74,
140,06/03/23 09:10:00 AM,7.57,20.72,
141,06/03/23 09:20:00 AM,7.56,20.70,
142,06/03/23 09:30:00 AM,7.53,20.68,
143,06/03/23 09:40:00 AM,7.67,20.66,
144,06/03/23 09:50:00 AM,7.65,20.66,
145,06/03/23 10:00:00 AM,7.65,20.64,
146,06/03/23 10:10:00 AM,7.55,20.62,
147,06/03/23 10:20:00 AM,7.47,20.62,
148,06/03/23 10:30:00 AM,7.60,20.64,
149,06/03/23 10:40:00 AM,7.62,20.64,
150,06/03/23 10:50:00 AM,7.64,20.64,
151,06/03/23 11:00:00 AM,7.57,20.66,
152,06/03/23 11:10:00 AM,7.40,20.66,
153,06/03/23 11:20:00 AM,7.35,20.70,
154,06/03/23 11:30:00 AM,7.34,20.66,
155,06/03/23 11:40:00 AM,7.29,20.66,
156,06/03/23 11:50:00 AM,7.36,20.62,
157,06/03/23 12:00:00 PM,7.41,20.56,
158,06/03/23 12:10:00 PM,7.51,20.50,
159,06/03/23 12:20:00 PM,7.67,20.48,
160,06/03/23 12:30:00 PM,7.69,20.52,
161,06/03/23 12:40:00 PM,7.71,20.54,
162,06/03/23 12:50:00 PM,7.63,20.56,
163,06/03/23 01:00:00 PM,7.63,20.58,
164,06/03/23 01:10:00 PM,7.63,20.58,
165,06/03/23 01:20:00 PM,7.71,20.56,
166,06/03/23 01:30:00 PM,7.72,20.56,
167,06/03/23 01:40:00 PM,7.71,20.54,
168,06/03/23 01:50:00 PM,7.78,20.50,
169,06/03/23 02:00:00 PM,7.85,20.44,
170,06/03/23 02:10:00 PM,7.78,20.44,
171,06/03/23 02:20:00 PM,7.72,20.42,
172,06/03/23 02:30:00 PM,7.84,20.42,
173,06/03/23 02:40:00 PM,7.83,20.42,
174,06/03/23 02:50:00 PM,8.03,20.38,
175,06/03/23 03:00:00 PM,8.03,20.34,
176,06/03/23 03:10:00 PM,7.97,20.34,
177,06/03/23 03:20:00 PM,8.10,20.32,
178,06/03/23 03:30:00 PM,7.95,20.32,
179,06/03/23 03:40:00 PM,7.80,20.30,
180,06/03/23 03:50:00 PM,7.95,20.30,
181,06/03/23 04:00:00 PM,7.84,20.30,
182,06/03/23 04:10:00 PM,7.91,20.28,
183,06/03/23 04:20:00 PM,7.93,20.26,
184,06/03/23 04:30:00 PM,7.96,20.24,
185,06/03/23 04:40:00 PM,8.08,20.22,
186,06/03/23 04:50:00 PM,8.17,20.14,
187,06/03/23 05:00:00 PM,8.39,19.94,
188,06/03/23 05:10:00 PM,8.42,19.88,
189,06/03/23 05:20:00 PM,8.49,19.84,
190,06/03/23 05:30:00 PM,8.72,19.82,
191,06/03/23 05:40:00 PM,8.76,19.78,
192,06/03/23 05:50:00 PM,8.72,19.78,
193,06/03/23 06:00:00 PM,8.67,19.76,
194,06/03/23 06:10:00 PM,8.65,19.74,
195,06/03/23 06:20:00 PM,8.55,19.72,
196,06/03/23 06:30:00 PM,8.46,19.72,
197,06/03/23 06:40:00 PM,8.39,19.72,
198,06/03/23 06:50:00 PM,8.28,19.70,
199,06/03/23 07:00:00 PM,8.36,19.68,
200,06/03/23 07:10:00 PM,8.54,19.66,
201,06/03/23 07:20:00 PM,8.42,19.56,
202,06/03/23 07:30:00 PM,8.67,19.52,
203,06/03/23 07:40:00 PM,8.64,19.50,
204,06/03/23 07:50:00 PM,8.58,19.50,
205,06/03/23 08:00:00 PM,8.67,19.48,
206,06/03/23 08:10:00 PM,8.64,19.48,
207,06/03/23 08:20:00 PM,8.69,19.48,
208,06/03/23 08:30:00 PM,8.60,19.46,
209,06/03/23 08:40:00 PM,8.59,19.36,
210,06/03/23 08:50:00 PM,8.60,19.24,
211,06/03/23 09:00:00 PM,8.62,19.12,
212,06/03/23 09:10:00 PM,8.58,19.06,
213,06/03/23 09:20:00 PM,8.59,19.00,
214,06/03/23 09:30:00 PM,8.62,18.92,
215,06/03/23 09:40:00 PM,8.61,18.86,
216,06/03/23 09:50:00 PM,8.54,18.78,
217,06/03/23 10:00:00 PM,8.60,18.72,
218,06/03/23 10:10:00 PM,8.40,18.68,
219,06/03/23 10:20:00 PM,8.47,18.58,
220,06/03/23 10:30:00 PM,8.41,18.52,
221,06/03/23 10:40:00 PM,8.35,18.50,
222,06/03/23 10:50:00 PM,8.38,18.44,
223,06/03/23 11:00:00 PM,8.38,18.40,
224,06/03/23 11:10:00 PM,8.35,18.36,
225,06/03/23 11:20:00 PM,8.37,18.34,
226,06/03/23 11:30:00 PM,8.35,18.34,
227,06/03/23 11:40:00 PM,8.26,18.32,
228,06/03/23 11:50:00 PM,8.24,18.32,
229,06/04/23 12:00:00 AM,8.22,18.34,
230,06/04/23 12:10:00 AM,8.08,18.34,
231,06/04/23 12:20:00 AM,8.11,18.36,
232,06/04/23 12:30:00 AM,7.96,18.38,
233,06/04/23 12:40:00 AM,7.89,18.38,
234,06/04/23 12:50:00 AM,7.88,18.40,
235,06/04/23 01:00:00 AM,7.67,18.40,
236,06/04/23 01:10:00 AM,7.56,18.40,
237,06/04/23 01:20:00 AM,8.05,18.42,
238,06/04/23 01:30:00 AM,7.74,18.42,
239,06/04/23 01:40:00 AM,7.83,18.42,
240,06/04/23 01:50:00 AM,7.68,18.42,
241,06/04/23 02:00:00 AM,7.44,18.44,
242,06/04/23 02:10:00 AM,7.13,18.42,
243,06/04/23 02:20:00 AM,6.84,18.42,
244,06/04/23 02:30:00 AM,7.54,18.46,
245,06/04/23 02:40:00 AM,7.51,18.48,
246,06/04/23 02:50:00 AM,7.39,18.50,
247,06/04/23 03:00:00 AM,7.44,18.50,
248,06/04/23 03:10:00 AM,7.35,18.52,
249,06/04/23 03:20:00 AM,7.26,18.54,
250,06/04/23 03:30:00 AM,7.06,18.54,
251,06/04/23 03:40:00 AM,7.07,18.54,
252,06/04/23 03:50:00 AM,7.01,18.52,
253,06/04/23 04:00:00 AM,6.98,18.50,
254,06/04/23 04:10:00 AM,6.87,18.50,
255,06/04/23 04:20:00 AM,7.00,18.48,
256,06/04/23 04:30:00 AM,7.27,18.46,
257,06/04/23 04:40:00 AM,7.24,18.44,
258,06/04/23 04:50:00 AM,7.62,18.44,
259,06/04/23 05:00:00 AM,7.43,18.44,
260,06/04/23 05:10:00 AM,7.52,18.44,
261,06/04/23 05:20:00 AM,7.63,18.40,
262,06/04/23 05:30:00 AM,7.53,18.38,
263,06/04/23 05:40:00 AM,7.25,18.38,
264,06/04/23 05:50:00 AM,7.08,18.36,
265,06/04/23 06:00:00 AM,7.25,18.34,
266,06/04/23 06:10:00 AM,7.20,18.32,
267,06/04/23 06:20:00 AM,7.18,18.32,
268,06/04/23 06:30:00 AM,7.02,18.34,
269,06/04/23 06:40:00 AM,7.05,18.34,
270,06/04/23 06:50:00 AM,6.80,18.34,
271,06/04/23 07:00:00 AM,7.08,18.36,
272,06/04/23 07:10:00 AM,6.97,18.38,
273,06/04/23 07:20:00 AM,6.86,18.36,
274,06/04/23 07:30:00 AM,6.72,18.38,
275,06/04/23 07:40:00 AM,6.39,18.38,
276,06/04/23 07:50:00 AM,6.27,18.38,
277,06/04/23 08:00:00 AM,6.27,18.38,
278,06/04/23 08:10:00 AM,6.83,18.38,
279,06/04/23 08:20:00 AM,6.88,18.38,
280,06/04/23 08:30:00 AM,6.90,18.38,
281,06/04/23 08:40:00 AM,7.27,18.40,
282,06/04/23 08:50:00 AM,7.29,18.40,
283,06/04/23 09:00:00 AM,7.18,18.40,
284,06/04/23 09:10:00 AM,7.11,18.40,
285,06/04/23 09:20:00 AM,7.06,18.38,
286,06/04/23 09:30:00 AM,7.35,18.38,
287,06/04/23 09:40:00 AM,7.13,18.38,
288,06/04/23 09:50:00 AM,6.92,18.36,
289,06/04/23 10:00:00 AM,6.82,18.36,
290,06/04/23 10:10:00 AM,6.96,18.36,
291,06/04/23 10:20:00 AM,6.86,18.36,
292,06/04/23 10:30:00 AM,6.79,18.34,
293,06/04/23 10:40:00 AM,6.79,18.34,
294,06/04/23 10:50:00 AM,7.43,18.30,
295,06/04/23 11:00:00 AM,7.94,18.14,
296,06/04/23 11:10:00 AM,7.97,17.82,
297,06/04/23 11:20:00 AM,8.06,17.68,
298,06/04/23 11:30:00 AM,7.99,17.62,
299,06/04/23 11:40:00 AM,8.26,17.58,
300,06/04/23 11:50:00 AM,8.21,17.56,
301,06/04/23 12:00:00 PM,8.25,17.56,
302,06/04/23 12:10:00 PM,8.14,17.58,
303,06/04/23 12:20:00 PM,7.89,17.58,
304,06/04/23 12:30:00 PM,7.72,17.62,
305,06/04/23 12:40:00 PM,7.71,17.58,
306,06/04/23 12:50:00 PM,8.20,17.66,
307,06/04/23 01:00:00 PM,7.95,17.68,
308,06/04/23 01:10:00 PM,7.85,17.72,
309,06/04/23 01:20:00 PM,7.81,17.80,
310,06/04/23 01:30:00 PM,7.68,17.86,
311,06/04/23 01:40:00 PM,7.93,17.84,
312,06/04/23 01:50:00 PM,8.09,17.86,
313,06/04/23 02:00:00 PM,8.23,17.92,
314,06/04/23 02:10:00 PM,8.20,17.96,
315,06/04/23 02:20:00 PM,8.35,18.00,
316,06/04/23 02:30:00 PM,8.11,17.96,
317,06/04/23 02:40:00 PM,8.30,18.08,
318,06/04/23 02:50:00 PM,8.30,18.08,
319,06/04/23 03:00:00 PM,8.17,18.10,
320,06/04/23 03:10:00 PM,8.22,18.18,
321,06/04/23 03:20:00 PM,8.34,18.20,
322,06/04/23 03:30:00 PM,8.19,18.22,
323,06/04/23 03:40:00 PM,8.48,18.20,
324,06/04/23 03:50:00 PM,8.32,18.18,
325,06/04/23 04:00:00 PM,8.20,18.18,
326,06/04/23 04:10:00 PM,8.03,18.22,
327,06/04/23 04:20:00 PM,8.54,18.30,
328,06/04/23 04:30:00 PM,8.55,18.32,
329,06/04/23 04:40:00 PM,8.30,18.32,
330,06/04/23 04:50:00 PM,8.14,18.28,
331,06/04/23 05:00:00 PM,8.35,18.32,
332,06/04/23 05:10:00 PM,8.51,18.32,
333,06/04/23 05:20:00 PM,8.40,18.32,
334,06/04/23 05:30:00 PM,8.20,18.32,
335,06/04/23 05:40:00 PM,7.99,18.30,
336,06/04/23 05:50:00 PM,8.23,18.26,
337,06/04/23 06:00:00 PM,7.97,18.24,
338,06/04/23 06:10:00 PM,8.27,18.22,
339,06/04/23 06:20:00 PM,8.13,18.26,
340,06/04/23 06:30:00 PM,8.09,18.30,
341,06/04/23 06:40:00 PM,8.22,18.28,
342,06/04/23 06:50:00 PM,8.14,18.20,
343,06/04/23 07:00:00 PM,7.85,18.10,
344,06/04/23 07:10:00 PM,8.46,17.86,
345,06/04/23 07:20:00 PM,8.61,17.80,
346,06/04/23 07:30:00 PM,8.63,17.78,
347,06/04/23 07:40:00 PM,9.01,17.80,
348,06/04/23 07:50:00 PM,8.81,17.80,
349,06/04/23 08:00:00 PM,8.81,17.82,
350,06/04/23 08:10:00 PM,8.93,17.84,
351,06/04/23 08:20:00 PM,8.86,17.86,
352,06/04/23 08:30:00 PM,8.86,17.84,
353,06/04/23 08:40:00 PM,9.35,17.64,
354,06/04/23 08:50:00 PM,9.32,17.56,
355,06/04/23 09:00:00 PM,9.40,17.50,
356,06/04/23 09:10:00 PM,9.24,17.46,
357,06/04/23 09:20:00 PM,9.07,17.42,
358,06/04/23 09:30:00 PM,9.01,17.38,
359,06/04/23 09:40:00 PM,8.91,17.36,
360,06/04/23 09:50:00 PM,8.77,17.34,
361,06/04/23 10:00:00 PM,8.79,17.32,
362,06/04/23 10:10:00 PM,8.72,17.30,
363,06/04/23 10:20:00 PM,8.79,17.26,
364,06/04/23 10:30:00 PM,9.00,17.14,
365,06/04/23 10:40:00 PM,9.11,17.06,
366,06/04/23 10:50:00 PM,9.08,17.00,
367,06/04/23 11:00:00 PM,8.92,17.00,
368,06/04/23 11:10:00 PM,8.93,16.98,
369,06/04/23 11:20:00 PM,8.83,16.98,
370,06/04/23 11:30:00 PM,8.82,16.98,
371,06/04/23 11:40:00 PM,8.82,16.98,
372,06/04/23 11:50:00 PM,8.78,16.98,
373,06/05/23 12:00:00 AM,8.65,16.98,
374,06/05/23 12:10:00 AM,8.48,16.98,
375,06/05/23 12:20:00 AM,8.48,17.00,
376,06/05/23 12:30:00 AM,8.49,17.00,
377,06/05/23 12:40:00 AM,8.32,17.02,
378,06/05/23 12:50:00 AM,8.27,17.04,
379,06/05/23 01:00:00 AM,8.37,17.04,
380,06/05/23 01:10:00 AM,8.28,17.04,
381,06/05/23 01:20:00 AM,8.24,17.06,
382,06/05/23 01:30:00 AM,8.04,17.06,
383,06/05/23 01:40:00 AM,8.04,17.06,
384,06/05/23 01:50:00 AM,7.99,17.08,
385,06/05/23 02:00:00 AM,7.91,17.10,
386,06/05/23 02:10:00 AM,7.65,17.10,
387,06/05/23 02:20:00 AM,7.92,17.10,
388,06/05/23 02:30:00 AM,7.81,17.10,
389,06/05/23 02:40:00 AM,7.60,17.12,
390,06/05/23 02:50:00 AM,7.81,17.10,
391,06/05/23 03:00:00 AM,7.94,17.08,
392,06/05/23 03:10:00 AM,7.62,17.10,
393,06/05/23 03:20:00 AM,7.55,17.10,
394,06/05/23 03:30:00 AM,7.77,17.10,
395,06/05/23 03:40:00 AM,7.97,17.12,
396,06/05/23 03:50:00 AM,7.91,17.18,
397,06/05/23 04:00:00 AM,7.84,17.22,
398,06/05/23 04:10:00 AM,7.74,17.26,
399,06/05/23 04:20:00 AM,7.65,17.26,
400,06/05/23 04:30:00 AM,7.53,17.28,
401,06/05/23 04:40:00 AM,7.62,17.32,
402,06/05/23 04:50:00 AM,7.81,17.30,
403,06/05/23 05:00:00 AM,8.53,17.20,
404,06/05/23 05:10:00 AM,8.49,17.12,
405,06/05/23 05:20:00 AM,8.49,17.10,
406,06/05/23 05:30:00 AM,8.40,17.08,
407,06/05/23 05:40:00 AM,8.27,17.08,
408,06/05/23 05:50:00 AM,8.21,17.08,
409,06/05/23 06:00:00 AM,8.17,17.06,
410,06/05/23 06:10:00 AM,8.13,17.04,
411,06/05/23 06:20:00 AM,7.76,17.04,
412,06/05/23 06:30:00 AM,7.52,17.04,
413,06/05/23 06:40:00 AM,7.37,17.02,
414,06/05/23 06:50:00 AM,7.42,17.02,
415,06/05/23 07:00:00 AM,7.86,17.02,
416,06/05/23 07:10:00 AM,7.70,17.02,
417,06/05/23 07:20:00 AM,7.46,17.00,
418,06/05/23 07:30:00 AM,7.40,17.00,
419,06/05/23 07:40:00 AM,7.35,17.00,
420,06/05/23 07:50:00 AM,7.56,17.00,
421,06/05/23 08:00:00 AM,7.54,17.00,
422,06/05/23 08:10:00 AM,7.56,17.00,
423,06/05/23 08:20:00 AM,7.57,17.00,
424,06/05/23 08:30:00 AM,7.65,17.02,
425,06/05/23 08:40:00 AM,7.44,17.02,
426,06/05/23 08:50:00 AM,7.27,16.96,
427,06/05/23 09:00:00 AM,7.28,16.94,
428,06/05/23 09:10:00 AM,7.96,16.90,
429,06/05/23 09:20:00 AM,8.26,16.86,
430,06/05/23 09:30:00 AM,8.05,16.84,
431,06/05/23 09:40:00 AM,8.41,16.82,
432,06/05/23 09:50:00 AM,8.35,16.84,
433,06/05/23 10:00:00 AM,8.25,16.84,
434,06/05/23 10:10:00 AM,8.14,16.84,
435,06/05/23 10:20:00 AM,8.04,16.86,
436,06/05/23 10:30:00 AM,7.80,16.86,
437,06/05/23 10:40:00 AM,8.16,16.84,
438,06/05/23 10:50:00 AM,8.50,16.58,
439,06/05/23 11:00:00 AM,8.51,16.48,
440,06/05/23 11:10:00 AM,8.47,16.46,
441,06/05/23 11:20:00 AM,8.49,16.42,
442,06/05/23 11:30:00 AM,8.50,16.40,
443,06/05/23 11:40:00 AM,8.38,16.38,
444,06/05/23 11:50:00 AM,8.32,16.38,
445,06/05/23 12:00:00 PM,8.17,16.36,
446,06/05/23 12:10:00 PM,8.12,16.32,
447,06/05/23 12:20:00 PM,8.02,16.32,
448,06/05/23 12:30:00 PM,7.97,16.32,
449,06/05/23 12:40:00 PM,7.99,16.34,
450,06/05/23 12:50:00 PM,8.24,16.34,
451,06/05/23 01:00:00 PM,8.19,16.36,
452,06/05/23 01:10:00 PM,8.20,16.36,
453,06/05/23 01:20:00 PM,8.07,16.38,
454,06/05/23 01:30:00 PM,8.34,16.40,
455,06/05/23 01:40:00 PM,8.22,16.44,
456,06/05/23 01:50:00 PM,8.36,16.44,
457,06/05/23 02:00:00 PM,8.33,16.46,
458,06/05/23 02:10:00 PM,8.23,16.48,
459,06/05/23 02:20:00 PM,8.19,16.50,
460,06/05/23 02:30:00 PM,8.49,16.50,
461,06/05/23 02:40:00 PM,8.44,16.48,
462,06/05/23 02:50:00 PM,8.44,16.48,
463,06/05/23 03:00:00 PM,8.60,16.54,
464,06/05/23 03:10:00 PM,8.54,16.68,
465,06/05/23 03:20:00 PM,8.51,16.72,
466,06/05/23 03:30:00 PM,8.73,16.84,
467,06/05/23 03:40:00 PM,8.67,16.92,
468,06/05/23 03:50:00 PM,8.88,16.98,
469,06/05/23 04:00:00 PM,8.79,16.96,
470,06/05/23 04:10:00 PM,8.58,16.94,
471,06/05/23 04:20:00 PM,8.58,16.94,
472,06/05/23 04:30:00 PM,9.18,16.90,
473,06/05/23 04:40:00 PM,9.16,16.86,
474,06/05/23 04:50:00 PM,9.09,16.84,
475,06/05/23 05:00:00 PM,8.69,16.84,
476,06/05/23 05:10:00 PM,8.88,16.82,
477,06/05/23 05:20:00 PM,9.24,16.82,
478,06/05/23 05:30:00 PM,8.93,16.82,
479,06/05/23 05:40:00 PM,8.77,16.82,
480,06/05/23 05:50:00 PM,8.59,16.86,
481,06/05/23 06:00:00 PM,8.40,16.86,
482,06/05/23 06:10:00 PM,8.09,16.86,
483,06/05/23 06:20:00 PM,8.39,16.86,
484,06/05/23 06:30:00 PM,8.66,16.86,
485,06/05/23 06:40:00 PM,8.59,16.86,
486,06/05/23 06:50:00 PM,8.39,16.86,
487,06/05/23 07:00:00 PM,8.25,16.86,
488,06/05/23 07:10:00 PM,8.33,16.90,
489,06/05/23 07:20:00 PM,8.44,16.90,
490,06/05/23 07:30:00 PM,8.00,16.90,
491,06/05/23 07:40:00 PM,8.47,16.88,
492,06/05/23 07:50:00 PM,8.97,16.88,
493,06/05/23 08:00:00 PM,8.60,16.88,
494,06/05/23 08:10:00 PM,9.06,16.90,
495,06/05/23 08:20:00 PM,9.57,16.90,
496,06/05/23 08:30:00 PM,9.35,16.90,
497,06/05/23 08:40:00 PM,8.76,16.80,
498,06/05/23 08:50:00 PM,8.46,16.74,
499,06/05/23 09:00:00 PM,8.18,16.70,
500,06/05/23 09:10:00 PM,8.05,16.72,
501,06/05/23 09:20:00 PM,8.23,16.72,
502,06/05/23 09:30:00 PM,8.20,16.74,
503,06/05/23 09:40:00 PM,7.75,16.76,
504,06/05/23 09:50:00 PM,7.85,16.76,
505,06/05/23 10:00:00 PM,8.03,16.76,
506,06/05/23 10:10:00 PM,7.76,16.76,
507,06/05/23 10:20:00 PM,7.49,16.76,
508,06/05/23 10:30:00 PM,7.49,16.76,
509,06/05/23 10:40:00 PM,7.55,16.76,
510,06/05/23 10:50:00 PM,8.11,16.78,
511,06/05/23 11:00:00 PM,8.24,16.80,
512,06/05/23 11:10:00 PM,8.50,16.80,
513,06/05/23 11:20:00 PM,9.03,16.82,
514,06/05/23 11:30:00 PM,9.15,16.82,
515,06/05/23 11:40:00 PM,9.04,16.84,
516,06/05/23 11:50:00 PM,8.73,16.84,
517,06/06/23 12:00:00 AM,8.72,16.82,
518,06/06/23 12:10:00 AM,8.90,16.82,
519,06/06/23 12:20:00 AM,8.70,16.80,
520,06/06/23 12:30:00 AM,8.55,16.80,
521,06/06/23 12:40:00 AM,8.27,16.80,
522,06/06/23 12:50:00 AM,8.06,16.80,
523,06/06/23 01:00:00 AM,7.65,16.80,
524,06/06/23 01:10:00 AM,7.78,16.78,
525,06/06/23 01:20:00 AM,7.75,16.78,
526,06/06/23 01:30:00 AM,8.33,16.78,
527,06/06/23 01:40:00 AM,8.30,16.78,
528,06/06/23 01:50:00 AM,8.20,16.76,
529,06/06/23 02:00:00 AM,8.09,16.76,
530,06/06/23 02:10:00 AM,7.90,16.78,
531,06/06/23 02:20:00 AM,7.72,16.78,
532,06/06/23 02:30:00 AM,7.58,16.76,
533,06/06/23 02:40:00 AM,7.54,16.78,
534,06/06/23 02:50:00 AM,7.74,16.78,
535,06/06/23 03:00:00 AM,7.75,16.76,
536,06/06/23 03:10:00 AM,7.79,16.78,
537,06/06/23 03:20:00 AM,7.42,16.76,
538,06/06/23 03:30:00 AM,7.28,16.76,
539,06/06/23 03:40:00 AM,7.25,16.78,
540,06/06/23 03:50:00 AM,7.38,16.78,
541,06/06/23 04:00:00 AM,7.50,16.78,
542,06/06/23 04:10:00 AM,7.78,16.78,
543,06/06/23 04:20:00 AM,7.81,16.76,
544,06/06/23 04:30:00 AM,7.61,16.76,
545,06/06/23 04:40:00 AM,7.62,16.76,
546,06/06/23 04:50:00 AM,7.76,16.76,
547,06/06/23 05:00:00 AM,8.07,16.76,
548,06/06/23 05:10:00 AM,8.00,16.76,
549,06/06/23 05:20:00 AM,7.95,16.76,
550,06/06/23 05:30:00 AM,7.83,16.76,
551,06/06/23 05:40:00 AM,7.75,16.76,
552,06/06/23 05:50:00 AM,7.72,16.76,
553,06/06/23 06:00:00 AM,7.93,16.76,
554,06/06/23 06:10:00 AM,7.84,16.74,
555,06/06/23 06:20:00 AM,7.82,16.74,
556,06/06/23 06:30:00 AM,7.89,16.74,
557,06/06/23 06:40:00 AM,7.86,16.72,
558,06/06/23 06:50:00 AM,7.90,16.72,
559,06/06/23 07:00:00 AM,7.89,16.74,
560,06/06/23 07:10:00 AM,7.83,16.74,
561,06/06/23 07:20:00 AM,7.76,16.74,
562,06/06/23 07:30:00 AM,7.24,16.74,
563,06/06/23 07:40:00 AM,7.42,16.74,
564,06/06/23 07:50:00 AM,7.65,16.74,
565,06/06/23 08:00:00 AM,7.77,16.74,
566,06/06/23 08:10:00 AM,7.75,16.74,
567,06/06/23 08:20:00 AM,7.83,16.76,
568,06/06/23 08:30:00 AM,7.60,16.76,
569,06/06/23 08:40:00 AM,7.71,16.76,
570,06/06/23 08:50:00 AM,7.46,16.76,
571,06/06/23 09:00:00 AM,7.37,16.80,
572,06/06/23 09:10:00 AM,7.15,16.80,
573,06/06/23 09:20:00 AM,6.67,16.80,
574,06/06/23 09:30:00 AM,6.52,16.80,
575,06/06/23 09:40:00 AM,6.58,16.80,
576,06/06/23 09:50:00 AM,6.82,16.80,
577,06/06/23 10:00:00 AM,6.95,16.80,
578,06/06/23 10:10:00 AM,7.58,16.80,
579,06/06/23 10:20:00 AM,7.76,16.82,
580,06/06/23 10:30:00 AM,7.92,16.84,
581,06/06/23 10:40:00 AM,7.93,16.84,
582,06/06/23 10:50:00 AM,7.99,16.84,
583,06/06/23 11:00:00 AM,8.06,16.82,
584,06/06/23 11:10:00 AM,8.27,16.82,
585,06/06/23 11:20:00 AM,8.30,16.82,
586,06/06/23 11:30:00 AM,7.85,16.82,
587,06/06/23 11:40:00 AM,7.38,16.82,
588,06/06/23 11:50:00 AM,7.30,16.82,
589,06/06/23 12:00:00 PM,7.40,16.82,
590,06/06/23 12:10:00 PM,7.88,16.82,
591,06/06/23 12:20:00 PM,7.97,16.84,
592,06/06/23 12:30:00 PM,7.71,16.84,
593,06/06/23 12:40:00 PM,7.46,16.86,
594,06/06/23 12:50:00 PM,7.80,16.86,
595,06/06/23 01:00:00 PM,7.97,16.86,
596,06/06/23 01:10:00 PM,8.02,16.86,
597,06/06/23 01:20:00 PM,8.13,16.88,
598,06/06/23 01:30:00 PM,8.23,16.86,
599,06/06/23 01:40:00 PM,8.28,16.86,
600,06/06/23 01:50:00 PM,8.20,16.86,
601,06/06/23 02:00:00 PM,8.04,16.86,
602,06/06/23 02:10:00 PM,8.08,16.88,
603,06/06/23 02:20:00 PM,8.48,16.88,
604,06/06/23 02:30:00 PM,8.68,16.88,
605,06/06/23 02:40:00 PM,8.69,16.88,
606,06/06/23 02:50:00 PM,8.42,16.86,
607,06/06/23 03:00:00 PM,8.20,16.90,
608,06/06/23 03:10:00 PM,8.24,16.92,
609,06/06/23 03:20:00 PM,8.38,16.92,
610,06/06/23 03:30:00 PM,8.77,16.90,
611,06/06/23 03:40:00 PM,8.88,16.92,
612,06/06/23 03:50:00 PM,9.01,16.92,
613,06/06/23 04:00:00 PM,8.98,16.90,
614,06/06/23 04:10:00 PM,8.86,16.90,
615,06/06/23 04:20:00 PM,8.77,16.90,
616,06/06/23 04:30:00 PM,9.14,16.98,
617,06/06/23 04:40:00 PM,9.38,17.00,
618,06/06/23 04:50:00 PM,9.30,17.04,
619,06/06/23 05:00:00 PM,9.28,17.06,
620,06/06/23 05:10:00 PM,9.09,17.06,
621,06/06/23 05:20:00 PM,8.77,17.04,
622,06/06/23 05:30:00 PM,8.59,17.00,
623,06/06/23 05:40:00 PM,8.53,16.98,
624,06/06/23 05:50:00 PM,8.88,17.06,
625,06/06/23 06:00:00 PM,10.06,17.22,
626,06/06/23 06:10:00 PM,9.80,17.34,
627,06/06/23 06:20:00 PM,9.07,17.22,
628,06/06/23 06:30:00 PM,9.44,17.28,
629,06/06/23 06:40:00 PM,9.73,17.38,
630,06/06/23 06:50:00 PM,9.87,17.38,
631,06/06/23 07:00:00 PM,9.75,17.46,
632,06/06/23 07:10:00 PM,9.57,17.60,
633,06/06/23 07:20:00 PM,8.84,17.40,
634,06/06/23 07:30:00 PM,8.61,17.18,
635,06/06/23 07:40:00 PM,8.31,17.08,
636,06/06/23 07:50:00 PM,8.16,17.08,
637,06/06/23 08:00:00 PM,8.14,17.16,
638,06/06/23 08:10:00 PM,8.51,17.06,
639,06/06/23 08:20:00 PM,8.13,16.96,
640,06/06/23 08:30:00 PM,8.70,16.92,
641,06/06/23 08:40:00 PM,8.45,16.90,
642,06/06/23 08:50:00 PM,7.97,16.90,
643,06/06/23 09:00:00 PM,8.20,16.90,
644,06/06/23 09:10:00 PM,7.77,16.90,
645,06/06/23 09:20:00 PM,7.55,16.92,
646,06/06/23 09:30:00 PM,7.00,16.92,
647,06/06/23 09:40:00 PM,6.73,16.96,
648,06/06/23 09:50:00 PM,6.68,16.96,
649,06/06/23 10:00:00 PM,6.97,16.96,
650,06/06/23 10:10:00 PM,6.96,17.00,
651,06/06/23 10:20:00 PM,6.93,17.04,
652,06/06/23 10:30:00 PM,6.85,17.06,
653,06/06/23 10:40:00 PM,6.91,17.06,
654,06/06/23 10:50:00 PM,7.62,17.04,
655,06/06/23 11:00:00 PM,7.69,17.04,
656,06/06/23 11:10:00 PM,8.45,17.08,
657,06/06/23 11:20:00 PM,8.52,17.08,
658,06/06/23 11:30:00 PM,8.38,17.12,
659,06/06/23 11:40:00 PM,7.71,17.12,
660,06/06/23 11:50:00 PM,6.53,17.12,
661,06/07/23 12:00:00 AM,6.04,17.12,
662,06/07/23 12:10:00 AM,5.85,17.14,
663,06/07/23 12:20:00 AM,5.81,17.16,
664,06/07/23 12:30:00 AM,5.59,17.18,
665,06/07/23 12:40:00 AM,5.63,17.20,
666,06/07/23 12:50:00 AM,5.84,17.22,
667,06/07/23 01:00:00 AM,5.24,17.24,
668,06/07/23 01:10:00 AM,5.02,17.24,
669,06/07/23 01:20:00 AM,5.19,17.26,
670,06/07/23 01:30:00 AM,5.28,17.28,
671,06/07/23 01:40:00 AM,5.37,17.28,
672,06/07/23 01:50:00 AM,5.89,17.26,
673,06/07/23 02:00:00 AM,6.94,17.26,
674,06/07/23 02:10:00 AM,8.22,17.26,
675,06/07/23 02:20:00 AM,8.05,17.26,
676,06/07/23 02:30:00 AM,7.90,17.26,
677,06/07/23 02:40:00 AM,7.92,17.26,
678,06/07/23 02:50:00 AM,8.03,17.26,
679,06/07/23 03:00:00 AM,7.49,17.30,
680,06/07/23 03:10:00 AM,7.89,17.30,
681,06/07/23 03:20:00 AM,8.76,17.34,
682,06/07/23 03:30:00 AM,8.80,17.34,
683,06/07/23 03:40:00 AM,8.66,17.34,
684,06/07/23 03:50:00 AM,8.67,17.34,
685,06/07/23 04:00:00 AM,8.56,17.34,
686,06/07/23 04:10:00 AM,8.46,17.34,
687,06/07/23 04:20:00 AM,8.49,17.34,
688,06/07/23 04:30:00 AM,8.35,17.34,
689,06/07/23 04:40:00 AM,8.20,17.34,
690,06/07/23 04:50:00 AM,7.90,17.34,
691,06/07/23 05:00:00 AM,7.28,17.36,
692,06/07/23 05:10:00 AM,6.71,17.36,
693,06/07/23 05:20:00 AM,6.60,17.34,
694,06/07/23 05:30:00 AM,7.19,17.36,
695,06/07/23 05:40:00 AM,7.54,17.34,
696,06/07/23 05:50:00 AM,8.12,17.32,
697,06/07/23 06:00:00 AM,7.78,17.30,
698,06/07/23 06:10:00 AM,7.50,17.28,
699,06/07/23 06:20:00 AM,7.22,17.30,
700,06/07/23 06:30:00 AM,7.48,17.28,
701,06/07/23 06:40:00 AM,7.49,17.28,
702,06/07/23 06:50:00 AM,6.93,17.28,
703,06/07/23 07:00:00 AM,7.20,17.28,
704,06/07/23 07:10:00 AM,7.26,17.30,
705,06/07/23 07:20:00 AM,7.53,17.30,
706,06/07/23 07:30:00 AM,6.96,17.30,
707,06/07/23 07:40:00 AM,7.34,17.30,
708,06/07/23 07:50:00 AM,8.04,17.30,
709,06/07/23 08:00:00 AM,7.88,17.32,
710,06/07/23 08:10:00 AM,8.33,17.28,
711,06/07/23 08:20:00 AM,8.66,17.22,
712,06/07/23 08:30:00 AM,8.30,17.20,
713,06/07/23 08:40:00 AM,7.46,17.22,
714,06/07/23 08:50:00 AM,7.09,17.24,
715,06/07/23 09:00:00 AM,7.11,17.28,
716,06/07/23 09:10:00 AM,7.07,17.30,
717,06/07/23 09:20:00 AM,6.74,17.32,
718,06/07/23 09:30:00 AM,6.24,17.32,
719,06/07/23 09:40:00 AM,6.67,17.30,
720,06/07/23 09:50:00 AM,6.79,17.30,
721,06/07/23 10:00:00 AM,6.83,17.30,
722,06/07/23 10:10:00 AM,6.73,17.28,
723,06/07/23 10:20:00 AM,7.39,17.28,
724,06/07/23 10:30:00 AM,6.92,17.24,
725,06/07/23 10:40:00 AM,6.27,17.24,
726,06/07/23 10:50:00 AM,6.05,17.24,
727,06/07/23 11:00:00 AM,6.33,17.24,
728,06/07/23 11:10:00 AM,6.42,17.24,
729,06/07/23 11:20:00 AM,6.04,17.26,
730,06/07/23 11:30:00 AM,5.90,17.26,
731,06/07/23 11:40:00 AM,5.88,17.26,
732,06/07/23 11:50:00 AM,5.82,17.26,
733,06/07/23 12:00:00 PM,5.69,17.26,
734,06/07/23 12:10:00 PM,5.48,17.28,
735,06/07/23 12:20:00 PM,5.38,17.28,
736,06/07/23 12:30:00 PM,5.51,17.28,
737,06/07/23 12:40:00 PM,5.52,17.28,
738,06/07/23 12:50:00 PM,5.54,17.28,
739,06/07/23 01:00:00 PM,5.67,17.28,
740,06/07/23 01:10:00 PM,5.71,17.28,
741,06/07/23 01:20:00 PM,5.79,17.28,
742,06/07/23 01:30:00 PM,5.93,17.28,
743,06/07/23 01:40:00 PM,6.00,17.28,
744,06/07/23 01:50:00 PM,5.95,17.28,
745,06/07/23 02:00:00 PM,5.72,17.28,
746,06/07/23 02:10:00 PM,5.89,17.28,
747,06/07/23 02:20:00 PM,5.80,17.28,
748,06/07/23 02:30:00 PM,5.73,17.28,
749,06/07/23 02:40:00 PM,5.60,17.28,
750,06/07/23 02:50:00 PM,5.45,17.28,
751,06/07/23 03:00:00 PM,5.51,17.30,
752,06/07/23 03:10:00 PM,5.62,17.30,
753,06/07/23 03:20:00 PM,5.88,17.30,
754,06/07/23 03:30:00 PM,9.10,17.30,
755,06/07/23 03:40:00 PM,8.87,17.32,
756,06/07/23 03:50:00 PM,8.25,17.34,
757,06/07/23 04:00:00 PM,7.71,17.32,
758,06/07/23 04:10:00 PM,7.65,17.32,
759,06/07/23 04:20:00 PM,7.74,17.32,
760,06/07/23 04:30:00 PM,7.49,17.32,
761,06/07/23 04:40:00 PM,7.75,17.32,
762,06/07/23 04:50:00 PM,8.33,17.30,
763,06/07/23 05:00:00 PM,8.36,17.30,
764,06/07/23 05:10:00 PM,8.75,17.32,
765,06/07/23 05:20:00 PM,8.77,17.32,
766,06/07/23 05:30:00 PM,8.69,17.32,
767,06/07/23 05:40:00 PM,8.68,17.32,
768,06/07/23 05:50:00 PM,8.55,17.32,
769,06/07/23 06:00:00 PM,8.46,17.32,
770,06/07/23 06:10:00 PM,8.18,17.32,
771,06/07/23 06:20:00 PM,7.80,17.32,
772,06/07/23 06:30:00 PM,7.61,17.32,
773,06/07/23 06:40:00 PM,7.37,17.34,
774,06/07/23 06:50:00 PM,7.12,17.34,
775,06/07/23 07:00:00 PM,6.90,17.34,
776,06/07/23 07:10:00 PM,6.64,17.34,
777,06/07/23 07:20:00 PM,6.43,17.34,
778,06/07/23 07:30:00 PM,6.33,17.34,
779,06/07/23 07:40:00 PM,6.42,17.34,
780,06/07/23 07:50:00 PM,7.61,17.34,
781,06/07/23 08:00:00 PM,8.18,17.34,
782,06/07/23 08:10:00 PM,8.18,17.36,
783,06/07/23 08:20:00 PM,7.81,17.36,
784,06/07/23 08:30:00 PM,7.25,17.34,
785,06/07/23 08:40:00 PM,7.16,17.34,
786,06/07/23 08:50:00 PM,7.55,17.36,
787,06/07/23 09:00:00 PM,8.28,17.36,
788,06/07/23 09:10:00 PM,8.13,17.36,
789,06/07/23 09:20:00 PM,8.35,17.36,
790,06/07/23 09:30:00 PM,7.52,17.36,
791,06/07/23 09:40:00 PM,7.22,17.36,
792,06/07/23 09:50:00 PM,7.21,17.38,
793,06/07/23 10:00:00 PM,6.81,17.38,
794,06/07/23 10:10:00 PM,6.50,17.38,
795,06/07/23 10:20:00 PM,6.66,17.40,
796,06/07/23 10:30:00 PM,6.95,17.40,
797,06/07/23 10:40:00 PM,6.92,17.40,
798,06/07/23 10:50:00 PM,6.94,17.40,
799,06/07/23 11:00:00 PM,6.79,17.38,
800,06/07/23 11:10:00 PM,6.44,17.38,
801,06/07/23 11:20:00 PM,6.53,17.38,
802,06/07/23 11:30:00 PM,6.68,17.38,
803,06/07/23 11:40:00 PM,6.79,17.36,
804,06/07/23 11:50:00 PM,6.74,17.36,
805,06/08/23 12:00:00 AM,6.66,17.34,
806,06/08/23 12:10:00 AM,6.51,17.34,
807,06/08/23 12:20:00 AM,6.45,17.32,
808,06/08/23 12:30:00 AM,6.39,17.32,
809,06/08/23 12:40:00 AM,6.42,17.30,
810,06/08/23 12:50:00 AM,6.80,17.28,
811,06/08/23 01:00:00 AM,7.00,17.28,
812,06/08/23 01:10:00 AM,7.28,17.28,
813,06/08/23 01:20:00 AM,8.90,17.26,
814,06/08/23 01:30:00 AM,9.02,17.26,
815,06/08/23 01:40:00 AM,9.00,17.26,
816,06/08/23 01:50:00 AM,8.84,17.24,
817,06/08/23 02:00:00 AM,8.65,17.24,
818,06/08/23 02:10:00 AM,8.61,17.24,
819,06/08/23 02:20:00 AM,8.48,17.22,
820,06/08/23 02:30:00 AM,8.41,17.22,
821,06/08/23 02:40:00 AM,8.30,17.22,
822,06/08/23 02:50:00 AM,8.20,17.22,
823,06/08/23 03:00:00 AM,7.88,17.20,
824,06/08/23 03:10:00 AM,7.92,17.20,
825,06/08/23 03:20:00 AM,7.92,17.20,
826,06/08/23 03:30:00 AM,8.22,17.20,
827,06/08/23 03:40:00 AM,8.31,17.18,
828,06/08/23 03:50:00 AM,8.35,17.18,
829,06/08/23 04:00:00 AM,8.09,17.16,
830,06/08/23 04:10:00 AM,7.60,17.16,
831,06/08/23 04:20:00 AM,7.75,17.16,
832,06/08/23 04:30:00 AM,7.57,17.16,
833,06/08/23 04:40:00 AM,7.96,17.14,
834,06/08/23 04:50:00 AM,7.49,17.14,
835,06/08/23 05:00:00 AM,6.86,17.14,
836,06/08/23 05:10:00 AM,7.15,17.12,
837,06/08/23 05:20:00 AM,7.42,17.12,
838,06/08/23 05:30:00 AM,7.54,17.12,
839,06/08/23 05:40:00 AM,7.91,17.12,
840,06/08/23 05:50:00 AM,7.95,17.12,
841,06/08/23 06:00:00 AM,8.04,17.10,
842,06/08/23 06:10:00 AM,7.98,17.10,
843,06/08/23 06:20:00 AM,8.09,17.10,
844,06/08/23 06:30:00 AM,8.03,17.10,
845,06/08/23 06:40:00 AM,7.94,17.08,
846,06/08/23 06:50:00 AM,8.09,17.08,
847,06/08/23 07:00:00 AM,8.13,17.08,
848,06/08/23 07:10:00 AM,8.03,17.08,
849,06/08/23 07:20:00 AM,8.11,17.08,
850,06/08/23 07:30:00 AM,8.00,17.08,
851,06/08/23 07:40:00 AM,8.06,17.08,
852,06/08/23 07:50:00 AM,7.81,17.10,
853,06/08/23 08:00:00 AM,7.89,17.10,
854,06/08/23 08:10:00 AM,7.92,17.10,
855,06/08/23 08:20:00 AM,8.09,17.10,
856,06/08/23 08:30:00 AM,8.02,17.10,
857,06/08/23 08:40:00 AM,7.96,17.12,
858,06/08/23 08:50:00 AM,8.00,17.12,
859,06/08/23 09:00:00 AM,7.89,17.12,
860,06/08/23 09:10:00 AM,7.84,17.12,
861,06/08/23 09:20:00 AM,7.74,17.12,
862,06/08/23 09:30:00 AM,7.84,17.12,
863,06/08/23 09:40:00 AM,7.90,17.12,
864,06/08/23 09:50:00 AM,7.92,17.14,
865,06/08/23 10:00:00 AM,7.84,17.14,
866,06/08/23 10:10:00 AM,7.86,17.16,
867,06/08/23 10:20:00 AM,7.79,17.18,
868,06/08/23 10:30:00 AM,7.65,17.18,
869,06/08/23 10:40:00 AM,7.46,17.18,
870,06/08/23 10:50:00 AM,7.22,17.18,
871,06/08/23 11:00:00 AM,6.97,17.18,
872,06/08/23 11:10:00 AM,7.28,17.18,
873,06/08/23 11:20:00 AM,7.54,17.18,
874,06/08/23 11:30:00 AM,7.86,17.20,
875,06/08/23 11:40:00 AM,7.78,17.20,
876,06/08/23 11:50:00 AM,7.81,17.20,
877,06/08/23 12:00:00 PM,7.49,17.22,
878,06/08/23 12:10:00 PM,7.53,17.22,
879,06/08/23 12:20:00 PM,7.54,17.22,
880,06/08/23 12:30:00 PM,7.61,17.22,
881,06/08/23 12:40:00 PM,7.90,17.22,
882,06/08/23 12:50:00 PM,7.88,17.22,
883,06/08/23 01:00:00 PM,7.72,17.22,
884,06/08/23 01:10:00 PM,7.72,17.24,
885,06/08/23 01:20:00 PM,7.68,17.22,
886,06/08/23 01:30:00 PM,7.77,17.24,
887,06/08/23 01:40:00 PM,7.65,17.24,
888,06/08/23 01:50:00 PM,7.53,17.24,
889,06/08/23 02:00:00 PM,7.55,17.24,
890,06/08/23 02:10:00 PM,7.53,17.26,
891,06/08/23 02:20:00 PM,8.04,17.26,
892,06/08/23 02:30:00 PM,8.06,17.28,
893,06/08/23 02:40:00 PM,8.27,17.28,
894,06/08/23 02:50:00 PM,8.18,17.28,
895,06/08/23 03:00:00 PM,8.20,17.28,
896,06/08/23 03:10:00 PM,8.06,17.30,
897,06/08/23 03:20:00 PM,7.85,17.34,
898,06/08/23 03:30:00 PM,7.22,17.36,
899,06/08/23 03:40:00 PM,7.05,17.38,
900,06/08/23 03:50:00 PM,7.92,17.36,
901,06/08/23 04:00:00 PM,7.51,17.36,
902,06/08/23 04:10:00 PM,7.37,17.36,
903,06/08/23 04:20:00 PM,7.93,17.36,
904,06/08/23 04:30:00 PM,7.91,17.38,
905,06/08/23 04:40:00 PM,7.46,17.40,
906,06/08/23 04:50:00 PM,7.64,17.40,
907,06/08/23 05:00:00 PM,7.71,17.40,
908,06/08/23 05:10:00 PM,8.27,17.40,
909,06/08/23 05:20:00 PM,8.73,17.38,
910,06/08/23 05:30:00 PM,8.48,17.38,
911,06/08/23 05:40:00 PM,8.53,17.40,
912,06/08/23 05:50:00 PM,8.52,17.40,
913,06/08/23 06:00:00 PM,8.40,17.40,
914,06/08/23 06:10:00 PM,8.17,17.40,
915,06/08/23 06:20:00 PM,8.07,17.40,
916,06/08/23 06:30:00 PM,8.38,17.40,
917,06/08/23 06:40:00 PM,8.47,17.40,
918,06/08/23 06:50:00 PM,8.49,17.40,
919,06/08/23 07:00:00 PM,8.58,17.40,
920,06/08/23 07:10:00 PM,8.31,17.40,
921,06/08/23 07:20:00 PM,7.64,17.40,
922,06/08/23 07:30:00 PM,7.28,17.42,
923,06/08/23 07:40:00 PM,8.21,17.42,
924,06/08/23 07:50:00 PM,8.12,17.42,
925,06/08/23 08:00:00 PM,8.03,17.42,
926,06/08/23 08:10:00 PM,8.13,17.42,
927,06/08/23 08:20:00 PM,8.08,17.42,
928,06/08/23 08:30:00 PM,7.74,17.40,
929,06/08/23 08:40:00 PM,7.86,17.40,
930,06/08/23 08:50:00 PM,7.70,17.40,
931,06/08/23 09:00:00 PM,7.38,17.40,
932,06/08/23 09:10:00 PM,8.05,17.40,
933,06/08/23 09:20:00 PM,8.17,17.40,
934,06/08/23 09:30:00 PM,8.09,17.40,
935,06/08/23 09:40:00 PM,8.28,17.40,
936,06/08/23 09:50:00 PM,8.13,17.40,
937,06/08/23 10:00:00 PM,8.13,17.40,
938,06/08/23 10:10:00 PM,7.79,17.40,
939,06/08/23 10:20:00 PM,7.43,17.40,
940,06/08/23 10:30:00 PM,7.00,17.42,
941,06/08/23 10:40:00 PM,6.65,17.42,
942,06/08/23 10:50:00 PM,6.69,17.42,
943,06/08/23 11:00:00 PM,7.36,17.42,
944,06/08/23 11:10:00 PM,7.11,17.42,
945,06/08/23 11:20:00 PM,6.66,17.42,
946,06/08/23 11:30:00 PM,6.41,17.42,
947,06/08/23 11:40:00 PM,6.51,17.44,
948,06/08/23 11:50:00 PM,6.49,17.44,
949,06/09/23 12:00:00 AM,6.13,17.44,
950,06/09/23 12:10:00 AM,5.61,17.44,
951,06/09/23 12:20:00 AM,5.07,17.44,
952,06/09/23 12:30:00 AM,5.09,17.44,
953,06/09/23 12:40:00 AM,5.38,17.42,
954,06/09/23 12:50:00 AM,5.72,17.42,
955,06/09/23 01:00:00 AM,5.96,17.42,
956,06/09/23 01:10:00 AM,6.25,17.42,
957,06/09/23 01:20:00 AM,6.54,17.42,
958,06/09/23 01:30:00 AM,7.82,17.42,
959,06/09/23 01:40:00 AM,7.64,17.42,
960,06/09/23 01:50:00 AM,7.25,17.42,
961,06/09/23 02:00:00 AM,6.69,17.42,
962,06/09/23 02:10:00 AM,6.72,17.40,
963,06/09/23 02:20:00 AM,6.40,17.40,
964,06/09/23 02:30:00 AM,6.16,17.40,
965,06/09/23 02:40:00 AM,5.77,17.40,
966,06/09/23 02:50:00 AM,5.11,17.40,
967,06/09/23 03:00:00 AM,4.96,17.40,
968,06/09/23 03:10:00 AM,5.12,17.40,
969,06/09/23 03:20:00 AM,4.70,17.40,
970,06/09/23 03:30:00 AM,4.95,17.40,
971,06/09/23 03:40:00 AM,5.33,17.40,
972,06/09/23 03:50:00 AM,6.66,17.40,
973,06/09/23 04:00:00 AM,6.51,17.40,
974,06/09/23 04:10:00 AM,6.10,17.40,
975,06/09/23 04:20:00 AM,6.42,17.40,
976,06/09/23 04:30:00 AM,6.85,17.40,
977,06/09/23 04:40:00 AM,6.58,17.40,
978,06/09/23 04:50:00 AM,6.84,17.40,
979,06/09/23 05:00:00 AM,7.12,17.40,
980,06/09/23 05:10:00 AM,7.14,17.40,
981,06/09/23 05:20:00 AM,7.23,17.40,
982,06/09/23 05:30:00 AM,7.25,17.40,
983,06/09/23 05:40:00 AM,7.51,17.42,
984,06/09/23 05:50:00 AM,7.34,17.40,
985,06/09/23 06:00:00 AM,6.78,17.40,
986,06/09/23 06:10:00 AM,5.70,17.44,
987,06/09/23 06:20:00 AM,5.95,17.46,
988,06/09/23 06:30:00 AM,6.53,17.50,
989,06/09/23 06:40:00 AM,7.63,17.50,
990,06/09/23 06:50:00 AM,7.51,17.52,
991,06/09/23 07:00:00 AM,6.66,17.52,
992,06/09/23 07:10:00 AM,6.44,17.52,
993,06/09/23 07:20:00 AM,6.51,17.52,
994,06/09/23 07:30:00 AM,7.09,17.52,
995,06/09/23 07:40:00 AM,7.14,17.52,
996,06/09/23 07:50:00 AM,7.47,17.54,
997,06/09/23 08:00:00 AM,7.58,17.54,
998,06/09/23 08:10:00 AM,7.34,17.54,
999,06/09/23 08:20:00 AM,7.01,17.54,
1000,06/09/23 08:30:00 AM,8.03,17.56,
1001,06/09/23 08:40:00 AM,8.09,17.56,
1002,06/09/23 08:50:00 AM,7.99,17.56,
1003,06/09/23 09:00:00 AM,7.86,17.56,
1004,06/09/23 09:10:00 AM,8.10,17.58,
1005,06/09/23 09:20:00 AM,8.08,17.58,
1006,06/09/23 09:30:00 AM,8.13,17.58,
1007,06/09/23 09:40:00 AM,8.23,17.60,
1008,06/09/23 09:50:00 AM,8.32,17.60,
1009,06/09/23 10:00:00 AM,8.45,17.62,
1010,06/09/23 10:10:00 AM,8.33,17.62,
1011,06/09/23 10:20:00 AM,8.20,17.62,
1012,06/09/23 10:30:00 AM,8.22,17.62,
1013,06/09/23 10:40:00 AM,8.22,17.62,
1014,06/09/23 10:50:00 AM,8.09,17.64,
1015,06/09/23 11:00:00 AM,7.94,17.64,
1016,06/09/23 11:10:00 AM,7.84,17.64,
1017,06/09/23 11:20:00 AM,7.77,17.66,
1018,06/09/23 11:30:00 AM,7.70,17.66,
1019,06/09/23 11:40:00 AM,7.57,17.66,
1020,06/09/23 11:50:00 AM,7.38,17.66,
1021,06/09/23 12:00:00 PM,7.88,17.66,
1022,06/09/23 12:10:00 PM,7.88,17.66,
1023,06/09/23 12:20:00 PM,7.54,17.66,
1024,06/09/23 12:30:00 PM,7.15,17.66,
1025,06/09/23 12:40:00 PM,9.12,18.10,
1026,06/09/23 12:44:07 PM,,,Logged
1027,06/09/23 12:44:10 PM,,,