Date Time,HighRange,temp,Specific Conductance.factory.calibration (Î¼S/cm),Salinity.factory.calibration (ppt)
06/02/23 11:00:00.000,0,24.38,0,0.012302925989673
06/02/23 11:10:00.000,0,24.84,0,0.012302925989673
06/02/23 11:20:00.000,0,25.2,0,0.012302925989673
06/02/23 11:30:00.000,0,26.51,0,0.012302925989673
06/02/23 11:40:00.000,0,26.41,0,0.012302925989673
06/02/23 11:50:00.000,0,27.09,0,0.012302925989673
06/02/23 12:00:00.000,0,31.18,0,0.012302925989673
06/02/23 12:10:00.000,30064.6,22.22,31811.4419846905,19.8106896597422
06/02/23 12:20:00.000,30697.7,21.81,32758.2788655567,20.4616731647267
06/02/23 12:30:00.000,30687.6,21.7,32822.6764600959,20.5060405892
06/02/23 12:40:00.000,30685.1,21.73,32799.4805102467,20.4900581442974
06/02/23 12:50:00.000,30712.8,21.73,32829.0494907493,20.5104319915996
06/02/23 13:00:00.000,30730.4,21.75,32834.1454484207,20.5139434957763
06/02/23 13:10:00.000,30738,21.75,32842.2549069041,20.5195316826078
06/02/23 13:20:00.000,30760.8,21.78,32846.0440745725,20.5221428421852
06/02/23 13:30:00.000,30735.5,21.78,32819.0646524224,20.5035518865705
06/02/23 13:40:00.000,30722.9,21.8,32791.9638894431,20.4848793756973
06/02/23 13:50:00.000,30722.9,21.84,32764.663814102,20.4660716242178
06/02/23 14:00:00.000,30788.6,21.89,32800.496619271,20.4907582308374
06/02/23 14:10:00.000,30796.2,21.9,32801.7599002477,20.4916286198375
06/02/23 14:20:00.000,30770.9,21.97,32727.1900390758,20.4402583500615
06/02/23 14:30:00.000,30854.6,22.12,32714.1004913996,20.4312427326091
06/02/23 14:40:00.000,30869.8,22.04,32784.5577321822,20.4797768690385
06/02/23 14:50:00.000,30874.9,22.04,32789.9675229502,20.4835039545001
06/02/23 15:00:00.000,30887.7,22.01,32823.9807377352,20.5069393058552
06/02/23 15:10:00.000,30844.4,22.05,32750.8169982666,20.4565329832996
06/02/23 15:20:00.000,30798.7,22.02,32722.7217538319,20.4371806990753
06/02/23 15:30:00.000,30849.5,21.99,32797.0548218392,20.4883868867374
06/02/23 15:40:00.000,30781,22.13,32629.3909374793,20.3729094390753
06/02/23 15:50:00.000,30862.2,22.17,32688.258973251,20.4134454234716
06/02/23 16:00:00.000,30910.6,22.38,32597.5496800789,20.3509879084049
06/02/23 16:10:00.000,30895.3,22.23,32682.6441130002,20.4095786620637
06/02/23 16:20:00.000,30913.2,22.26,32681.2621420867,20.40862695976
06/02/23 16:30:00.000,30846.9,22.32,32570.8041320528,20.3325767915465
06/02/23 16:40:00.000,30836.8,22.42,32492.9532751128,20.278997240306
06/02/23 16:50:00.000,30813.9,22.58,32361.8932616341,20.1888359771881
06/02/23 17:00:00.000,30849.5,22.57,32405.9201431269,20.2191183698249
06/02/23 17:10:00.000,30836.8,22.36,32533.2440640606,20.3067245703377
06/02/23 17:20:00.000,30854.6,22.58,32404.5962530689,20.2182076973061
06/02/23 17:30:00.000,30824.1,22.54,32399.2871102021,20.2145557137484
06/02/23 17:40:00.000,30885.1,22.54,32463.3407394937,20.2586213922401
06/02/23 17:50:00.000,30869.8,22.53,32453.9632839785,20.2521694508734
06/02/23 18:00:00.000,30839.3,22.39,32515.7212976845,20.2946651842848
06/02/23 18:10:00.000,30849.5,22.38,32533.1834163811,20.3066828303572
06/02/23 18:20:00.000,30864.7,22.36,32562.6474755689,20.3269623082081
06/02/23 18:30:00.000,30844.4,22.34,32554.7057679809,20.3214959610214
06/02/23 18:40:00.000,30857.1,22.42,32514.3212184911,20.2937016696784
06/02/23 18:50:00.000,30864.7,22.29,32609.8013089226,20.3594223649052
06/02/23 19:00:00.000,30844.4,22.32,32568.1672835562,20.3307617452496
06/02/23 19:10:00.000,30867.3,22.38,32551.9349865249,20.3195888495811
06/02/23 19:20:00.000,30852,22.29,32596.3979909514,20.3501950664302
06/02/23 19:30:00.000,30859.7,22.32,32584.304790205,20.3418701311569
06/02/23 19:40:00.000,30887.7,22.39,32566.6983880713,20.3297506553375
06/02/23 19:50:00.000,30918.3,22.46,32551.8574133638,20.3195354567737
06/02/23 20:00:00.000,30933.6,22.46,32567.9492321648,20.3306116527967
06/02/23 20:10:00.000,30905.5,22.42,32565.267347885,20.3287656283386
06/02/23 20:20:00.000,30971.9,22.55,32547.7777888074,20.3167275171213
06/02/23 20:30:00.000,30943.8,22.47,32571.9566962336,20.3333701528525
06/02/23 20:40:00.000,30964.3,22.53,32553.2135968747,20.3204689063515
06/02/23 20:50:00.000,30977.1,22.59,32526.4247915488,20.3020313592222
06/02/23 21:00:00.000,30964.3,22.52,32559.9243847768,20.3250879608487
06/02/23 21:10:00.000,30941.2,22.52,32535.6583473753,20.3083861780016
06/02/23 21:20:00.000,30979.6,22.57,32542.4497749935,20.3130604019251
06/02/23 21:30:00.000,30956.6,22.59,32504.9204035293,20.2872323054927
06/02/23 21:40:00.000,31007.8,22.69,32491.6958711281,20.2781319931942
06/02/23 21:50:00.000,31036,22.74,32487.8084257154,20.275456985394
06/02/23 22:00:00.000,31018.1,22.69,32502.4787381383,20.2855520639807
06/02/23 22:10:00.000,31010.4,22.68,32501.1011903021,20.2846041065075
06/02/23 22:20:00.000,30979.6,22.63,32502.2701112101,20.2854084973299
06/02/23 22:30:00.000,30964.3,22.6,32506.3031313713,20.2881838424746
06/02/23 22:40:00.000,30925.9,22.5,32532.9982863418,20.3065554170677
06/02/23 22:50:00.000,30925.9,22.53,32512.883372797,20.2927121704531
06/02/23 23:00:00.000,30984.7,22.65,32494.2388294776,20.2798818629164
06/02/23 23:10:00.000,30964.3,22.62,32492.9210184038,20.2789750437051
06/02/23 23:20:00.000,30948.9,22.53,32537.0395067484,20.3093367552664
06/02/23 23:30:00.000,31002.7,22.57,32566.691293268,20.3297457717618
06/02/23 23:40:00.000,31033.5,22.62,32565.4674263086,20.3289033478483
06/02/23 23:50:00.000,30987.3,22.58,32543.8262449263,20.3140077780318
06/03/23 00:00:00.000,30995,22.52,32592.1740059909,20.3472872368089
06/03/23 00:10:00.000,31005.2,22.48,32629.7899881739,20.3731841888604
06/03/23 00:20:00.000,31000.1,22.42,32664.8434666007,20.3973205545271
06/03/23 00:30:00.000,31007.8,22.38,32699.9452950422,20.4214936762599
06/03/23 00:40:00.000,30987.3,22.33,32712.1264880345,20.4298831507187
06/03/23 00:50:00.000,31020.6,22.29,32774.3341179052,20.4727335154137
06/03/23 01:00:00.000,30977.1,22.25,32755.5182254302,20.4597714521059
06/03/23 01:10:00.000,31012.9,22.25,32793.331113134,20.4858213476995
06/03/23 01:20:00.000,30989.9,22.25,32769.0379266038,20.4690849263213
06/03/23 01:30:00.000,31005.2,22.27,32771.6350916551,20.4708741245157
06/03/23 01:40:00.000,31005.2,22.27,32771.6350916551,20.4708741245157
06/03/23 01:50:00.000,30982.2,22.25,32760.9049826315,20.4634822287973
06/03/23 02:00:00.000,31005.2,22.27,32771.6350916551,20.4708741245157
06/03/23 02:10:00.000,30997.5,22.25,32777.0652441822,20.4746150412342
06/03/23 02:20:00.000,30979.6,22.23,32771.7203564887,20.4709328641484
06/03/23 02:30:00.000,30956.6,22.22,32754.1966692082,20.458861083821
06/03/23 02:40:00.000,30974.5,22.22,32773.1146422407,20.4718934017642
06/03/23 02:50:00.000,30971.9,22.23,32763.58411142,20.4653278312383
06/03/23 03:00:00.000,30936.1,22.26,32705.4449203321,20.4252813460344
06/03/23 03:10:00.000,30992.4,22.29,32744.5726848807,20.452231646258
06/03/23 03:20:00.000,30920.8,22.33,32642.0009627984,20.3815917650659
06/03/23 03:30:00.000,30941.2,22.31,32677.0207043662,20.4057061025633
06/03/23 03:40:00.000,30964.3,22.37,32660.8659635303,20.3945816376224
06/03/23 03:50:00.000,30941.2,22.28,32697.2995918494,20.4196715733293
06/03/23 04:00:00.000,30925.9,22.26,32694.6735560172,20.4178630348307
06/03/23 04:10:00.000,30931,22.27,32693.2947405758,20.4169134589012
06/03/23 04:20:00.000,30915.7,22.26,32683.9021850183,20.4104450453442
06/03/23 04:30:00.000,30900.4,22.26,32667.7451159839,20.3993186644207
06/03/23 04:40:00.000,30882.6,22.27,32642.193836604,20.3817245671048
06/03/23 04:50:00.000,30887.7,22.36,32586.8868109069,20.343647554481
06/03/23 05:00:00.000,30872.4,22.26,32638.1765846621,20.3789585353081
06/03/23 05:10:00.000,30872.4,22.32,32597.6999642969,20.3510913668387
06/03/23 05:20:00.000,30854.6,22.38,32538.5560592491,20.3103805224862
06/03/23 05:30:00.000,30862.2,22.37,32553.2863879096,20.3205190079483
06/03/23 05:40:00.000,30836.8,22.37,32526.5231030431,20.3020990189687
06/03/23 05:50:00.000,30844.4,22.41,32507.6640220301,20.2891203572587
06/03/23 06:00:00.000,30834.2,22.33,32550.679188012,20.3187244984898
06/03/23 06:10:00.000,30793.7,22.37,32481.1097217128,20.2708476095809
06/03/23 06:20:00.000,30765.8,22.28,32512.1485074721,20.2922064517675
06/03/23 06:30:00.000,30763.3,22.18,32576.8777997284,20.3367576098574
06/03/23 06:40:00.000,30760.8,22.16,32587.7341777128,20.3442308728441
06/03/23 06:50:00.000,30725.4,22.11,32584.0298623786,20.3416808761772
06/03/23 07:00:00.000,30690.1,22.05,32587.1764213155,20.3438469190012
06/03/23 07:10:00.000,30715.3,22.05,32613.9020214324,20.3622455354574
06/03/23 07:20:00.000,30700.2,22.05,32597.8878774963,20.3512207298485
06/03/23 07:30:00.000,30685.1,22.04,32588.6372177635,20.3448525183069
06/03/23 07:40:00.000,20482.8,22.01,21776.2181711426,13.0750371046899
06/03/23 07:50:00.000,20830.4,21.97,22163.9755482042,13.3293835549369
06/03/23 08:00:00.000,20748.2,21.92,22099.713899933,13.2871964696824
06/03/23 08:10:00.000,21997.7,21.9,23439.1144829089,14.1693484548756
06/03/23 08:20:00.000,20603.7,21.86,21973.5519963618,13.2044130884881
06/03/23 08:30:00.000,20944.2,21.86,22336.3444652071,13.4426105642705
06/03/23 08:40:00.000,20238.3,21.86,21584.2176712601,12.9492849128092
06/03/23 08:50:00.000,20205.7,21.85,21554.001434264,12.9295060202695
06/03/23 09:00:00.000,18449.5,21.84,19686.3389478575,11.7131386506685
06/03/23 09:10:00.000,16358.3,21.8,17471.3538399747,10.2869281584482
06/03/23 09:20:00.000,14781.1,21.78,15794.6863477862,9.21989132366018
06/03/23 09:30:00.000,12746.4,21.76,13627.560197538,7.8580164647324
06/03/23 09:40:00.000,26411.8,21.73,28237.1069195615,17.3764388329034
06/03/23 09:50:00.000,30622.2,21.7,32752.8207933977,20.4579133021162
06/03/23 10:00:00.000,30659.9,21.7,32793.0893155047,20.4856547567304
06/03/23 10:10:00.000,30667.4,21.69,32807.9430869367,20.4958888433947
06/03/23 10:20:00.000,30637.3,21.66,32796.3089033543,20.4878729650637
06/03/23 10:30:00.000,30634.8,21.65,32800.481665678,20.4907479279759
06/03/23 10:40:00.000,30629.8,21.62,32815.6824743701,20.5012214425951
06/03/23 10:50:00.000,30642.3,21.64,32815.3501363169,20.5009924512946
06/03/23 11:00:00.000,30607.2,21.59,32812.0568919728,20.4987233198334
06/03/23 11:10:00.000,30612.2,21.59,32817.4095722294,20.5024114719672
06/03/23 11:20:00.000,30612.2,21.59,32817.4095722294,20.5024114719672
06/03/23 11:30:00.000,30574.6,21.6,32770.3108720364,20.4699618615462
06/03/23 11:40:00.000,30599.7,21.62,32783.4791047546,20.4790337564879
06/03/23 11:50:00.000,30627.3,21.62,32813.007778713,20.4993785025322
06/03/23 12:00:00.000,30602.2,21.64,32772.4655260127,20.4714462183223
06/03/23 12:10:00.000,30614.7,21.63,32792.6792341219,20.4853722239183
06/03/23 12:20:00.000,30584.6,21.66,32739.9723010982,20.4490627849114
06/03/23 12:30:00.000,30569.6,21.62,32751.2756611564,20.4568489332746
06/03/23 12:40:00.000,30602.2,21.62,32786.1538060441,20.480876478558
06/03/23 12:50:00.000,30557.1,21.55,32785.8175651026,20.4806448259392
06/03/23 13:00:00.000,30524.7,21.49,32792.2250179395,20.4850592842079
06/03/23 13:10:00.000,30492.3,21.45,32784.9022231944,20.4800142043139
06/03/23 13:20:00.000,30514.7,21.45,32808.9512337509,20.4965834680249
06/03/23 13:30:00.000,30512.2,21.5,32771.958987144,20.471097258843
06/03/23 13:40:00.000,30524.7,21.53,32764.8011478679,20.4661662318781
06/03/23 13:50:00.000,30509.7,21.53,32748.7232728354,20.4550907278489
06/03/23 14:00:00.000,30499.8,21.54,32731.2673647253,20.4430667661506
06/03/23 14:10:00.000,30497.3,21.54,32728.5882632039,20.4412214258627
06/03/23 14:20:00.000,30474.9,21.53,32711.4225297257,20.4293983066941
06/03/23 14:30:00.000,30487.3,21.52,32731.5577686374,20.4432667948848
06/03/23 14:40:00.000,30482.3,21.49,32746.7409512579,20.4537252239095
06/03/23 14:50:00.000,30460,21.43,32763.941505829,20.4655740351842
06/03/23 15:00:00.000,30447.5,21.39,32777.967983351,20.4752369603513
06/03/23 15:10:00.000,30437.6,21.41,32753.5994739324,20.458449701012
06/03/23 15:20:00.000,30445.1,21.39,32775.3881213441,20.4734596363253
06/03/23 15:30:00.000,30427.7,21.38,32763.5488274559,20.4653035246347
06/03/23 15:40:00.000,30432.6,21.37,32775.6853452462,20.4736643994955
06/03/23 15:50:00.000,30405.4,21.32,32780.7821020876,20.4771756903484
06/03/23 16:00:00.000,30390.5,21.31,32771.6157814015,20.4708608215289
06/03/23 16:10:00.000,30375.7,21.29,32769.4279267267,20.4693535978769
06/03/23 16:20:00.000,30323.8,21.28,32720.3892757371,20.4355741646949
06/03/23 16:30:00.000,30331.2,21.27,32735.2318551058,20.4457975073903
06/03/23 16:40:00.000,30343.6,21.27,32748.5941271032,20.4550017666658
06/03/23 16:50:00.000,30321.4,21.24,32745.2891837765,20.4527251942738
06/03/23 17:00:00.000,30346,21.24,32771.814557509,20.4709977600159
06/03/23 17:10:00.000,30351,21.23,32784.0898962453,20.4794545564582
06/03/23 17:20:00.000,30309.1,21.22,32745.7783447777,20.4530621452962
06/03/23 17:30:00.000,30277.1,21.18,32738.7638773789,20.448230401787
06/03/23 17:40:00.000,30299.2,21.16,32776.3996238759,20.474156480574
06/03/23 17:50:00.000,30223.1,20.9,32873.7477091632,20.5412349642045
06/03/23 18:00:00.000,30237.8,20.84,32931.3962528848,20.5809707004792
06/03/23 18:10:00.000,30196.2,20.8,32913.9713841004,20.5689591797738
06/03/23 18:20:00.000,30225.5,20.81,32938.891802613,20.5861378852115
06/03/23 18:30:00.000,30267.2,20.75,33026.11509242,20.6462783269473
06/03/23 18:40:00.000,30277.1,20.74,33043.8857436237,20.6585338023551
06/03/23 18:50:00.000,30284.5,20.73,33058.9391439928,20.6689160261641
06/03/23 19:00:00.000,30247.6,20.71,33032.7040427624,20.6508222732421
06/03/23 19:10:00.000,30250.1,20.68,33056.4102903195,20.6671718493021
06/03/23 19:20:00.000,30252.5,20.68,33059.0282145264,20.6689774593705
06/03/23 19:30:00.000,30245.2,20.68,33051.0653597849,20.6634854536817
06/03/23 19:40:00.000,30237.8,20.66,33056.9875338748,20.6675699786496
06/03/23 19:50:00.000,30215.7,20.63,33053.8655407645,20.6654167269673
06/03/23 20:00:00.000,30188.8,20.61,33038.4891628302,20.6548119733197
06/03/23 20:10:00.000,30179,20.59,33041.7859388912,20.6570856323279
06/03/23 20:20:00.000,30140,20.48,33076.2573904339,20.6808610834663
06/03/23 20:30:00.000,30154.6,20.45,33113.3368910179,20.7064390581907
06/03/23 20:40:00.000,30154.6,20.45,33113.3368910179,20.7064390581907
06/03/23 20:50:00.000,30135.1,20.47,33077.9124109291,20.6820026584089
06/03/23 21:00:00.000,30166.8,20.43,33140.784754779,20.7253754699724
06/03/23 21:10:00.000,30188.8,20.43,33164.9073231506,20.7420194853946
06/03/23 21:20:00.000,30210.8,20.44,33181.9803973327,20.7538004964629
06/03/23 21:30:00.000,30205.9,20.36,33233.0654846481,20.7890558410423
06/03/23 21:40:00.000,30176.6,20.22,33299.9842177401,20.8352494953912
06/03/23 21:50:00.000,30191.3,20.12,33387.2898510131,20.8955349279675
06/03/23 22:00:00.000,30137.5,20.02,33399.1636740941,20.9037355681114
06/03/23 22:10:00.000,30159.5,19.97,33459.2373134185,20.9452313772298
06/03/23 22:20:00.000,30144.9,19.91,33486.0312984367,20.963742542871
06/03/23 22:30:00.000,30132.7,19.81,33544.2796288706,21.0039914830243
06/03/23 22:40:00.000,30149.7,19.76,33599.1642865978,21.0419248140051
06/03/23 22:50:00.000,30125.4,19.69,33622.6155315281,21.0581356145738
06/03/23 23:00:00.000,30144.9,19.64,33680.4809718731,21.098141964132
06/03/23 23:10:00.000,30137.5,19.53,33751.9734693313,21.1475824985043
06/03/23 23:20:00.000,30103.4,19.47,33757.4531416528,21.1513725445296
06/03/23 23:30:00.000,30098.6,19.45,33766.6285167389,21.1577189309649
06/03/23 23:40:00.000,30113.2,19.42,33804.816560436,21.1841351967289
06/03/23 23:50:00.000,30091.3,19.34,33838.6252944353,21.2075254928831
06/04/23 00:00:00.000,30120.5,19.31,33893.3210990881,21.2453730608738
06/04/23 00:10:00.000,30103.4,19.29,33888.7576976483,21.2422150303815
06/04/23 00:20:00.000,30098.6,19.28,33890.685903414,21.2435494079279
06/04/23 00:30:00.000,30079.1,19.27,33876.0997070385,21.2334555688438
06/04/23 00:40:00.000,30091.3,19.27,33889.8058330162,21.242940370932
06/04/23 00:50:00.000,30091.3,19.27,33889.8058330162,21.242940370932
06/04/23 01:00:00.000,30091.3,19.27,33889.8058330162,21.242940370932
06/04/23 01:10:00.000,30062.1,19.29,33842.3786545041,21.2101224201838
06/04/23 01:20:00.000,30088.9,19.31,33857.8500295235,21.2208273847507
06/04/23 01:30:00.000,30103.4,19.33,33859.5054788634,21.2219728637819
06/04/23 01:40:00.000,30088.9,19.33,33843.2360426009,21.2107156473515
06/04/23 01:50:00.000,30059.7,19.33,33810.4726682008,21.1880481074307
06/04/23 02:00:00.000,30088.9,19.34,33835.9329878391,21.2056627262128
06/04/23 02:10:00.000,30115.6,19.37,33843.9724890609,21.2112251965824
06/04/23 02:20:00.000,30071.8,19.37,33794.8689823219,21.1772536508513
06/04/23 02:30:00.000,30079.1,19.34,33824.9393936093,21.1980566317526
06/04/23 02:40:00.000,30079.1,19.35,33817.6412807003,21.1930075007362
06/04/23 02:50:00.000,30064.6,19.37,33786.7971456428,21.171669909426
06/04/23 03:00:00.000,30064.6,19.38,33779.5103210856,21.1666293603639
06/04/23 03:10:00.000,30071.8,19.37,33794.8689823219,21.1772536508513
06/04/23 03:20:00.000,30071.8,19.38,33787.580456693,21.1722117616087
06/04/23 03:30:00.000,30071.8,19.39,33780.2945488589,21.1671718308044
06/04/23 03:40:00.000,30069.4,19.4,33770.3223466933,21.1602739304438
06/04/23 03:50:00.000,30076.7,19.43,33756.6634596709,21.1508263514195
06/04/23 04:00:00.000,29999.2,19.45,33655.3796921183,21.0807865825527
06/04/23 04:10:00.000,30047.6,19.48,33687.7713892248,21.1031829908511
06/04/23 04:20:00.000,30052.4,19.5,33678.6323127755,21.0968637151505
06/04/23 04:30:00.000,30040.3,19.49,33672.3539730877,21.09252264973
06/04/23 04:40:00.000,30023.4,19.48,33660.7037176676,21.0844675429797
06/04/23 04:50:00.000,30018.5,19.45,33676.9804323691,21.0957215361635
06/04/23 05:00:00.000,29979.8,19.45,33633.6669758351,21.0657755163504
06/04/23 05:10:00.000,30001.6,19.44,33665.3194785051,21.0876588824488
06/04/23 05:20:00.000,30023.4,19.43,33696.9847946278,21.1095538970196
06/04/23 05:30:00.000,30023.4,19.39,33726.0565869396,21.129658072999
06/04/23 05:40:00.000,30040.3,19.39,33744.9950883751,21.1427559831194
06/04/23 05:50:00.000,30033,19.38,33744.0913013859,21.1421308993464
06/04/23 06:00:00.000,30018.5,19.37,33735.1147859459,21.1359226193372
06/04/23 06:10:00.000,30004,19.37,33718.8588805816,21.1246803846918
06/04/23 06:20:00.000,29996.7,19.32,33747.0679876109,21.1441896654403
06/04/23 06:30:00.000,29999.2,19.31,33757.1607609378,21.1511703156637
06/04/23 06:40:00.000,29984.7,19.29,33755.459363725,21.1499935272074
06/04/23 06:50:00.000,29967.8,19.28,33743.7682333765,21.1419074572361
06/04/23 07:00:00.000,29965.3,19.26,33755.5418131897,21.1500505540215
06/04/23 07:10:00.000,29984.7,19.26,33777.341727655,21.1651292976339
06/04/23 07:20:00.000,29970.2,19.27,33753.7546766925,21.1488144713857
06/04/23 07:30:00.000,29962.9,19.27,33745.5533381854,21.1431420850741
06/04/23 07:40:00.000,17437.7,19.28,19656.3659437342,11.6937185679262
06/04/23 07:50:00.000,15095.6,19.29,17016.2416445412,9.99618999279089
06/04/23 08:00:00.000,14440.5,19.32,16268.1069469202,9.52003679044298
06/04/23 08:10:00.000,30011.2,19.31,33770.6309676349,21.1604874033693
06/04/23 08:20:00.000,30008.8,19.31,33767.9369280371,21.1586239466809
06/04/23 08:30:00.000,30011.2,19.31,33770.6309676349,21.1604874033693
06/04/23 08:40:00.000,29996.7,19.32,33747.0679876109,21.1441896654403
06/04/23 08:50:00.000,30025.8,19.31,33787.0196897645,21.1718238532293
06/04/23 09:00:00.000,30004,19.31,33762.5488462292,21.154897092024
06/04/23 09:10:00.000,30020.9,19.31,33781.5193688057,21.1680190735578
06/04/23 09:20:00.000,30013.7,19.32,33766.1467553133,21.1573857023435
06/04/23 09:30:00.000,30035.5,19.33,33783.3193635155,21.1692641886013
06/04/23 09:40:00.000,30025.8,19.33,33772.4355761636,21.1617356553375
06/04/23 09:50:00.000,30013.7,19.32,33766.1467553133,21.1573857023435
06/04/23 10:00:00.000,30004,19.33,33747.9750539511,21.1448170248134
06/04/23 10:10:00.000,30013.7,19.32,33766.1467553133,21.1573857023435
06/04/23 10:20:00.000,29989.5,19.31,33746.272327944,21.1436393607719
06/04/23 10:30:00.000,29984.7,19.28,33762.7508615909,21.1550368215367
06/04/23 10:40:00.000,29991.9,19.31,33748.9663745456,21.1455026600446
06/04/23 10:50:00.000,30016.1,19.29,33790.7213044683,21.1743844472079
06/04/23 11:00:00.000,30008.8,19.29,33782.523478097,21.1687136475907
06/04/23 11:10:00.000,30006.4,19.29,33779.8283005367,21.16684931469
06/04/23 11:20:00.000,30008.8,19.28,33789.8206881642,21.1737614418857
06/04/23 11:30:00.000,30004,19.26,33799.0292143415,21.1801315870081
06/04/23 11:40:00.000,29996.7,19.24,33805.4332455976,21.1845618168797
06/04/23 11:50:00.000,29994.3,19.21,33824.6638231411,21.1978659782187
06/04/23 12:00:00.000,29847.5,18.81,33952.7815008345,21.28652698387
06/04/23 12:10:00.000,29826,18.66,34039.3793434121,21.3464809035017
06/04/23 12:20:00.000,29821.2,18.55,34115.6798970359,21.3993229718859
06/04/23 12:30:00.000,29823.6,18.51,34148.2332679786,21.4218727683681
06/04/23 12:40:00.000,29814,18.44,34189.5373338186,21.4504884150525
06/04/23 12:50:00.000,29809.2,18.47,34161.6366533369,21.4311581777197
06/04/23 13:00:00.000,29802.1,18.48,34146.0596888123,21.4203670335463
06/04/23 13:10:00.000,29816.4,18.48,34162.3973545445,21.4316851805504
06/04/23 13:20:00.000,29809.2,18.51,34131.7918988438,21.4104834265597
06/04/23 13:30:00.000,29830.8,18.54,34134.0830131297,21.4120704930311
06/04/23 13:40:00.000,29837.9,18.49,34179.49137038,21.4435280907663
06/04/23 13:50:00.000,29845.1,18.55,34142.9446633979,21.4182091399049
06/04/23 14:00:00.000,29842.7,18.68,34043.5443386682,21.3493649612161
06/04/23 14:10:00.000,29845.1,18.68,34046.2746474716,21.3512555940636
06/04/23 14:20:00.000,29861.9,18.72,34035.7173900085,21.3439452176583
06/04/23 14:30:00.000,29861.9,18.79,33983.8992119889,21.3080681838134
06/04/23 14:40:00.000,29840.3,18.75,33988.957335436,21.3115699177613
06/04/23 14:50:00.000,29866.7,18.81,33974.5636339835,21.3016053585805
06/04/23 15:00:00.000,29881.1,18.87,33946.5932243024,21.2822434767488
06/04/23 15:10:00.000,29871.5,18.93,33891.5188950315,21.2441258668758
06/04/23 15:20:00.000,29830.8,18.86,33896.9669487986,21.247896155608
06/04/23 15:30:00.000,29885.9,18.97,33878.3884604312,21.2350393771185
06/04/23 15:40:00.000,29871.5,19.03,33818.0694193226,21.1933037003435
06/04/23 15:50:00.000,29828.4,19.01,33784.0487464183,21.1697687291061
06/04/23 16:00:00.000,29840.3,19.06,33760.8774103507,21.153741001519
06/04/23 16:10:00.000,29873.9,19.13,33747.5887823011,21.144549865309
06/04/23 16:20:00.000,29922,19.13,33801.7883455289,21.182040305975
06/04/23 16:30:00.000,29895.5,19.16,33750.0066633616,21.1462221665084
06/04/23 16:40:00.000,29876.3,19.13,33750.2931350445,21.1464203026164
06/04/23 16:50:00.000,29840.3,19.11,33724.3287702017,21.128463160712
06/04/23 17:00:00.000,29881.1,19.13,33755.7018378104,21.1501612363502
06/04/23 17:10:00.000,29924.4,19.16,33782.5507669103,21.1687325241618
06/04/23 17:20:00.000,29943.6,19.33,33680.2033249632,21.0979499855233
06/04/23 17:30:00.000,29943.6,19.29,33709.3041767366,21.1180728998754
06/04/23 17:40:00.000,29895.5,19.19,33728.1090776782,21.1310775320136
06/04/23 17:50:00.000,29866.7,19.18,33702.9877293581,21.1137049468021
06/04/23 18:00:00.000,29859.5,19.24,33651.1945462444,21.0778930837596
06/04/23 18:10:00.000,29878.7,19.24,33672.7791448553,21.0928166250185
06/04/23 18:20:00.000,29878.7,19.24,33672.7791448553,21.0928166250185
06/04/23 18:30:00.000,29900.3,19.24,33697.0617504707,21.1096071116124
06/04/23 18:40:00.000,29859.5,19.21,33673.0270920175,21.0929880626415
06/04/23 18:50:00.000,29845.1,19.19,33671.3896309319,21.0918558792801
06/04/23 19:00:00.000,29804.4,19.16,33647.4186856381,21.0752825957702
06/04/23 19:10:00.000,29806.8,19.13,33671.9792194492,21.0922635353202
06/04/23 19:20:00.000,29888.3,19.21,33705.4244933195,21.115390005973
06/04/23 19:30:00.000,29873.9,19.23,33674.6613160703,21.0941180152727
06/04/23 19:40:00.000,29866.7,19.19,33695.6980136384,21.108664096636
06/04/23 19:50:00.000,29782.9,19.06,33696.1018435126,21.108943341777
06/04/23 20:00:00.000,29747.2,18.89,33780.1947479725,21.1671027958797
06/04/23 20:10:00.000,29675.9,18.69,33846.4090940985,21.2129111007151
06/04/23 20:20:00.000,29718.6,18.69,33894.9765809574,21.2465187254633
06/04/23 20:30:00.000,29723.4,18.71,33885.6684672783,21.2400772097056
06/04/23 20:40:00.000,29773.4,18.72,33935.1225037802,21.2743037581946
06/04/23 20:50:00.000,29780.6,18.72,33943.3065446257,21.2799684897827
06/04/23 21:00:00.000,29771,18.75,33910.2365237653,21.257079619886
06/04/23 21:10:00.000,29828.4,18.79,33945.8777065175,21.28174820426
06/04/23 21:20:00.000,29821.2,18.79,33937.7058955454,21.2760918793592
06/04/23 21:30:00.000,29814,18.75,33959.0821452697,21.2908883808874
06/04/23 21:40:00.000,29818.8,18.48,34165.1393368114,21.4335847996328
06/04/23 21:50:00.000,29826,18.44,34203.2589515655,21.459995859882
06/04/23 22:00:00.000,29811.6,18.38,34231.6939140648,21.479699556657
06/04/23 22:10:00.000,29804.4,18.35,34245.9322747717,21.4895667137555
06/04/23 22:20:00.000,29814,18.3,34294.4668668577,21.5232053077678
06/04/23 22:30:00.000,29806.8,18.28,34301.2392619309,21.5278996705521
06/04/23 22:40:00.000,29809.2,18.26,34319.0351642529,21.5402357072917
06/04/23 22:50:00.000,29816.4,18.24,34342.356551762,21.5564033099235
06/04/23 23:00:00.000,29802.1,18.22,34340.995448092,21.5554596805389
06/04/23 23:10:00.000,29802.1,18.19,34363.6069158829,21.5711364798325
06/04/23 23:20:00.000,29775.8,18.16,34355.9890519178,21.5658547664248
06/04/23 23:30:00.000,29778.2,18,34479.800659984,21.6517172567089
06/04/23 23:40:00.000,29771,17.92,34532.266330491,21.6881145993784
06/04/23 23:50:00.000,29766.3,17.9,34542.051359604,21.6949036699259
06/05/23 00:00:00.000,29782.9,17.88,34576.4930254595,21.7188021631074
06/05/23 00:10:00.000,29771,17.9,34547.4882669276,21.6986760311218
06/05/23 00:20:00.000,29787.7,17.88,34582.0479855327,21.7226569628678
06/05/23 00:30:00.000,29763.9,17.88,34554.5045966537,21.7035443843019
06/05/23 00:40:00.000,29766.3,17.88,34557.2820863791,21.7054716118742
06/05/23 00:50:00.000,29773.4,17.88,34565.4988200754,21.7111731133178
06/05/23 01:00:00.000,29771,17.9,34547.4882669276,21.6986760311218
06/05/23 01:10:00.000,29773.4,17.9,34550.264558332,21.7006023734872
06/05/23 01:20:00.000,29749.6,17.92,34507.5216620672,21.6709473772128
06/05/23 01:30:00.000,29756.7,17.93,34508.128109701,21.6713680949789
06/05/23 01:40:00.000,29763.9,17.93,34516.4516285089,21.6771425662169
06/05/23 01:50:00.000,29749.6,17.95,34484.7255604574,21.6551335161713
06/05/23 02:00:00.000,29756.7,17.95,34492.9299560694,21.66082481415
06/05/23 02:10:00.000,29756.7,17.97,34477.7429011256,21.6502898693806
06/05/23 02:20:00.000,29768.6,17.97,34491.4879977838,21.6598245302724
06/05/23 02:30:00.000,29771,17.97,34494.2601147414,21.6617475479235
06/05/23 02:40:00.000,29740,17.97,34458.4535167905,21.6369101415379
06/05/23 02:50:00.000,29718.6,18.02,34395.863403271,21.5935027306891
06/05/23 03:00:00.000,29740,18.03,34412.9836858755,21.6053748911536
06/05/23 03:10:00.000,29732.9,18.01,34419.9353845037,21.6101958184392
06/05/23 03:20:00.000,29735.3,18.02,34415.1321468446,21.6068648111877
06/05/23 03:30:00.000,29732.9,18.02,34412.3629894421,21.604944451427
06/05/23 03:40:00.000,29732.9,18.02,34412.3629894421,21.604944451427
06/05/23 03:50:00.000,29697.2,18.01,34378.7351864638,21.5816258783224
06/05/23 04:00:00.000,29697.2,18.01,34378.7351864638,21.5816258783224
06/05/23 04:10:00.000,29711.5,18.01,34395.2383769649,21.5930693178446
06/05/23 04:20:00.000,29668.8,18.01,34345.9595005918,21.5589011960862
06/05/23 04:30:00.000,29668.8,18.02,34338.402994135,21.5536623916846
06/05/23 04:40:00.000,29690.1,18.06,34332.7599306879,21.5497502494731
06/05/23 04:50:00.000,29694.9,18.11,34300.575102703,21.5274392954104
06/05/23 05:00:00.000,29702,18.16,34271.0929445549,21.5070043814376
06/05/23 05:10:00.000,29706.7,18.16,34276.4996381437,21.5107517330389
06/05/23 05:20:00.000,29692.5,18.17,34252.6433851446,21.4942176950366
06/05/23 05:30:00.000,29711.5,18.21,34244.4197259605,21.4885184936603
06/05/23 05:40:00.000,29718.6,18.26,34215.0365637958,21.4681567562555
06/05/23 05:50:00.000,29671.1,18.18,34220.5177501266,21.4719548890388
06/05/23 06:00:00.000,29647.5,18.05,34291.189256397,21.52093344028
06/05/23 06:10:00.000,29621.4,18.01,34291.2560671956,21.5209797497213
06/05/23 06:20:00.000,29642.7,18.01,34315.8380442972,21.5380194140938
06/05/23 06:30:00.000,29623.8,17.98,34316.6784618408,21.5386020018475
06/05/23 06:40:00.000,29597.8,17.97,34294.2027592586,21.5230222411462
06/05/23 06:50:00.000,29614.3,17.98,34305.7075748719,21.5309970019923
06/05/23 07:00:00.000,29600.2,17.96,34304.5282363376,21.5301795063679
06/05/23 07:10:00.000,29614.3,17.93,34343.5052903622,21.5571997143007
06/05/23 07:20:00.000,29626.2,17.93,34357.2625482521,21.5667377117837
06/05/23 07:30:00.000,29623.8,17.93,34354.4879775006,21.5648140415111
06/05/23 07:40:00.000,29614.3,17.92,34351.0731227615,21.5624464776192
06/05/23 07:50:00.000,29616.7,17.93,34346.2798656505,21.5591233035159
06/05/23 08:00:00.000,29609.6,17.91,34353.2078366717,21.5639264991916
06/05/23 08:10:00.000,29609.6,17.91,34353.2078366717,21.5639264991916
06/05/23 08:20:00.000,29623.8,17.91,34369.6311343866,21.5753133804255
06/05/23 08:30:00.000,29616.7,17.91,34361.4194905626,21.5696198501438
06/05/23 08:40:00.000,29583.7,17.9,34330.8183138821,21.5484042135302
06/05/23 08:50:00.000,29595.5,17.9,34344.4688435515,21.5578677350394
06/05/23 09:00:00.000,29515.4,17.9,34251.8066492213,21.493637807578
06/05/23 09:10:00.000,29616.7,17.91,34361.4194905626,21.5696198501438
06/05/23 09:20:00.000,29609.6,17.91,34353.2078366717,21.5639264991916
06/05/23 09:30:00.000,29602.5,17.92,34337.4285097,21.5529868087847
06/05/23 09:40:00.000,29602.5,17.92,34337.4285097,21.5529868087847
06/05/23 09:50:00.000,29590.7,17.82,34399.5557480028,21.5960631403505
06/05/23 10:00:00.000,29600.2,17.84,34395.3832204707,21.5931697567784
06/05/23 10:10:00.000,29578.9,17.76,34431.4603439651,21.618188546303
06/05/23 10:20:00.000,29567.2,17.75,34425.4878387953,21.6140464808755
06/05/23 10:30:00.000,29574.2,17.71,34464.0597362708,21.6407986870476
06/05/23 10:40:00.000,29553,17.72,34431.8234973739,21.6184404044609
06/05/23 10:50:00.000,29567.2,17.74,34433.0938786239,21.6193214561435
06/05/23 11:00:00.000,29602.5,17.75,34466.4559302207,21.6424607442711
06/05/23 11:10:00.000,29581.3,17.76,34434.2451118264,21.6201198785379
06/05/23 11:20:00.000,29586,17.75,34447.3065709169,21.6291787351027
06/05/23 11:30:00.000,29602.5,17.75,34466.4559302207,21.6424607442711
06/05/23 11:40:00.000,29602.5,17.72,34489.3089235924,21.6583129212988
06/05/23 11:50:00.000,29520.1,17.37,34661.3732231188,21.7777130654966
06/05/23 12:00:00.000,29501.3,17.35,34654.769359668,21.7731289573163
06/05/23 12:10:00.000,29522.5,17.35,34679.5874754483,21.7903572116669
06/05/23 12:20:00.000,29510.7,17.3,34704.3229712402,21.8075298008313
06/05/23 12:30:00.000,29513.1,17.28,34722.5764511316,21.8202033384026
06/05/23 12:40:00.000,29517.8,17.27,34735.812816013,21.8293940265367
06/05/23 12:50:00.000,29543.6,17.25,34781.5417842939,21.8611497093957
06/05/23 13:00:00.000,29506,17.23,34752.8949207053,21.8412557222161
06/05/23 13:10:00.000,29510.7,17.18,34797.1314788258,21.8719770156022
06/05/23 13:20:00.000,29510.7,17.21,34773.8908707632,21.855836265326
06/05/23 13:30:00.000,29506,17.22,34760.6320316317,21.846628582949
06/05/23 13:40:00.000,29517.8,17.23,34766.7447966132,21.8508735700786
06/05/23 13:50:00.000,29506,17.24,34745.1606598077,21.8358850052913
06/05/23 14:00:00.000,29470.8,17.25,34696.1321177953,21.8018431237626
06/05/23 14:10:00.000,29531.9,17.25,34767.8153107543,21.8516169952625
06/05/23 14:20:00.000,29517.8,17.28,34728.0869382559,21.8240294941041
06/05/23 14:30:00.000,29536.6,17.3,34734.6760491188,21.8286046919502
06/05/23 14:40:00.000,29529.5,17.35,34687.7821145863,21.7960461437046
06/05/23 14:50:00.000,29513.1,17.34,34676.2880328012,21.7880667048254
06/05/23 15:00:00.000,29548.3,17.35,34709.7905206089,21.8113258679926
06/05/23 15:10:00.000,29522.5,17.35,34679.5874754483,21.7903572116669
06/05/23 15:20:00.000,29522.5,17.39,34648.7870500563,21.768976407872
06/05/23 15:30:00.000,29494.3,17.37,34631.1831108732,21.7567574137458
06/05/23 15:40:00.000,29522.5,17.38,34656.4829086938,21.774318415266
06/05/23 15:50:00.000,29508.4,17.4,34624.6055227551,21.7521920916298
06/05/23 16:00:00.000,29506,17.54,34514.4512796449,21.6757547995198
06/05/23 16:10:00.000,29520.1,17.58,34500.3061517731,21.665941757624
06/05/23 16:20:00.000,29550.7,17.7,34444.3757695886,21.6271460185444
06/05/23 16:30:00.000,29569.5,17.79,34397.7585298189,21.5948168774733
06/05/23 16:40:00.000,29609.6,17.85,34398.6825687637,21.5954576418734
06/05/23 16:50:00.000,29609.6,17.87,34383.5132385192,21.5849389390772
06/05/23 17:00:00.000,29616.7,17.85,34406.9048336273,21.6011593826974
06/05/23 17:10:00.000,29604.9,17.85,34393.2396554403,21.5916833488921
06/05/23 17:20:00.000,29588.4,17.82,34396.8904649911,21.5942149298426
06/05/23 17:30:00.000,29555.4,17.77,34396.5952425451,21.594010212367
06/05/23 17:40:00.000,29555.4,17.75,34411.7930655596,21.6045492223174
06/05/23 17:50:00.000,29569.5,17.72,34450.9853623644,21.631730268904
06/05/23 18:00:00.000,29574.2,17.74,34441.2196351283,21.6249570441512
06/05/23 18:10:00.000,29557.7,17.69,34460.1261660301,21.6380703033557
06/05/23 18:20:00.000,29569.5,17.72,34450.9853623644,21.631730268904
06/05/23 18:30:00.000,29569.5,17.72,34450.9853623644,21.631730268904
06/05/23 18:40:00.000,29576.6,17.74,34444.0056064642,21.6268892861067
06/05/23 18:50:00.000,29602.5,17.76,34458.8438432862,21.6371808741761
06/05/23 19:00:00.000,29588.4,17.77,34434.8776025277,21.6205585355641
06/05/23 19:10:00.000,29588.4,17.76,34442.4833764972,21.625833523627
06/05/23 19:20:00.000,29555.4,17.75,34411.7930655596,21.6045492223174
06/05/23 19:30:00.000,29562.4,17.75,34419.9170870354,21.610183129169
06/05/23 19:40:00.000,29560.1,17.75,34417.2477668049,21.6083319690134
06/05/23 19:50:00.000,29567.2,17.76,34417.8845837153,21.6087735965511
06/05/23 20:00:00.000,29555.4,17.76,34404.192762869,21.5992786728817
06/05/23 20:10:00.000,29555.4,17.8,34373.8193623868,21.5782173534376
06/05/23 20:20:00.000,29562.4,17.79,34389.5255631308,21.5891079235535
06/05/23 20:30:00.000,29560.1,17.79,34386.8585435454,21.5872585827321
06/05/23 20:40:00.000,29567.2,17.77,34410.2841120437,21.6035028020776
06/05/23 20:50:00.000,29560.1,17.77,34402.0475922901,21.5977910994731
06/05/23 21:00:00.000,29571.9,17.77,34415.7364504241,21.6072838874276
06/05/23 21:10:00.000,29588.4,17.8,34412.0769788979,21.604746109578
06/05/23 21:20:00.000,29574.2,17.8,34395.6146377852,21.5933302287694
06/05/23 21:30:00.000,29567.2,17.79,34395.0915135682,21.5929674783155
06/05/23 21:40:00.000,29562.4,17.65,34496.0909875535,21.663017636098
06/05/23 21:50:00.000,29555.4,17.6,34526.1324029213,21.6838588788462
06/05/23 22:00:00.000,29543.6,17.59,34520.0352232836,21.6796287568941
06/05/23 22:10:00.000,29588.4,17.61,34556.9049721491,21.7052099409121
06/05/23 22:20:00.000,29586,17.63,34538.8198006029,21.6926615133047
06/05/23 22:30:00.000,29597.8,17.63,34552.5500081872,21.702188159172
06/05/23 22:40:00.000,29595.5,17.66,34526.9505743336,21.684426520385
06/05/23 22:50:00.000,29588.4,17.65,34526.3310140885,21.6839966736994
06/05/23 23:00:00.000,29604.9,17.65,34545.5217268664,21.6973115512546
06/05/23 23:10:00.000,29588.4,17.64,34533.9703001115,21.6892968323606
06/05/23 23:20:00.000,29623.8,17.64,34575.1519232622,21.7178715336265
06/05/23 23:30:00.000,29588.4,17.64,34533.9703001115,21.6892968323606
06/05/23 23:40:00.000,29574.2,17.64,34517.4510442272,21.6778359273338
06/05/23 23:50:00.000,29616.7,17.7,34521.0560016413,21.6803369488153
06/06/23 00:00:00.000,29616.7,17.7,34521.0560016413,21.6803369488153
06/06/23 00:10:00.000,29616.7,17.7,34521.0560016413,21.6803369488153
06/06/23 00:20:00.000,29699.6,17.71,34609.7193683334,21.7418604635436
06/06/23 00:30:00.000,29664,17.72,34560.7295061144,21.7078637159704
06/06/23 00:40:00.000,29664,17.72,34560.7295061144,21.7078637159704
06/06/23 00:50:00.000,29692.5,17.71,34601.4723785977,21.7361369627152
06/06/23 01:00:00.000,29692.5,17.71,34601.4723785977,21.7361369627152
06/06/23 01:10:00.000,29687.8,17.7,34603.6605151304,21.7376555350645
06/06/23 01:20:00.000,29692.5,17.7,34609.1209735611,21.7414451647373
06/06/23 01:30:00.000,29675.9,17.7,34589.8350786907,21.7280608685658
06/06/23 01:40:00.000,29678.3,17.69,34600.2712420926,21.7353033765197
06/06/23 01:50:00.000,29692.5,17.69,34616.7723710776,21.7467554730873
06/06/23 02:00:00.000,29687.8,17.67,34626.6195847984,21.7535899837637
06/06/23 02:10:00.000,29671.1,17.67,34607.2049293725,21.7401153956146
06/06/23 02:20:00.000,29699.6,17.66,34647.9992846658,21.7684295971925
06/06/23 02:30:00.000,29671.1,17.66,34614.8593721904,21.7454277771092
06/06/23 02:40:00.000,29692.5,17.66,34639.7433924525,21.7626990471332
06/06/23 02:50:00.000,29687.8,17.65,34641.9396599419,21.7642234940494
06/06/23 03:00:00.000,29683,17.65,34636.3569960402,21.7603485482113
06/06/23 03:10:00.000,29685.4,17.66,34631.487489752,21.756968677599
06/06/23 03:20:00.000,29683,17.66,34628.6967597065,21.7550316921051
06/06/23 03:30:00.000,29661.7,17.65,34611.5838670258,21.7431544719539
06/06/23 03:40:00.000,29678.3,17.67,34615.5753268413,21.7459246764319
06/06/23 03:50:00.000,29668.8,17.67,34604.531050133,21.7382596922521
06/06/23 04:00:00.000,29647.5,17.66,34587.4170710819,21.7263828580194
06/06/23 04:10:00.000,29683,17.66,34628.6967597065,21.7550316921051
06/06/23 04:20:00.000,29668.8,17.65,34619.8415872088,21.7488856500834
06/06/23 04:30:00.000,29659.3,17.66,34601.1382361336,21.7359050681522
06/06/23 04:40:00.000,29683,17.66,34628.6967597065,21.7550316921051
06/06/23 04:50:00.000,29671.1,17.66,34614.8593721904,21.7454277771092
06/06/23 05:00:00.000,29678.3,17.67,34615.5753268413,21.7459246764319
06/06/23 05:10:00.000,29675.9,17.66,34620.4408429704,21.7493015641413
06/06/23 05:20:00.000,29678.3,17.66,34623.231576562,21.7512384886045
06/06/23 05:30:00.000,29675.9,17.65,34628.0992968795,21.7546170088407
06/06/23 05:40:00.000,29647.5,17.64,34602.7225244684,21.7370045655303
06/06/23 05:50:00.000,29635.6,17.65,34581.2279320254,21.7220878909474
06/06/23 06:00:00.000,29647.5,17.65,34595.0683951148,21.731692657636
06/06/23 06:10:00.000,29628.5,17.64,34580.6195201795,21.7216656878692
06/06/23 06:20:00.000,29664,17.65,34614.2589042926,21.7450110310046
06/06/23 06:30:00.000,29664,17.65,34614.2589042926,21.7450110310046
06/06/23 06:40:00.000,29628.5,17.65,34572.9701626584,21.7163575576355
06/06/23 06:50:00.000,29645.1,17.65,34592.2770435935,21.7297555209731
06/06/23 07:00:00.000,29640.4,17.64,34594.4629895925,21.7312725176731
06/06/23 07:10:00.000,29628.5,17.64,34580.6195201795,21.7216656878692
06/06/23 07:20:00.000,29642.7,17.61,34620.1142291676,21.7490748773836
06/06/23 07:30:00.000,29635.6,17.63,34596.5330190314,21.7327090830652
06/06/23 07:40:00.000,29623.8,17.61,34598.1132873924,21.7338057705096
06/06/23 07:50:00.000,29659.3,17.61,34639.4377457485,21.7624868963529
06/06/23 08:00:00.000,29635.6,17.63,34596.5330190314,21.7327090830652
06/06/23 08:10:00.000,29666.4,17.63,34632.3708065912,21.7575817732245
06/06/23 08:20:00.000,29664,17.63,34629.5782588501,21.755643519317
06/06/23 08:30:00.000,29640.4,17.61,34617.4368698945,21.7472166635918
06/06/23 08:40:00.000,29666.4,17.63,34632.3708065912,21.7575817732245
06/06/23 08:50:00.000,29652.2,17.63,34615.8482149222,21.7461140713448
06/06/23 09:00:00.000,29659.3,17.63,34624.1095160321,21.7518478319066
06/06/23 09:10:00.000,29652.2,17.64,34608.1900980971,21.7407991191617
06/06/23 09:20:00.000,29692.5,17.65,34647.4060136926,21.7680177918265
06/06/23 09:30:00.000,29666.4,17.65,34617.0502463513,21.7469483302242
06/06/23 09:40:00.000,29638,17.65,34584.019288305,21.7240249458889
06/06/23 09:50:00.000,29652.2,17.66,34592.8822843657,21.7301755429554
06/06/23 10:00:00.000,29616.7,17.67,34543.9615779215,21.6962290526334
06/06/23 10:10:00.000,29652.2,17.67,34585.2325847547,21.7248669167243
06/06/23 10:20:00.000,29628.5,17.67,34557.6798571708,21.7057476163782
06/06/23 10:30:00.000,29649.8,17.67,34582.4424404419,21.7229306934868
06/06/23 10:40:00.000,29671.1,17.7,34584.2584237745,21.7241908943687
06/06/23 10:50:00.000,29645.1,17.69,34561.6909747485,21.7085308680387
06/06/23 11:00:00.000,29630.9,17.69,34545.1897063259,21.6970811805225
06/06/23 11:10:00.000,29652.2,17.7,34562.3002987298,21.708953672287
06/06/23 11:20:00.000,29666.4,17.72,34563.5166349861,21.7097976797738
06/06/23 11:30:00.000,29664,17.72,34560.7295061144,21.7078637159704
06/06/23 11:40:00.000,29685.4,17.74,34570.3017294009,21.7145058856643
06/06/23 11:50:00.000,29678.3,17.71,34584.9783679289,21.7246905018333
06/06/23 12:00:00.000,29666.4,17.7,34578.7979445532,21.7204016245059
06/06/23 12:10:00.000,29680.6,17.7,34595.2955486809,21.7318502981681
06/06/23 12:20:00.000,29687.8,17.71,34596.0130979823,21.7323482655468
06/06/23 12:30:00.000,29702,17.71,34612.5070808225,21.74379520881
06/06/23 12:40:00.000,29694.9,17.71,34604.2600946013,21.7380716470541
06/06/23 12:50:00.000,29702,17.7,34620.1580564528,21.7491052957539
06/06/23 13:00:00.000,29716.3,17.7,34636.7717355493,21.7606364173502
06/06/23 13:10:00.000,29709.1,17.7,34628.4068114929,21.7548304465386
06/06/23 13:20:00.000,29735.3,17.72,34643.5299538118,21.7653273381019
06/06/23 13:30:00.000,29735.3,17.74,34628.225332871,21.754704487032
06/06/23 13:40:00.000,29735.3,17.75,34620.5772244856,21.7493962200059
06/06/23 13:50:00.000,29742.4,17.75,34628.8170413344,21.7551151765445
06/06/23 14:00:00.000,29735.3,17.75,34620.5772244856,21.7493962200059
06/06/23 14:10:00.000,29749.6,17.75,34637.1729014099,21.7609148655214
06/06/23 14:20:00.000,29761.5,17.76,34643.3313956389,21.7651895158618
06/06/23 14:30:00.000,29771,17.75,34662.0083118281,21.7781539221539
06/06/23 14:40:00.000,29749.6,17.76,34629.5240156323,21.7556058703511
06/06/23 14:50:00.000,29737.7,17.74,34631.0112247773,21.7566381108403
06/06/23 15:00:00.000,29749.6,17.76,34629.5240156323,21.7556058703511
06/06/23 15:10:00.000,29675.9,17.76,34544.0104378573,21.6962629536622
06/06/23 15:20:00.000,29749.6,17.77,34621.8779293616,21.750298979414
06/06/23 15:30:00.000,29763.9,17.76,34646.116073818,21.7671224131534
06/06/23 15:40:00.000,29671.1,17.76,34538.4409939961,21.6923986873292
06/06/23 15:50:00.000,29742.4,17.76,34621.169956547,21.7498076074795
06/06/23 16:00:00.000,29771,17.8,34623.765119238,21.751608799366
06/06/23 16:10:00.000,29778.2,17.81,34624.469896115,21.752097958182
06/06/23 16:20:00.000,29785.3,17.8,34640.3428203597,21.7631151135426
06/06/23 16:30:00.000,29785.3,17.79,34647.9894332385,21.7684227590434
06/06/23 16:40:00.000,29763.9,17.81,34607.8957449572,21.7405948328867
06/06/23 16:50:00.000,29782.9,17.82,34622.276914706,21.7505758977184
06/06/23 17:00:00.000,29771,17.79,34631.4081603548,21.7569136164802
06/06/23 17:10:00.000,29756.7,17.79,34614.826845957,21.7454052027194
06/06/23 17:20:00.000,29763.9,17.8,34615.5342172719,21.7458961448139
06/06/23 17:30:00.000,29790.1,17.93,34546.7399019197,21.6981567783087
06/06/23 17:40:00.000,29723.4,17.88,34507.6342838027,21.6710255074846
06/06/23 17:50:00.000,29754.3,17.96,34482.5623223204,21.653632932882
06/06/23 18:00:00.000,29593.1,17.85,34379.5744491455,21.5822078113792
06/06/23 18:10:00.000,29664,17.97,34370.6687981943,21.5760328562466
06/06/23 18:20:00.000,29699.6,18.06,34343.7118406341,21.5573429130972
06/06/23 18:30:00.000,29574.2,17.85,34357.6868991195,21.5670319253488
06/06/23 18:40:00.000,29508.4,17.85,34281.4852357683,21.5142072968247
06/06/23 18:50:00.000,29569.5,17.98,34253.9709415605,21.4951377423533
06/06/23 19:00:00.000,29560.1,18.27,34025.6314643517,21.3369615036993
06/06/23 19:10:00.000,29678.3,18.11,34281.458577746,21.5141888197203
06/06/23 19:20:00.000,29583.7,18.13,34157.5032080769,21.4282946144325
06/06/23 19:30:00.000,29576.6,18.22,34081.9218645729,21.3759418037356
06/06/23 19:40:00.000,29680.6,18.26,34171.4163848831,21.4379335568486
06/06/23 19:50:00.000,29683,18.3,34144.2219102443,21.4190939329189
06/06/23 20:00:00.000,29642.7,18.43,34001.0938406515,21.3199722979055
06/06/23 20:10:00.000,29697.2,18.58,33951.9798614664,21.2859720854271
06/06/23 20:20:00.000,29706.7,18.11,34314.1639255636,21.5368589002631
06/06/23 20:30:00.000,29699.6,18.05,34351.2649481296,21.5625794718262
06/06/23 20:40:00.000,29664,17.95,34385.8098092107,21.5865313841495
06/06/23 20:50:00.000,29683,18.01,34362.3473632738,21.570263179887
06/06/23 21:00:00.000,29683,18.03,34347.2300694843,21.5597820765624
06/06/23 21:10:00.000,29664,17.87,34446.4846222351,21.6286086535719
06/06/23 21:20:00.000,29666.4,17.81,34494.8890651237,21.6621838537816
06/06/23 21:30:00.000,29666.4,17.79,34510.1201035819,21.6727500305313
06/06/23 21:40:00.000,29652.2,17.79,34493.6544405265,21.6613273898845
06/06/23 21:50:00.000,29659.3,17.79,34501.8872771874,21.6670386202639
06/06/23 22:00:00.000,29675.9,17.79,34521.1358411534,21.6803923397047
06/06/23 22:10:00.000,29678.3,17.79,34523.9187614223,21.682323079288
06/06/23 22:20:00.000,29666.4,17.8,34502.5031909554,21.6674658955117
06/06/23 22:30:00.000,29702,17.82,34528.5309873792,21.6855230050058
06/06/23 22:40:00.000,29721,17.86,34520.0760688829,21.6796570945512
06/06/23 22:50:00.000,29709.1,17.84,34521.5227964344,21.6806608009782
06/06/23 23:00:00.000,29713.9,17.86,34511.8557230478,21.6739541165709
06/06/23 23:10:00.000,29725.8,17.91,34487.6001188174,21.6571275441932
06/06/23 23:20:00.000,29742.4,17.92,34499.196332619,21.66517185497
06/06/23 23:30:00.000,29754.3,17.93,34505.3536011483,21.6694433121238
06/06/23 23:40:00.000,29740,17.93,34488.8221306824,21.6579752381523
06/06/23 23:50:00.000,29747.2,17.93,34497.1456733275,21.6637492825607
06/07/23 00:00:00.000,29754.3,17.96,34482.5623223204,21.653632932882
06/07/23 00:10:00.000,29775.8,17.97,34499.8043452568,21.6655936444793
06/07/23 00:20:00.000,29730.5,18,34424.7401957091,21.6135279806711
06/07/23 00:30:00.000,29754.3,18.01,34444.6323024741,21.6273239411705
06/07/23 00:40:00.000,29747.2,18.02,34428.8625356895,21.6163868962709
06/07/23 00:50:00.000,29759.1,18.01,34450.171785801,21.6311659857781
06/07/23 01:00:00.000,29773.4,18.01,34466.6748031916,21.6426125605692
06/07/23 01:10:00.000,29787.7,18.05,34452.8504744044,21.6330238863826
06/07/23 01:20:00.000,29794.9,18.07,34446.0018901152,21.6282738444075
06/07/23 01:30:00.000,29792.5,18.09,34428.0973401633,21.6158562161094
06/07/23 01:40:00.000,29782.9,18.11,34401.914832311,21.5976990371818
06/07/23 01:50:00.000,29828.4,18.12,34446.7430881137,21.6287879183627
06/07/23 02:00:00.000,29806.8,18.14,34406.7565727265,21.6010565693198
06/07/23 02:10:00.000,29814,18.14,34415.0425737831,21.6068026935845
06/07/23 02:20:00.000,29833.1,18.17,34414.3478199061,21.6063208927225
06/07/23 02:30:00.000,29835.5,18.18,34409.5544065514,21.6029967724454
06/07/23 02:40:00.000,29818.8,18.17,34397.9015232037,21.5949160344714
06/07/23 02:50:00.000,29811.6,18.14,34412.2805745293,21.6048872985242
06/07/23 03:00:00.000,29835.5,18.13,34447.3500793668,21.629208911447
06/07/23 03:10:00.000,29804.4,18.14,34403.9945701774,21.5991412351768
06/07/23 03:20:00.000,29806.8,18.14,34406.7565727265,21.6010565693198
06/07/23 03:30:00.000,29811.6,18.16,34397.1713432129,21.5944097007595
06/07/23 03:40:00.000,29797.3,18.16,34380.7214627828,21.5830031378099
06/07/23 03:50:00.000,29794.9,18.17,34370.4142694203,21.5758563755955
06/07/23 04:00:00.000,29816.4,18.19,34380.0462107839,21.5825349251842
06/07/23 04:10:00.000,29845.1,18.22,34390.3964190318,21.5897117889036
06/07/23 04:20:00.000,29852.3,18.24,34383.5828856958,21.5849872323049
06/07/23 04:30:00.000,29859.5,18.24,34391.8510907676,21.590720486123
06/07/23 04:40:00.000,29859.5,18.24,34391.8510907676,21.590720486123
06/07/23 04:50:00.000,29895.5,18.23,34440.7438657784,21.6246270710753
06/07/23 05:00:00.000,29871.5,18.23,34413.1774044255,21.6055092310506
06/07/23 05:10:00.000,29866.7,18.23,34407.664099211,21.6016859058725
06/07/23 05:20:00.000,29866.7,18.23,34407.664099211,21.6016859058725
06/07/23 05:30:00.000,29866.7,18.22,34415.211659446,21.606919952028
06/07/23 05:40:00.000,29902.7,18.23,34449.0137831575,21.6303628176225
06/07/23 05:50:00.000,29895.5,18.24,34433.1919707363,21.6193894864739
06/07/23 06:00:00.000,29873.9,18.26,34393.3025427636,21.5917269565385
06/07/23 06:10:00.000,29888.3,18.24,34424.9238141215,21.6136553222853
06/07/23 06:20:00.000,29881.1,18.24,34416.6556478191,21.607921340141
06/07/23 06:30:00.000,29881.1,18.24,34416.6556478191,21.607921340141
06/07/23 06:40:00.000,29881.1,18.24,34416.6556478191,21.607921340141
06/07/23 06:50:00.000,29830.8,18.22,34373.9677625981,21.5783202499207
06/07/23 07:00:00.000,29802.1,18.19,34363.6069158829,21.5711364798325
06/07/23 07:10:00.000,29782.9,18.17,34356.6130969467,21.5662874311558
06/07/23 07:20:00.000,29775.8,18.17,34348.4473903637,21.5606260445826
06/07/23 07:30:00.000,29754.3,18.18,34316.1865768729,21.538261020915
06/07/23 07:40:00.000,29728.1,18.17,34293.5873951006,21.5225957012048
06/07/23 07:50:00.000,29763.9,18.18,34327.2252031304,21.5459132983067
06/07/23 08:00:00.000,29756.7,18.18,34318.9462350754,21.5401740598229
06/07/23 08:10:00.000,29721,18.18,34277.8962065712,21.5117197005916
06/07/23 08:20:00.000,29749.6,18.19,34303.2525296038,21.5292952144218
06/07/23 08:30:00.000,29747.2,18.19,34300.49345948,21.5273827028752
06/07/23 08:40:00.000,29692.5,18.19,34237.6093571174,21.483798879429
06/07/23 08:50:00.000,29740,18.19,34292.2162425655,21.5216452899771
06/07/23 09:00:00.000,29721,18.19,34270.3735396845,21.5065057717048
06/07/23 09:10:00.000,29678.3,18.13,34266.3986520735,21.5037508569556
06/07/23 09:20:00.000,29668.8,18.07,34300.6618009076,21.5274993919213
06/07/23 09:30:00.000,29668.8,18.06,34308.2045320848,21.5327278591641
06/07/23 09:40:00.000,29702,18.12,34301.2142419928,21.5278823274637
06/07/23 09:50:00.000,29716.3,18.13,34310.1405247007,21.5340698750811
06/07/23 10:00:00.000,29692.5,18.16,34260.1645084883,21.4994301852863
06/07/23 10:10:00.000,29756.7,18.18,34318.9462350754,21.5401740598229
06/07/23 10:20:00.000,29742.4,18.21,34279.9276606535,21.5131277197366
06/07/23 10:30:00.000,29728.1,18.21,34263.4952084228,21.5017385661058
06/07/23 10:40:00.000,29725.8,18.18,34283.4155522046,21.5155452354424
06/07/23 10:50:00.000,29735.3,18.19,34286.8130540069,21.5179001328507
06/07/23 11:00:00.000,29721,18.18,34277.8962065712,21.5117197005916
06/07/23 11:10:00.000,29706.7,18.14,34291.557116306,21.5211884199755
06/07/23 11:20:00.000,29699.6,18.13,34290.9171568655,21.520744836506
06/07/23 11:30:00.000,29761.5,18.11,34377.270989477,21.5806106291793
06/07/23 11:40:00.000,29744.8,18.12,34350.4917574466,21.5620434125779
06/07/23 11:50:00.000,29759.1,18.12,34366.955895763,21.5734584874888
06/07/23 12:00:00.000,29730.5,18.12,34334.0275799243,21.5506290595172
06/07/23 12:10:00.000,29773.4,18.12,34383.4199948889,21.5848742841318
06/07/23 12:20:00.000,29759.1,18.13,34359.4073553315,21.5682247677765
06/07/23 12:30:00.000,29737.7,18.13,34334.7739838475,21.5511465133042
06/07/23 12:40:00.000,29752,18.13,34351.2346109552,21.5625584387909
06/07/23 12:50:00.000,29766.3,18.14,34360.1476325148,21.5687380260368
06/07/23 13:00:00.000,29766.3,18.14,34360.1476325148,21.5687380260368
06/07/23 13:10:00.000,29749.6,18.16,34325.8499021545,21.5449598837184
06/07/23 13:20:00.000,29766.3,18.16,34345.0607493473,21.5582780980344
06/07/23 13:30:00.000,29749.6,18.16,34325.8499021545,21.5449598837184
06/07/23 13:40:00.000,29752,18.16,34328.6107457351,21.5468738180952
06/07/23 13:50:00.000,29742.4,18.17,34310.0339380037,21.533995989693
06/07/23 14:00:00.000,29742.4,18.16,34317.5673648347,21.539218202435
06/07/23 14:10:00.000,29759.1,18.16,34336.7782349095,21.5525359928555
06/07/23 14:20:00.000,29742.4,18.16,34317.5673648347,21.539218202435
06/07/23 14:30:00.000,29742.4,18.16,34317.5673648347,21.539218202435
06/07/23 14:40:00.000,29744.8,18.17,34312.794193144,21.535909395465
06/07/23 14:50:00.000,29752,18.17,34321.0749519984,21.541649734594
06/07/23 15:00:00.000,29737.7,18.16,34312.1607032053,21.5354702590868
06/07/23 15:10:00.000,29752,18.17,34321.0749519984,21.541649734594
06/07/23 15:20:00.000,29716.3,18.17,34280.0160926632,21.5131890130192
06/07/23 15:30:00.000,29716.3,18.17,34280.0160926632,21.5131890130192
06/07/23 15:40:00.000,29744.8,18.17,34312.794193144,21.535909395465
06/07/23 15:50:00.000,29744.8,18.17,34312.794193144,21.535909395465
06/07/23 16:00:00.000,29742.4,18.18,34302.5032554838,21.5287758361223
06/07/23 16:10:00.000,29735.3,18.18,34294.3392442146,21.5231168458964
06/07/23 16:20:00.000,29694.9,18.19,34240.3684521123,21.4857109283959
06/07/23 16:30:00.000,29728.1,18.19,34278.5358208678,21.512163021798
06/07/23 16:40:00.000,29730.5,18.21,34266.2531051982,21.5036499821695
06/07/23 16:50:00.000,29763.9,18.23,34289.586442234,21.5198224644684
06/07/23 17:00:00.000,29742.4,18.22,34272.4079422448,21.5079157921536
06/07/23 17:10:00.000,29716.3,18.21,34249.9355334645,21.4923410654787
06/07/23 17:20:00.000,29737.7,18.21,34274.5267890023,21.5093843520487
06/07/23 17:30:00.000,29721,18.21,34255.3364240974,21.4960840790064
06/07/23 17:40:00.000,29692.5,18.21,34222.5862785604,21.4733882765584
06/07/23 17:50:00.000,29675.9,18.18,34226.0371412476,21.4757795794435
06/07/23 18:00:00.000,29673.5,18.19,34215.7664831899,21.4686625417395
06/07/23 18:10:00.000,29721,18.21,34255.3364240974,21.4960840790064
06/07/23 18:20:00.000,29709.1,18.21,34241.6618205772,21.4866072381801
06/07/23 18:30:00.000,29721,18.22,34247.8219727744,21.4908763130591
06/07/23 18:40:00.000,29716.3,18.22,34242.4222389523,21.4871342134714
06/07/23 18:50:00.000,29709.1,18.21,34241.6618205772,21.4866072381801
06/07/23 19:00:00.000,29723.4,18.22,34250.5792820568,21.4927872024178
06/07/23 19:10:00.000,29709.1,18.22,34234.1502982154,21.4814017862061
06/07/23 19:20:00.000,29673.5,18.21,34200.7527629622,21.4582593311421
06/07/23 19:30:00.000,29699.6,18.21,34230.745101094,21.4790420509907
06/07/23 19:40:00.000,29709.1,18.22,34234.1502982154,21.4814017862061
06/07/23 19:50:00.000,29709.1,18.22,34234.1502982154,21.4814017862061
06/07/23 20:00:00.000,29699.6,18.22,34223.2359170133,21.4738384462
06/07/23 20:10:00.000,29721,18.22,34247.8219727744,21.4908763130591
06/07/23 20:20:00.000,29694.9,18.22,34217.8361642327,21.4700967007545
06/07/23 20:30:00.000,29716.3,18.23,34234.911679934,21.481929413281
06/07/23 20:40:00.000,29723.4,18.23,34243.066976132,21.4875810221323
06/07/23 20:50:00.000,29711.5,18.23,34229.3982348786,21.4781087078164
06/07/23 21:00:00.000,29735.3,18.23,34256.7356907528,21.4970538348204
06/07/23 21:10:00.000,29721,18.24,34232.8012765187,21.4804669366347
06/07/23 21:20:00.000,29709.1,18.24,34219.1354567988,21.4709970349809
06/07/23 21:30:00.000,29735.3,18.23,34256.7356907528,21.4970538348204
06/07/23 21:40:00.000,29742.4,18.24,34257.3767173622,21.4974980973988
06/07/23 21:50:00.000,29763.9,18.24,34282.0669101842,21.514610465215
06/07/23 22:00:00.000,29752,18.26,34253.376182193,21.4947255507855
06/07/23 22:10:00.000,29756.7,18.24,34273.7985761975,21.50887963075
06/07/23 22:20:00.000,29749.6,18.26,34250.6212465085,21.4928162850719
06/07/23 22:30:00.000,29771,18.24,34290.2203966796,21.5202618832793
06/07/23 22:40:00.000,29778.2,18.24,34298.4887113613,21.5259930798033
06/07/23 22:50:00.000,29799.7,18.27,34300.6101854315,21.527463613669
06/07/23 23:00:00.000,29771,18.26,34275.186051704,21.5098412855793
06/07/23 23:10:00.000,29778.2,18.28,34268.4238845137,21.5051544994138
06/07/23 23:20:00.000,29814,18.28,34309.500451858,21.533626180123
06/07/23 23:30:00.000,29814,18.28,34309.500451858,21.533626180123
06/07/23 23:40:00.000,29806.8,18.27,34308.7583896915,21.5331117881468
06/07/23 23:50:00.000,29799.7,18.27,34300.6101854315,21.527463613669
06/08/23 00:00:00.000,29799.7,18.27,34300.6101854315,21.527463613669
06/08/23 00:10:00.000,29818.8,18.27,34322.529981179,21.5426584009745
06/08/23 00:20:00.000,29840.3,18.26,34354.7341097573,21.5649846895004
06/08/23 00:30:00.000,29849.9,18.24,34380.8268151837,21.5830761881689
06/08/23 00:40:00.000,29799.7,18.24,34323.178759879,21.5431081541591
06/08/23 00:50:00.000,29811.6,18.23,34344.3756404937,21.5578031182811
06/08/23 01:00:00.000,29835.5,18.22,34379.3673951737,21.5820642428575
06/08/23 01:10:00.000,29806.8,18.21,34353.9306739627,21.5644276534076
06/08/23 01:20:00.000,29806.8,18.19,34369.0100450441,21.5748827425979
06/08/23 01:30:00.000,29802.1,18.18,34371.1495637543,21.5763662014398
06/08/23 01:40:00.000,29830.8,18.16,34419.2578348569,21.6097259392691
06/08/23 01:50:00.000,29821.2,18.16,34408.2145977877,21.6020676576872
06/08/23 02:00:00.000,29814,18.14,34415.0425737831,21.6068026935845
06/08/23 02:10:00.000,29804.4,18.14,34403.9945701774,21.5991412351768
06/08/23 02:20:00.000,29821.2,18.14,34423.3285649553,21.6125490005911
06/08/23 02:30:00.000,29828.4,18.14,34431.6145462451,21.6182954903248
06/08/23 02:40:00.000,29837.9,18.13,34450.1126599637,21.6311249771553
06/08/23 02:50:00.000,29866.7,18.12,34490.8386457669,21.659374077816
06/08/23 03:00:00.000,29828.4,18.12,34446.7430881137,21.6287879183627
06/08/23 03:10:00.000,29866.7,18.11,34498.4165118252,21.6646308804874
06/08/23 03:20:00.000,29849.9,18.11,34479.0702208985,21.651210578172
06/08/23 03:30:00.000,29849.9,18.09,34494.2259415162,21.6617238418266
06/08/23 03:40:00.000,29849.9,18.09,34494.2259415162,21.6617238418266
06/08/23 03:50:00.000,29849.9,18.09,34494.2259415162,21.6617238418266
06/08/23 04:00:00.000,29857.1,18.08,34510.104559473,21.672739246843
06/08/23 04:10:00.000,29866.7,18.08,34521.1666933122,21.6804137442556
06/08/23 04:20:00.000,29840.3,18.07,34498.3281799374,21.664569603313
06/08/23 04:30:00.000,29871.5,18.07,34534.287866599,21.6895171643898
06/08/23 04:40:00.000,29859.5,18.07,34520.457240098,21.6799215418464
06/08/23 04:50:00.000,29883.5,18.06,34555.7143155939,21.7043837740615
06/08/23 05:00:00.000,29818.8,18.05,34488.7106127291,21.6578978794074
06/08/23 05:10:00.000,23309.7,18.05,26979.0067574874,16.5286057602749
06/08/23 05:20:00.000,23330.2,18.03,27014.6169888165,16.5525375785649
06/08/23 05:30:00.000,24759.3,18.05,28652.2290317882,17.657231487784
06/08/23 05:40:00.000,26938.2,18.03,31180.1360719824,19.3780587127117
06/08/23 05:50:00.000,27002.2,18.03,31254.000195796,19.4286186508867
06/08/23 06:00:00.000,24712.6,18.02,28617.2884871584,17.6335776058224
06/08/23 06:10:00.000,26920.2,18.01,31173.106754035,19.3732479639097
06/08/23 06:20:00.000,26473.7,18.01,30657.5411107253,19.0207901259788
06/08/23 06:30:00.000,29902.7,18.01,34615.8925822966,21.746144864043
06/08/23 06:40:00.000,29852.3,18,34565.3339575216,21.7110587151687
06/08/23 06:50:00.000,29725.8,18,34419.3149266832,21.6097655322745
06/08/23 07:00:00.000,29647.5,18,34328.9316161176,21.5470962604793
06/08/23 07:10:00.000,29747.2,17.98,34459.1828939346,21.6374160419414
06/08/23 07:20:00.000,29785.3,17.97,34510.777288123,21.6732059513424
06/08/23 07:30:00.000,29702,17.97,34414.5612998249,21.6064689375391
06/08/23 07:40:00.000,29583.7,17.97,34277.9160741373,21.5117334709256
06/08/23 07:50:00.000,29614.3,17.97,34313.2615961913,21.5362334008191
06/08/23 08:00:00.000,29513.1,17.97,34196.3665484392,21.4552201812837
06/08/23 08:10:00.000,29550.7,17.97,34239.7981467093,21.4853157058238
06/08/23 08:20:00.000,29713.9,17.97,34428.3065246851,21.6160012900796
06/08/23 08:30:00.000,29866.7,17.97,34604.7973556536,21.7384445105042
06/08/23 08:40:00.000,29909.9,17.97,34654.694455332,21.7730769627481
06/08/23 08:50:00.000,29890.7,17.98,34624.8953870132,21.7523932758885
06/08/23 09:00:00.000,29890.7,17.98,34624.8953870132,21.7523932758885
06/08/23 09:10:00.000,29876.3,17.98,34608.2665803814,21.7408521992562
06/08/23 09:20:00.000,29890.7,17.98,34624.8953870132,21.7523932758885
06/08/23 09:30:00.000,29897.9,18,34617.9692998643,21.7475861935647
06/08/23 09:40:00.000,29912.3,18,34634.5909026471,21.7591227147129
06/08/23 09:50:00.000,29919.6,18.01,34635.3956707856,21.7596812977776
06/08/23 10:00:00.000,29905.1,18.01,34618.6622550541,21.7480671363179
06/08/23 10:10:00.000,29883.5,18.01,34593.735159868,21.7307674189707
06/08/23 10:20:00.000,29919.6,18.01,34635.3956707856,21.7596812977776
06/08/23 10:30:00.000,29893.1,18,34612.4287566177,21.743740849474
06/08/23 10:40:00.000,29905.1,18.01,34618.6622550541,21.7480671363179
06/08/23 10:50:00.000,29941.2,18.02,34652.6985971916,21.7716915508835
06/08/23 11:00:00.000,29934,18.03,34636.7719580842,21.7606365718109
06/08/23 11:10:00.000,29934,18.03,34636.7719580842,21.7606365718109
06/08/23 11:20:00.000,29936.4,18.05,34624.3086715373,21.7519860582159
06/08/23 11:30:00.000,29955.7,18.05,34646.5621792626,21.7674320652853
06/08/23 11:40:00.000,29926.8,18.05,34613.2395424657,21.7443035598712
06/08/23 11:50:00.000,29934,18.05,34621.5413909379,21.7500654031314
06/08/23 12:00:00.000,29941.2,18.03,34645.0773615943,21.7664014210416
06/08/23 12:10:00.000,29955.7,18.06,34638.9456921406,21.7621453602256
06/08/23 12:20:00.000,29907.5,18.05,34590.9859270246,21.7288595216898
06/08/23 12:30:00.000,29958.1,18.06,34641.7123688409,21.7640657288529
06/08/23 12:40:00.000,29958.1,18.07,34634.0980654571,21.758780641281
06/08/23 12:50:00.000,29941.2,18.07,34614.6202069872,21.7452617878221
06/08/23 13:00:00.000,29941.2,18.08,34607.012858621,21.7399820956171
06/08/23 13:10:00.000,29955.7,18.09,34616.1128897,21.7462977661029
06/08/23 13:20:00.000,29955.7,18.11,34600.90489054,21.7357431267072
06/08/23 13:30:00.000,29955.7,18.11,34600.90489054,21.7357431267072
06/08/23 13:40:00.000,29979.8,18.11,34628.6571012501,21.7550041661811
06/08/23 13:50:00.000,29955.7,18.08,34623.7210486903,21.7515782117211
06/08/23 14:00:00.000,29955.7,18.09,34616.1128897,21.7462977661029
06/08/23 14:10:00.000,29955.7,18.11,34600.90489054,21.7357431267072
06/08/23 14:20:00.000,29955.7,18.09,34616.1128897,21.7462977661029
06/08/23 14:30:00.000,29977.4,18.11,34625.8934005891,21.7530859626524
06/08/23 14:40:00.000,29972.6,18.11,34620.3659959697,21.7492496164519
06/08/23 14:50:00.000,29970.2,18.11,34617.6022920111,21.7473314737813
06/08/23 15:00:00.000,29955.7,18.13,34585.7079742847,21.72519681587
06/08/23 15:10:00.000,29970.2,18.13,34602.3982165558,21.736779495015
06/08/23 15:20:00.000,29962.9,18.13,34593.9955478596,21.7309481226575
06/08/23 15:30:00.000,29982.2,18.16,34593.4165747607,21.7305463279868
06/08/23 15:40:00.000,29955.7,18.16,34562.9333571282,21.7093929467112
06/08/23 15:50:00.000,29970.2,18.16,34579.6128700259,21.7209671323877
06/08/23 16:00:00.000,29984.7,18.18,34581.1087946073,21.7220052163021
06/08/23 16:10:00.000,29991.9,18.21,34566.6275378322,21.7119563327399
06/08/23 16:20:00.000,30004,18.23,34565.365898761,21.7110808791933
06/08/23 16:30:00.000,30023.4,18.27,34557.3314972076,21.7055058969501
06/08/23 16:40:00.000,30033,18.26,34575.9258124683,21.718408557054
06/08/23 16:50:00.000,30028.2,18.23,34593.1614809029,21.7303692987207
06/08/23 17:00:00.000,30018.5,18.24,34574.4381517956,21.7173762290486
06/08/23 17:10:00.000,30023.4,18.24,34580.0649737695,21.7212808652166
06/08/23 17:20:00.000,30028.2,18.27,34562.8399439469,21.7093281279432
06/08/23 17:30:00.000,30050,18.27,34587.8574192183,21.7266884426304
06/08/23 17:40:00.000,30069.4,18.28,34602.5369970897,21.7368758090227
06/08/23 17:50:00.000,30062.1,18.29,34586.5823572932,21.7258036003337
06/08/23 18:00:00.000,30057.3,18.28,34588.6541755086,21.7272413621029
06/08/23 18:10:00.000,30040.3,18.28,34569.1493391829,21.7137062282387
06/08/23 18:20:00.000,30071.8,18.27,34612.8748065601,21.7440504216737
06/08/23 18:30:00.000,30064.6,18.27,34604.6121929393,21.7383160060156
06/08/23 18:40:00.000,30045.2,18.27,34582.3489918469,21.722865845119
06/08/23 18:50:00.000,30064.6,18.28,34597.0297653168,21.7330538183363
06/08/23 19:00:00.000,30079.1,18.28,34613.6661816505,21.7445996613578
06/08/23 19:10:00.000,30076.7,18.28,34610.9125705924,21.742688574449
06/08/23 19:20:00.000,30064.6,18.28,34597.0297653168,21.7330538183363
06/08/23 19:30:00.000,30040.3,18.28,34569.1493391829,21.7137062282387
06/08/23 19:40:00.000,30050,18.28,34580.2785758606,21.7214290924274
06/08/23 19:50:00.000,30069.4,18.28,34602.5369970897,21.7368758090227
06/08/23 20:00:00.000,30071.8,18.28,34605.2906113813,21.738786834609
06/08/23 20:10:00.000,30079.1,18.29,34606.0829532734,21.739336728723
06/08/23 20:20:00.000,30071.8,18.29,34597.7091744638,21.7335253202892
06/08/23 20:30:00.000,30101,18.3,34623.6183876211,21.7515069587055
06/08/23 20:40:00.000,30086.4,18.3,34606.8744606471,21.7398860453995
06/08/23 20:50:00.000,30084,18.29,34611.703703407,21.7432376417071
06/08/23 21:00:00.000,30064.6,18.29,34589.4500953358,21.7277937028481
06/08/23 21:10:00.000,30057.3,18.29,34581.0762970228,21.7219826648191
06/08/23 21:20:00.000,30086.4,18.29,34614.4567222671,21.7451483236137
06/08/23 21:30:00.000,30040.3,18.28,34569.1493391829,21.7137062282387
06/08/23 21:40:00.000,30086.4,18.28,34622.0417420858,21.7504126746193
06/08/23 21:50:00.000,30069.4,18.28,34602.5369970897,21.7368758090227
06/08/23 22:00:00.000,30069.4,18.28,34602.5369970897,21.7368758090227
06/08/23 22:10:00.000,30057.3,18.28,34588.6541755086,21.7272413621029
06/08/23 22:20:00.000,30069.4,18.29,34594.9561491491,21.7316147609861
06/08/23 22:30:00.000,30071.8,18.28,34605.2906113813,21.738786834609
06/08/23 22:40:00.000,30079.1,18.28,34613.6661816505,21.7445996613578
06/08/23 22:50:00.000,30084,18.28,34619.2881342605,21.7485015263929
06/08/23 23:00:00.000,30076.7,18.28,34610.9125705924,21.742688574449
06/08/23 23:10:00.000,30086.4,18.28,34622.0417420858,21.7504126746193
06/08/23 23:20:00.000,30064.6,18.29,34589.4500953358,21.7277937028481
06/08/23 23:30:00.000,30069.4,18.29,34594.9561491491,21.7316147609861
06/08/23 23:40:00.000,30064.6,18.29,34589.4500953358,21.7277937028481
06/08/23 23:50:00.000,30086.4,18.29,34614.4567222671,21.7451483236137
06/09/23 00:00:00.000,30071.8,18.3,34590.1304944889,21.7282658776381
06/09/23 00:10:00.000,30091.3,18.29,34620.077465813,21.7490493617454
06/09/23 00:20:00.000,30086.4,18.29,34614.4567222671,21.7451483236137
06/09/23 00:30:00.000,30079.1,18.29,34606.0829532734,21.739336728723
06/09/23 00:40:00.000,30069.4,18.3,34587.3780579446,21.7263557844336
06/09/23 00:50:00.000,30086.4,18.32,34591.71820673,21.7293677030414
06/09/23 01:00:00.000,30076.7,18.32,34580.5985518817,21.7216511370861
06/09/23 01:10:00.000,30069.4,18.32,34572.2301404737,21.7158440414801
06/09/23 01:20:00.000,30093.7,18.32,34600.0865954055,21.7351752324618
06/09/23 01:30:00.000,30079.1,18.3,34598.502482467,21.7340758683181
06/09/23 01:40:00.000,30098.6,18.29,34628.4512184064,21.7548612682153
06/09/23 01:50:00.000,30110.7,18.3,34634.7427558031,21.7592281146253
06/09/23 02:00:00.000,30093.7,18.29,34622.8304814469,21.7509601049463
06/09/23 02:10:00.000,30064.6,18.29,34589.4500953358,21.7277937028481
06/09/23 02:20:00.000,30086.4,18.29,34614.4567222671,21.7451483236137
06/09/23 02:30:00.000,30079.1,18.29,34606.0829532734,21.739336728723
06/09/23 02:40:00.000,30084,18.28,34619.2881342605,21.7485015263929
06/09/23 02:50:00.000,30062.1,18.28,34594.1614137505,21.7310632301292
06/09/23 03:00:00.000,30050,18.28,34580.2785758606,21.7214290924274
06/09/23 03:10:00.000,30069.4,18.27,34610.120603085,21.7421389296196
06/09/23 03:20:00.000,30079.1,18.27,34621.2521689171,21.7498646672992
06/09/23 03:30:00.000,30086.4,18.28,34622.0417420858,21.7504126746193
06/09/23 03:40:00.000,30091.3,18.29,34620.077465813,21.7490493617454
06/09/23 03:50:00.000,30093.7,18.28,34630.4172926893,21.7562258743783
06/09/23 04:00:00.000,30091.3,18.28,34627.6636880961,21.7543146648393
06/09/23 04:10:00.000,30086.4,18.28,34622.0417420858,21.7504126746193
06/09/23 04:20:00.000,30091.3,18.28,34627.6636880961,21.7543146648393
06/09/23 04:30:00.000,30079.1,18.28,34613.6661816505,21.7445996613578
06/09/23 04:40:00.000,30057.3,18.28,34588.6541755086,21.7272413621029
06/09/23 04:50:00.000,30101,18.29,34631.2042308146,21.7567720727054
06/09/23 05:00:00.000,30086.4,18.28,34622.0417420858,21.7504126746193
06/09/23 05:10:00.000,30071.8,18.28,34605.2906113813,21.738786834609
06/09/23 05:20:00.000,30069.4,18.27,34610.120603085,21.7421389296196
06/09/23 05:30:00.000,30108.3,18.27,34654.7615198476,21.7731235153332
06/09/23 05:40:00.000,30069.4,18.27,34610.120603085,21.7421389296196
06/09/23 05:50:00.000,30054.9,18.28,34585.9005547924,21.7253304583364
06/09/23 06:00:00.000,30079.1,18.28,34613.6661816505,21.7445996613578
06/09/23 06:10:00.000,30069.4,18.27,34610.120603085,21.7421389296196
06/09/23 06:20:00.000,30047.6,18.27,34585.1032060655,21.7247771337882
06/09/23 06:30:00.000,30054.9,18.28,34585.9005547924,21.7253304583364
06/09/23 06:40:00.000,30064.6,18.29,34589.4500953358,21.7277937028481
06/09/23 06:50:00.000,30069.4,18.29,34594.9561491491,21.7316147609861
06/09/23 07:00:00.000,30079.1,18.29,34606.0829532734,21.739336728723
06/09/23 07:10:00.000,30093.7,18.32,34600.0865954055,21.7351752324618
06/09/23 07:20:00.000,30137.5,18.38,34604.8189543221,21.7384595001688
06/09/23 07:30:00.000,30103.4,18.39,34558.216890129,21.7061202525639
06/09/23 07:40:00.000,30144.9,18.39,34605.7192366835,21.7390843051364
06/09/23 07:50:00.000,30142.4,18.4,34595.2892172236,21.7318459042475
06/09/23 08:00:00.000,30174.2,18.39,34639.2568507273,21.7623613364095
06/09/23 08:10:00.000,30157.1,18.39,34619.6837227872,21.7487760842892
06/09/23 08:20:00.000,30179,18.39,34644.7510525976,21.7661749236827
06/09/23 08:30:00.000,30186.4,18.4,34645.6420762282,21.7667934010378
06/09/23 08:40:00.000,30174.2,18.4,34631.6806366162,21.757102737463
06/09/23 08:50:00.000,30174.2,18.4,34631.6806366162,21.757102737463
06/09/23 09:00:00.000,30201,18.42,34647.1927233236,21.7678697414721
06/09/23 09:10:00.000,30174.2,18.42,34616.5364608394,21.7465917416187
06/09/23 09:20:00.000,30186.4,18.43,34622.9209964194,21.7510229276352
06/09/23 09:30:00.000,30193.7,18.43,34631.2696106523,21.756817451646
06/09/23 09:40:00.000,30208.4,18.44,34640.507610231,21.7632294953277
06/09/23 09:50:00.000,30171.7,18.43,34606.109374432,21.7393550653316
06/09/23 10:00:00.000,30181.5,18.45,34602.185875755,21.7366321301169
06/09/23 10:10:00.000,30188.8,18.45,34610.530933407,21.7424237086879
06/09/23 10:20:00.000,30193.7,18.47,34601.0061850467,21.735813424904
06/09/23 10:30:00.000,30208.4,18.48,34610.2408282437,21.7422223687103
06/09/23 10:40:00.000,30201,18.48,34601.7868933291,21.7363552359309
06/09/23 10:50:00.000,30203.5,18.49,34597.0843143745,21.7330916746935
06/09/23 11:00:00.000,30210.8,18.49,34605.4222251205,21.7388781758927
06/09/23 11:10:00.000,30183.9,18.49,34574.6975484695,21.7175562309822
06/09/23 11:20:00.000,30186.4,18.49,34577.553007087,21.7195377184282
06/09/23 11:30:00.000,30223.1,18.49,34619.4710123185,21.7486284527072
06/09/23 11:40:00.000,30166.8,18.51,34540.0750031242,21.6935324086181
06/09/23 11:50:00.000,30215.7,18.5,34603.4600310101,21.7375163980232
06/09/23 12:00:00.000,30193.7,18.51,34570.7866592836,21.7148423854339
06/09/23 12:10:00.000,30215.7,18.53,34580.7998700007,21.72179084024
06/09/23 12:20:00.000,30201,18.53,34564.0241476702,21.7101498405928
06/09/23 12:30:00.000,30225.5,18.53,34591.9836638147,21.7295519230961
06/09/23 12:40:00.000,30225.5,18.53,34591.9836638147,21.7295519230961
06/09/23 12:50:00.000,30225.5,18.53,34591.9836638147,21.7295519230961
06/09/23 13:00:00.000,30198.6,18.51,34576.3809620951,21.718724398918
06/09/23 13:10:00.000,30215.7,18.53,34580.7998700007,21.72179084024
06/09/23 13:20:00.000,30215.7,18.51,34595.9039040603,21.7322724866746
06/09/23 13:30:00.000,30208.4,18.54,34564.9229396516,21.7107735101376
06/09/23 13:40:00.000,29924.4,19.14,33797.1760739838,21.1788496286154
06/09/23 13:44:21.000,,,,